ca65 V2.17 - Git 59ab140
Main file   : ..\src\merc-0700-6fff.a65
Current file: ..\src\merc-0700-6fff.a65

000000r 1               ;
000000r 1               ; Code equates
000000r 1               ;
000000r 1               
000000r 1               MEM_PTR_LO_00			= $00
000000r 1               MEM_PTR_HI_01			= $01
000000r 1               
000000r 1               ZP_02				= $02
000000r 1               ZP_03				= $03
000000r 1               TMP_04				= $04
000000r 1               MUL_LO_06			= $06
000000r 1               MUL_HI_07			= $07
000000r 1               ZP_08				= $08
000000r 1               ZP_09				= $09
000000r 1               ZP_0A				= $0A
000000r 1               ZP_0B				= $0B
000000r 1               
000000r 1               ROLL_SIN_MUL_PITCH_SIN_LO_14	= $14
000000r 1               ROLL_SIN_MUL_PITCH_SIN_HI_15	= $15
000000r 1               POINT_LINE_COUNT_17		= $17
000000r 1               SCREEN_LINES_18			= $18
000000r 1               PTR_LO_19			= $19
000000r 1               PTR_HI_1A			= $1A
000000r 1               OBJ_SHAPE_PTR_LO_1B		= $1B
000000r 1               OBJ_SHAPE_PTR_HI_1C		= $1C
000000r 1               BENSON_PTR_LO_1D		= $1D
000000r 1               BENSON_PTR_HIGH_1E		= $1E
000000r 1               FOCUS_1F			= $1F
000000r 1               ZP_20				= $20
000000r 1               ZP_21				= $21
000000r 1               FLIP_SCREEN_22			= $22
000000r 1               GRAPH_MEM_HI_23			= $23
000000r 1               ZP_24				= $24
000000r 1               ZP_25				= $25
000000r 1               ROLL_LO_26			= $26
000000r 1               ROLL_HI_27			= $27
000000r 1               PITCH_LO_28			= $28
000000r 1               PITCH_HI_29			= $29
000000r 1               YAW_LO_2A			= $2A
000000r 1               YAW_HI_2B			= $2B
000000r 1               
000000r 1               SIN_ROLL_LO_2C 			= $2C
000000r 1               SIN_ROLL_HI_2D 			= $2D
000000r 1               COS_ROLL_LO_2E 			= $2E
000000r 1               COS_ROLL_HI_2F 			= $2F
000000r 1               
000000r 1               SIN_DIV_COS_ROLL_LO_30		= $30
000000r 1               SIN_DIV_COS_ROLL_HI_31		= $31
000000r 1               COS_DIV_SIN_ROLL_LO_32		= $32
000000r 1               COS_DIV_SIN_ROLL_HI_33		= $33
000000r 1               
000000r 1               SIN_PITCH_LO_34 		= $34
000000r 1               SIN_PITCH_HI_35 		= $35
000000r 1               COS_PITCH_LO_36			= $36
000000r 1               COS_PITCH_HI_37			= $37
000000r 1               SIN_DIV_COS_PITCH_LO_38		= $38
000000r 1               SIN_DIV_COS_PITCH_HI_39		= $39
000000r 1               SIN_YAW_LO_3A			= $3A
000000r 1               SIN_YAW_HI_3B			= $3B
000000r 1               COS_YAW_LO_3C			= $3C
000000r 1               COS_YAW_HI_3D			= $3D
000000r 1               
000000r 1               ROTATE_MX3_LO_3E		= $3E
000000r 1               ROTATE_MX3_HI_3F		= $3F
000000r 1               ROTATE_MY3_LO_40		= $40
000000r 1               ROTATE_MY3_HI_41		= $41
000000r 1               ROTATE_MZ3_LO_42		= $42
000000r 1               ROTATE_MZ3_HI_43		= $43
000000r 1               
000000r 1               ROTATE_MX2_LO_44		= $44
000000r 1               ROTATE_MX2_HI_45		= $45
000000r 1               ROTATE_MY2_LO_46		= $46
000000r 1               ROTATE_MY2_HI_47		= $47
000000r 1               ROTATE_MZ2_LO_48		= $48
000000r 1               ROTATE_MZ2_HI_49		= $49
000000r 1               
000000r 1               ROTATE_MX1_LO_4A		= $4A
000000r 1               ROTATE_MX1_HI_4B		= $4B
000000r 1               ROTATE_MY1_LO_4C		= $4C
000000r 1               ROTATE_MY1_HI_4D		= $4D
000000r 1               ROTATE_MZ1_LO_4E		= $4E
000000r 1               ROTATE_MZ1_HI_4F		= $4F
000000r 1               
000000r 1               PNT_X_LO_50			= $50
000000r 1               PNT_X_HI_51			= $51
000000r 1               PNT_Y_LO_52			= $52
000000r 1               PNT_Y_HI_53			= $53
000000r 1               PNT_Z_LO_54			= $54
000000r 1               PNT_Z_HI_55			= $55
000000r 1               X_ROTATION_LO_56		= $56
000000r 1               X_ROTATION_HI_57		= $57
000000r 1               Y_ROTATION_LO_58		= $58
000000r 1               Y_ROTATION_HI_59		= $59
000000r 1               Z_ROTATION_LO_5A		= $5A
000000r 1               Z_ROTATION_HI_5B		= $5B
000000r 1               H_PERS_FP_LO_ST_5C		= $5C
000000r 1               H_PERS_FP_HI_ST_5D		= $5D
000000r 1               V_PERS_FP_LO_ST_5E		= $5E
000000r 1               V_PERS_FP_HI_ST_5F		= $5F
000000r 1               
000000r 1               H_PERS_FP_LO_EN_60		= $60
000000r 1               H_PERS_FP_HI_EN_61		= $61
000000r 1               V_PERS_FP_LO_EN_62		= $62
000000r 1               V_PERS_FP_HI_EN_63		= $63
000000r 1               LINE_FRACTION_64		= $64
000000r 1               LINE_TYPE_POINTER_65		= $65
000000r 1               LINE_START_HOR_68		= $68
000000r 1               LINE_START_VER_69		= $69
000000r 1               PERS_HOR_6A			= $6A
000000r 1               PERS_VER_6B			= $6B
000000r 1               POINT_CLASSIFY_ST_6C		= $6C
000000r 1               POINT_CLASSIFY_EN_6D		= $6D
000000r 1               LINE_CNT_6F			= $6F
000000r 1               
000000r 1               ZP_6E				= $6E
000000r 1               
000000r 1               CUR_X_LSB_70			= $70
000000r 1               CUR_X_MSB_71			= $71
000000r 1               CUR_X_HSB_72			= $72
000000r 1               CUR_Y_LSB_73			= $73
000000r 1               CUR_Y_MSB_74			= $74
000000r 1               CUR_Y_HSB_75			= $75
000000r 1               CUR_Z_LSB_76			= $76
000000r 1               CUR_Z_MSB_77			= $77
000000r 1               CUR_Z_HSB_78			= $78
000000r 1               
000000r 1               SLOPE_FRACTION_79		= $79
000000r 1               SLOPE_WHOLE_7A			= $7A
000000r 1               MINUS_COTA_ROLL_7B		= $7B
000000r 1               L007D				= $7D
000000r 1               JOYA_7E				= $7E
000000r 1               FIRE_7F				= $7F
000000r 1               
000000r 1               LINE_COLOR0_80			= $80
000000r 1               LINE_COLOR1_81			= $81
000000r 1               
000000r 1               COLPF0S_A2       		= $A2
000000r 1               COLPF1S_A3       		= $A3
000000r 1               COLPF2S_A4       		= $A4
000000r 1               
000000r 1               PLANET_UNDERGROUND_A6		= $A6
000000r 1               CRAFT_ID_WALKING_A7     	= $A7
000000r 1               
000000r 1               CHUNK_PTR_LO_B0			= $B0
000000r 1               CHUNK_PTR_HI_B1			= $B1
000000r 1               GROUND_STRUC_OBJ_TO_DRAW_B5	= $B5
000000r 1               
000000r 1               LIFT_UP_DOWN_CA			= $CA
000000r 1               
000000r 1               
000000r 1               TIMER_LSB_E2      	= $E2
000000r 1               TIMER_MSB_E3      	= $E3
000000r 1               TIMER_HSB_E4      	= $E4
000000r 1               
000000r 1               RANDOM_E8		= $E8
000000r 1               NEW_KEY_L00E9       	= $E9
000000r 1               LAST_KEY_L00EA       	= $EA
000000r 1               
000000r 1               SPECIAL_VIEW_FLAG_F1	= $F1
000000r 1               
000000r 1               L2407			= $2407
000000r 1               L2422			= $2422
000000r 1               L24AE			= $24AE
000000r 1               
000000r 1               L25EA			= $25EA
000000r 1               L25FE			= $25FE
000000r 1               L25CA			= $25CA
000000r 1               L25DE			= $25DE
000000r 1               L2524			= $2524
000000r 1               L25F9			= $25F9
000000r 1               
000000r 1               
000000r 1               L0082       = $0082
000000r 1               L0083       = $0083
000000r 1               L0084       = $0084
000000r 1               L0085       = $0085
000000r 1               L0086       = $0086
000000r 1               L0087       = $0087
000000r 1               L0088       = $0088
000000r 1               L0089       = $0089
000000r 1               L008A       = $008A
000000r 1               L008B       = $008B
000000r 1               L008C       = $008C
000000r 1               L008D       = $008D
000000r 1               L008E       = $008E
000000r 1               L008F       = $008F
000000r 1               L0090       = $0090
000000r 1               L0091       = $0091
000000r 1               L0092       = $0092
000000r 1               L0093       = $0093
000000r 1               L0094       = $0094
000000r 1               L0095       = $0095
000000r 1               L0096       = $0096
000000r 1               L0097       = $0097
000000r 1               L0098       = $0098
000000r 1               L0099       = $0099
000000r 1               L009A       = $009A
000000r 1               L009B       = $009B
000000r 1               L009C       = $009C
000000r 1               NUM_ROT_POINTS_L009D       = $009D
000000r 1               L009E       = $009E
000000r 1               L009F       = $009F
000000r 1               L00A0       = $00A0
000000r 1               COLBAKS_A1       = $00A1
000000r 1               
000000r 1               L00A5       = $00A5
000000r 1               
000000r 1               L00A8       = $00A8
000000r 1               L00A9       = $00A9
000000r 1               YAW_WALK_AA       = $00AA
000000r 1               L00AB       = $00AB
000000r 1               WALL_COLLISION_AC       = $00AC
000000r 1               OBJECT_NUMBER_AD       = $00AD
000000r 1               L00AE       = $00AE
000000r 1               L00AF       = $00AF
000000r 1               NUM_OBJS_TO_DRAW_B0       = $00B0
000000r 1               L00B1       = $00B1
000000r 1               CHUNK_CNT_B2       = $B2
000000r 1               CHUNK_LEN_B3       = $B3
000000r 1               L00B4       = $00B4
000000r 1               
000000r 1               L00B6       = $00B6
000000r 1               L00B7       = $00B7
000000r 1               L00B8       = $00B8
000000r 1               L00B9       = $00B9
000000r 1               L00BA       = $00BA
000000r 1               L00BC       = $00BC
000000r 1               L00BD       = $00BD
000000r 1               L00BE       = $00BE
000000r 1               L00BF       = $00BF
000000r 1               BACKGND_COLOR_C0       = $00C0
000000r 1               OBJECT_COLOR_c1       = $00C1
000000r 1               ROOM_COLOR_C2       = $00C2
000000r 1               LINE_COLOR_C3       = $00C3
000000r 1               COLBAK_SAVE_C4       = $00C4
000000r 1               COLPF1_SAVE_C5       = $00C5
000000r 1               COLPF2_SAVE_C6       = $00C6
000000r 1               COLPF3_SAVE_C7       = $00C7
000000r 1               room_change_L00C8       = $00C8
000000r 1               LIFT_DLI_LINE_C9       = $00C9
000000r 1               L00CB       = $00CB
000000r 1               L00CC       = $00CC
000000r 1               ROOM_NO_CD       = $00CD
000000r 1               L00CE       = $00CE
000000r 1               L00CF       = $00CF
000000r 1               L00D0       = $00D0
000000r 1               L00D1       = $00D1
000000r 1               L00D2       = $00D2
000000r 1               L00D3       = $00D3
000000r 1               L00D4       = $00D4
000000r 1               DIF_X_LSB_D5       = $00D5
000000r 1               DIF_X_MSB_D6       = $00D6
000000r 1               DIF_X_HSB_D7       = $00D7
000000r 1               DIF_Y_LSB_D8       = $00D8
000000r 1               DIF_Y_MSB_D9       = $00D9
000000r 1               DIF_Y_HSB_DA       = $00DA
000000r 1               DIF_Z_LSB_DB       = $00DB
000000r 1               DIF_Z_MSB_DC       = $00DC
000000r 1               DIF_Z_HSB_DD       = $00DD
000000r 1               MSG_CHUNK_CNT_DE       = $00DE
000000r 1               CHAR_CNT_DF       = $00DF
000000r 1               JIFY_CNT_E0       = $00E0
000000r 1               JIFY_MAX_E1       = $00E1
000000r 1               BENSON_STACK_PTR_E5       = $00E5
000000r 1               MESSAGE_PENDING_E6       = $00E6
000000r 1               L00E7       = $00E7
000000r 1               
000000r 1               
000000r 1               NUM_INVENTORY_ITEMS_EB       = $00EB
000000r 1               SPEED_FP_EC       = $00EC
000000r 1               SPEED_FP_ED       = $00ED
000000r 1               L00EE       = $00EE
000000r 1               L00EF       = $00EF
000000r 1               L00F0       = $00F0
000000r 1               L00F2       = $00F2
000000r 1               CRUMBLE_CNT_F3       = $00F3
000000r 1               CRUMBLE_POS_F4       = $00F4
000000r 1               SOUND_F5       = $00F5
000000r 1               MESSAGE_TO_SEND_F6       = $00F6
000000r 1               ONLY_ONCE_F7       = $00F7
000000r 1               CRASH_F8       = $00F8
000000r 1               AT_COLONY_CRAFT_00F9       = $00F9
000000r 1               L00FA       = $00FA
000000r 1               TEXT_FILL_BYTE_FB       = $00FB
000000r 1               L00FC       = $00FC
000000r 1               L00FE       = $00FE
000000r 1               L00FF       = $00FF
000000r 1               L0100       = $0100
000000r 1               L0102       = $0102
000000r 1               L0107       = $0107
000000r 1               L0109       = $0109
000000r 1               L010B       = $010B
000000r 1               L010C       = $010C
000000r 1               L0111       = $0111
000000r 1               L0119       = $0119
000000r 1               L0129       = $0129
000000r 1               L0140       = $0140
000000r 1               L0142       = $0142
000000r 1               L0169       = $0169
000000r 1               L0180       = $0180
000000r 1               L01BC       = $01BC
000000r 1               L01BD       = $01BD
000000r 1               L01BE       = $01BE
000000r 1               L01BF       = $01BF
000000r 1               L0409       = $0409
000000r 1               L0430       = $0430
000000r 1               L0509       = $0509
000000r 1               L0513       = $0513
000000r 1               L05B7       = $05B7
000000r 1               L05E0       = $05E0
000000r 1               L05E1       = $05E1
000000r 1               L05E2       = $05E2
000000r 1               L05E3       = $05E3
000000r 1               L0600       = $0600
000000r 1               L0620       = $0620
000000r 1               L0660       = $0660
000000r 1               L7048       = $7048
000000r 1               L706E       = $706E
000000r 1               L7080       = $7080
000000r 1               L708A       = $708A
000000r 1               L7090       = $7090
000000r 1               L70A0       = $70A0
000000r 1               L70A8       = $70A8
000000r 1               L70B0       = $70B0
000000r 1               L70B8       = $70B8
000000r 1               L70C0       = $70C0
000000r 1               L70C8       = $70C8
000000r 1               L70D0       = $70D0
000000r 1               L70D8       = $70D8
000000r 1               L70E0       = $70E0
000000r 1               L70E8       = $70E8
000000r 1               L70F0       = $70F0
000000r 1               L7206       = $7206
000000r 1               L7268       = $7268
000000r 1               L726E       = $726E
000000r 1               L7270       = $7270
000000r 1               L7272       = $7272
000000r 1               L72D8       = $72D8
000000r 1               L72D9       = $72D9
000000r 1               L72E0       = $72E0
000000r 1               L72E7       = $72E7
000000r 1               L72E8       = $72E8
000000r 1               L72F0       = $72F0
000000r 1               L72F8       = $72F8
000000r 1               L7300       = $7300
000000r 1               SHIP_DATA_L73C0       = $73C0
000000r 1               L73C2       = $73C2
000000r 1               L73C3       = $73C3
000000r 1               L73C4       = $73C4
000000r 1               L73C5       = $73C5
000000r 1               L73C6       = $73C6
000000r 1               L73C7       = $73C7
000000r 1               L73C8       = $73C8
000000r 1               L73C9       = $73C9
000000r 1               L73CA       = $73CA
000000r 1               L73CB       = $73CB
000000r 1               L73CD       = $73CD
000000r 1               L73CE       = $73CE
000000r 1               L73CF       = $73CF
000000r 1               L73D0       = $73D0
000000r 1               L73D1       = $73D1
000000r 1               L73DF       = $73DF
000000r 1               L73E0       = $73E0
000000r 1               L73E1       = $73E1
000000r 1               L73E2       = $73E2
000000r 1               L73E3       = $73E3
000000r 1               L73E4       = $73E4
000000r 1               L73E5       = $73E5
000000r 1               L73EB       = $73EB
000000r 1               L73EC       = $73EC
000000r 1               L73ED       = $73ED
000000r 1               L73EE       = $73EE
000000r 1               L73EF       = $73EF
000000r 1               L73F0       = $73F0
000000r 1               L73F1       = $73F1
000000r 1               L73FF       = $73FF
000000r 1               L7477       = $7477
000000r 1               L785E       = $785E
000000r 1               L78CB       = $78CB
000000r 1               L7973       = $7973
000000r 1               L797A       = $797A
000000r 1               L7A7D       = $7A7D
000000r 1               L7B37	    = $7B37
000000r 1               L7B7A       = $7B7A
000000r 1               L7BCD       = $7BCD
000000r 1               L7DA0       = $7DA0
000000r 1               L7DE0       = $7DE0
000000r 1               L7E20       = $7E20
000000r 1               L7F10       = $7F10
000000r 1               L7F77       = $7F77
000000r 1               L7F7E       = $7F7E
000000r 1               L8000       = $8000
000000r 1               L8010       = $8010
000000r 1               L8013       = $8013
000000r 1               L8110       = $8110
000000r 1               L8180       = $8180
000000r 1               L8210       = $8210
000000r 1               L8270       = $8270
000000r 1               L82F6       = $82F6
000000r 1               L8310       = $8310
000000r 1               L8410       = $8410
000000r 1               L847A       = $847A
000000r 1               L84C4       = $84C4
000000r 1               L8510       = $8510
000000r 1               L854F       = $854F
000000r 1               L8610       = $8610
000000r 1               L8674       = $8674
000000r 1               L8710       = $8710
000000r 1               L8793       = $8793
000000r 1               L8800       = $8800
000000r 1               L8803       = $8803
000000r 1               L8810       = $8810
000000r 1               L8820       = $8820
000000r 1               L8910       = $8910
000000r 1               L8A10       = $8A10
000000r 1               L8A94       = $8A94
000000r 1               L8B10       = $8B10
000000r 1               L8BFA       = $8BFA
000000r 1               L8C10       = $8C10
000000r 1               L8D10       = $8D10
000000r 1               L8D20       = $8D20
000000r 1               L8E0E       = $8E0E
000000r 1               L8E10       = $8E10
000000r 1               L8E8D       = $8E8D
000000r 1               L8F10       = $8F10
000000r 1               L9010       = $9010
000000r 1               L904B       = $904B
000000r 1               L907E       = $907E
000000r 1               L9110       = $9110
000000r 1               L918F       = $918F
000000r 1               L9210       = $9210
000000r 1               L92FF       = $92FF
000000r 1               L9300       = $9300
000000r 1               L9310       = $9310
000000r 1               L9410       = $9410
000000r 1               L9487       = $9487
000000r 1               L950E       = $950E
000000r 1               L9510       = $9510
000000r 1               L9610       = $9610
000000r 1               L96D0       = $96D0
000000r 1               L978E       = $978E
000000r 1               L978F       = $978F
000000r 1               L97D0       = $97D0
000000r 1               L97D2       = $97D2
000000r 1               L97D3       = $97D3
000000r 1               L97D4       = $97D4
000000r 1               L980C       = $980C
000000r 1               L9812       = $9812
000000r 1               L9842       = $9842
000000r 1               L9843       = $9843
000000r 1               L9844       = $9844
000000r 1               L9845       = $9845
000000r 1               L9878       = $9878
000000r 1               L988E       = $988E
000000r 1               L98C2       = $98C2
000000r 1               L98C4       = $98C4
000000r 1               L98CB       = $98CB
000000r 1               L98CF       = $98CF
000000r 1               L98E5       = $98E5
000000r 1               L9928       = $9928
000000r 1               L995C       = $995C
000000r 1               L9999       = $9999
000000r 1               L9A32       = $9A32
000000r 1               L9A81       = $9A81
000000r 1               L9AB5       = $9AB5
000000r 1               L9B9A       = $9B9A
000000r 1               X_ROT_TAB_LO_L9C00       = $9C00
000000r 1               X_ROT_TAB_HI_L9C40       = $9C40
000000r 1               Y_ROT_TAB_LO_L9C80       = $9C80
000000r 1               Y_ROT_TAB_HI_L9CC0       = $9CC0
000000r 1               Z_ROT_TAB_LO_L9D00       = $9D00
000000r 1               Z_ROT_TAB_HI_L9D40       = $9D40
000000r 1               H_PERS_FP_HI_L9D80       = $9D80
000000r 1               H_PERS_FP_LO_L9DC0       = $9DC0
000000r 1               V_PERS_FP_LO_L9E00       = $9E00
000000r 1               V_PERS_FP_HI_L9E40       = $9E40
000000r 1               HOR_SCREEN_POS_9E80       = $9E80
000000r 1               L9E85       = $9E85
000000r 1               VER_SCREEN_POS_9EC0       = $9EC0
000000r 1               POINT_CLASS_L9F00       = $9F00
000000r 1               L9F1E       = $9F1E
000000r 1               GROUND_STRUCTURE_X_HSB_9F40       = $9F40
000000r 1               GROUND_STRUCTURE_Y_HSB_9F80       = $9F80
000000r 1               L9F9E       = $9F9E
000000r 1               GROUND_STRUCTURE_Z_HSB_9FC0       = $9FC0
000000r 1               L9FD0       = $9FD0
000000r 1               LA024       = $A024
000000r 1               LA03C       = $A03C
000000r 1               LA09C       = $A09C
000000r 1               LA09F       = $A09F
000000r 1               LA182       = $A182
000000r 1               LA1BE       = $A1BE
000000r 1               LA2C4       = $A2C4
000000r 1               LA2E2       = $A2E2
000000r 1               LA3A0       = $A3A0
000000r 1               LA3AD       = $A3AD
000000r 1               LA3DC       = $A3DC
000000r 1               LA43A       = $A43A
000000r 1               LA5E8       = $A5E8
000000r 1               LA6DE       = $A6DE
000000r 1               LA7AD       = $A7AD
000000r 1               LA7E4       = $A7E4
000000r 1               LA8B7       = $A8B7
000000r 1               LAAAA       = $AAAA
000000r 1               LAB61       = $AB61
000000r 1               LADA2       = $ADA2
000000r 1               LADA3       = $ADA3
000000r 1               LADA9       = $ADA9
000000r 1               LADD3       = $ADD3
000000r 1               LAE7E       = $AE7E
000000r 1               LAEAD       = $AEAD
000000r 1               LAFAD       = $AFAD
000000r 1               LB0A2       = $B0A2
000000r 1               LB0AE       = $B0AE
000000r 1               LB0B0       = $B0B0
000000r 1               LB182       = $B182
000000r 1               LB1F8       = $B1F8
000000r 1               LB5A4       = $B5A4
000000r 1               LB6A1       = $B6A1
000000r 1               LB6DC       = $B6DC
000000r 1               LB78A       = $B78A
000000r 1               LB7A0       = $B7A0
000000r 1               LB800       = $B800
000000r 1               LB85D       = $B85D
000000r 1               LB8A4       = $B8A4
000000r 1               LB921       = $B921
000000r 1               LB9AB       = $B9AB
000000r 1               ;LB9CHUNK_LEN_B3       = $B9CHUNK_LEN_B3
000000r 1               LB9B9       = $B9B9
000000r 1               LBAB9       = $BAB9
000000r 1               LBBA3       = $BBA3
000000r 1               LBCA4       = $BCA4
000000r 1               LBCBA       = $BCBA
000000r 1               LBDBD       = $BDBD
000000r 1               LBE0C       = $BE0C
000000r 1               LBEBD       = $BEBD
000000r 1               LBF6A       = $BF6A
000000r 1               LBFBE       = $BFBE
000000r 1               LC000       = $C000
000000r 1               LC0BE       = $C0BE
000000r 1               LC103       = $C103
000000r 1               LC126       = $C126
000000r 1               LC1BA       = $C1BA
000000r 1               LC298       = $C298
000000r 1               LC547       = $C547
000000r 1               LC548       = $C548
000000r 1               LC7BB       = $C7BB
000000r 1               LC9C4       = $C9C4
000000r 1               LCA9C       = $CA9C
000000r 1               LCAC4       = $CAC4
000000r 1               LCBCB       = $CBCB
000000r 1               LCBCC       = $CBCC
000000r 1               LCCCB       = $CCCB
000000r 1               LCCCC       = $CCCC
000000r 1               LCDB8       = $CDB8
000000r 1               LCDCD       = $CDCD
000000r 1               LCE49       = $CE49
000000r 1               LCE78       = $CE78
000000r 1               LCECD       = $CECD
000000r 1               LCECE       = $CECE
000000r 1               LCF6E       = $CF6E
000000r 1               LCFCE       = $CFCE
000000r 1               LCFCF       = $CFCF
000000r 1               LD028       = $D028
000000r 1               LD0C6       = $D0C6
000000r 1               LD0CD       = $D0CD
000000r 1               LD0CE       = $D0CE
000000r 1               LD241       = $D241
000000r 1               LD32B       = $D32B
000000r 1               LD503       = $D503
000000r 1               LD508       = $D508
000000r 1               LD54F       = $D54F
000000r 1               LD63F       = $D63F
000000r 1               LD745       = $D745
000000r 1               LD74F       = $D74F
000000r 1               LD920       = $D920
000000r 1               LD941       = $D941
000000r 1               LDACC       = $DACC
000000r 1               LDBDA       = $DBDA
000000r 1               LDC14       = $DC14
000000r 1               LDCAE       = $DCAE
000000r 1               LDCCA       = $DCCA
000000r 1               LDCDB       = $DCDB
000000r 1               LDD22       = $DD22
000000r 1               LDE22       = $DE22
000000r 1               LDE97       = $DE97
000000r 1               LDEAC       = $DEAC
000000r 1               LDEC9       = $DEC9
000000r 1               LDEDC       = $DEDC
000000r 1               LDFDE       = $DFDE
000000r 1               LE010       = $E010
000000r 1               LE042       = $E042
000000r 1               LE0DE       = $E0DE
000000r 1               LE110       = $E110
000000r 1               LE210       = $E210
000000r 1               LE310       = $E310
000000r 1               LE410       = $E410
000000r 1               LE510       = $E510
000000r 1               LE610       = $E610
000000r 1               LE62D       = $E62D
000000r 1               LE6D9       = $E6D9
000000r 1               LE700       = $E700
000000r 1               LE710       = $E710
000000r 1               LE800       = $E800
000000r 1               LE810       = $E810
000000r 1               LE900       = $E900
000000r 1               LE910       = $E910
000000r 1               LEA10       = $EA10
000000r 1               LEB01       = $EB01
000000r 1               LEB10       = $EB10
000000r 1               LEBC2       = $EBC2
000000r 1               LEC01       = $EC01
000000r 1               LEC10       = $EC10
000000r 1               LEC1E       = $EC1E
000000r 1               LECEC       = $ECEC
000000r 1               LED00       = $ED00
000000r 1               LED10       = $ED10
000000r 1               LEE01       = $EE01
000000r 1               LEE10       = $EE10
000000r 1               LEEED       = $EEED
000000r 1               LEF01       = $EF01
000000r 1               LEF10       = $EF10
000000r 1               LEFDE       = $EFDE
000000r 1               LF010       = $F010
000000r 1               LF01E       = $F01E
000000r 1               LF0EC       = $F0EC
000000r 1               LF0EF       = $F0EF
000000r 1               LF110       = $F110
000000r 1               LF210       = $F210
000000r 1               LF30A       = $F30A
000000r 1               LF310       = $F310
000000r 1               LF331       = $F331
000000r 1               LF410       = $F410
000000r 1               LF430       = $F430
000000r 1               LF510       = $F510
000000r 1               LF610       = $F610
000000r 1               LF6D0       = $F6D0
000000r 1               LF800       = $F800
000000r 1               LF90D       = $F90D
000000r 1               LF93C       = $F93C
000000r 1               LFAF9       = $FAF9
000000r 1               LFCEF       = $FCEF
000000r 1               LFCFA       = $FCFA
000000r 1               LFDEF       = $FDEF
000000r 1               LFDFD       = $FDFD
000000r 1               LFEEC       = $FEEC
000000r 1               LFEFE       = $FEFE
000000r 1               LFF00       = $FF00
000000r 1               LFF23       = $FF23
000000r 1               LFFB7       = $FFB7
000000r 1               LFFB8       = $FFB8
000000r 1               LFFD0       = $FFD0
000000r 1               LFFFA       = $FFFA
000000r 1               LFFFB       = $FFFB
000000r 1               LFFFE       = $FFFE
000000r 1               LFFFF       = $FFFF
000000r 1               L0F00		= $0F00
000000r 1               L07A2		= $07A2
000000r 1               L140B		= $140B
000000r 1               L0F0E		= $0F0E
000000r 1               L0E0E		= $0E0E
000000r 1               L0D0B		= $0D0B
000000r 1               L1001		= $1001
000000r 1               L1211		= $1211
000000r 1               L129C		= $129C
000000r 1               L0C11		= $0C11
000000r 1               L0E13		= $0E13
000000r 1               L0E0A		= $0E0A
000000r 1               L0C0F		= $0C0F
000000r 1               L0E0F		= $0E0F
000000r 1               L1501		= $1501
000000r 1               L1511		= $1511
000000r 1               L1A1A		= $1A1A
000000r 1               L1919		= $1919
000000r 1               L1D44		= $1D44
000000r 1               L1D41		= $1D41
000000r 1               L1D24		= $1D24
000000r 1               L1D1C		= $1D1C
000000r 1               L1D3E		= $1D3E
000000r 1               L1D1B		= $1D1B
000000r 1               L1D1E		= $1D1E
000000r 1               L1D13		= $1D13
000000r 1               L1DC3		= $1DC3
000000r 1               L1DC2		= $1DC2
000000r 1               L1DBF		= $1DBF
000000r 1               L1DD0		= $1DD0
000000r 1               L1DE5		= $1DE5
000000r 1               L1EC0		= $1EC0
000000r 1               L1EBE		= $1EBE
000000r 1               L1F2E		= $1F2E
000000r 1               L1F63		= $1F63
000000r 1               L1EE0		= $1EE0
000000r 1               L1F1E		= $1F1E
000000r 1               L1F1F		= $1F1F
000000r 1               L2082		= $2082
000000r 1               L2086		= $2086
000000r 1               L208E		= $208E
000000r 1               L2002		= $2002
000000r 1               L201F		= $201F
000000r 1               L2028		= $2028
000000r 1               L2045		= $2045
000000r 1               L2020		= $2020
000000r 1               L2059		= $2059
000000r 1               L2008		= $2008
000000r 1               L200C		= $200C
000000r 1               L2006		= $2006
000000r 1               L2001		= $2001
000000r 1               L2004		= $2004
000000r 1               ;
000000r 1                           .include "merc-0700-6fff.inc"
000000r 2               ;
000000r 2               ; System Equates
000000r 2               ;
000000r 2               ICHID       = $0000
000000r 2               ICDNO       = $0001
000000r 2               ICCOM       = $0002
000000r 2               ICSTA       = $0003
000000r 2               ICBAL       = $0004
000000r 2               ICBAH       = $0005
000000r 2               ICPTL       = $0006
000000r 2               ICPTH       = $0007
000000r 2               ICBLL       = $0008
000000r 2               ICBLH       = $0009
000000r 2               ICAX1       = $000A
000000r 2               ICAX2       = $000B
000000r 2               ICAX3       = $000C
000000r 2               ICAX4       = $000D
000000r 2               ICAX5       = $000E
000000r 2               ICAX6       = $000F
000000r 2               ADLI        = $0080
000000r 2               AVB         = $0040
000000r 2               ALMS        = $0040
000000r 2               AVSCR       = $0020
000000r 2               AHSCR       = $0010
000000r 2               AJMP        = $0001
000000r 2               AEMPTY1     = $0000
000000r 2               AEMPTY2     = $0010
000000r 2               AEMPTY3     = $0020
000000r 2               AEMPTY4     = $0030
000000r 2               AEMPTY5     = $0040
000000r 2               AEMPTY6     = $0050
000000r 2               AEMPTY7     = $0060
000000r 2               AEMPTY8     = $0070
000000r 2               NGFLAG      = $0001
000000r 2               CASINI      = $0002
000000r 2               RAMLO       = $0004
000000r 2               TRAMSZ      = $0006
000000r 2               CMCMD       = $0007
000000r 2               WARMST      = $0008
000000r 2               BOOT        = $0009
000000r 2               DOSVEC      = $000A
000000r 2               DOSINI      = $000C
000000r 2               APPMHI      = $000E
000000r 2               POKMSK      = $0010
000000r 2               BRKKEY      = $0011
000000r 2               RTCLOK      = $0012
000000r 2               BUFADR      = $0015
000000r 2               ICCOMT      = $0017
000000r 2               DSKFMS      = $0018
000000r 2               DSKUTL      = $001A
000000r 2               ABUFPT      = $001C
000000r 2               ICHIDZ      = $0020
000000r 2               ICDNOZ      = $0021
000000r 2               ICCOMZ      = $0022
000000r 2               ICSTAZ      = $0023
000000r 2               ICBALZ      = $0024
000000r 2               ICBAHZ      = $0025
000000r 2               ICPTLZ      = $0026
000000r 2               ICPTHZ      = $0027
000000r 2               ICBLLZ      = $0028
000000r 2               ICBLHZ      = $0029
000000r 2               ICAX1Z      = $002A
000000r 2               ICAX2Z      = $002B
000000r 2               ICAX3Z      = $002C
000000r 2               ICAX4Z      = $002D
000000r 2               ICAX5Z      = $002E
000000r 2               ICAX6Z      = $002F
000000r 2               STATUS      = $0030
000000r 2               CHKSUM      = $0031
000000r 2               BUFRLO      = $0032
000000r 2               BUFRHI      = $0033
000000r 2               BFENLO      = $0034
000000r 2               BFENHI      = $0035
000000r 2               LTEMP       = $0036
000000r 2               BUFRFL      = $0038
000000r 2               RECVDN      = $0039
000000r 2               XMTDON      = $003A
000000r 2               CHKSNT      = $003B
000000r 2               NOCKSM      = $003C
000000r 2               BPTR        = $003D
000000r 2               FTYPE       = $003E
000000r 2               FEOF        = $003F
000000r 2               FREQ        = $0040
000000r 2               SOUNDR      = $0041
000000r 2               CRITIC      = $0042
000000r 2               FMSZPG      = $0043
000000r 2               ZCHAIN      = $004A
000000r 2               DSTAT       = $004C
000000r 2               ATRACT      = $004D
000000r 2               DRKMSK      = $004E
000000r 2               COLRSH      = $004F
000000r 2               TEMPCHR     = $0050
000000r 2               HOLD1       = $0051
000000r 2               LMARGN      = $0052
000000r 2               RMARGN      = $0053
000000r 2               ROWCRS      = $0054
000000r 2               COLCRS      = $0055
000000r 2               DINDEX      = $0057
000000r 2               SAVMSC      = $0058
000000r 2               OLDROW      = $005A
000000r 2               OLDCOL      = $005B
000000r 2               OLDCHR      = $005D
000000r 2               OLDADR      = $005E
000000r 2               FKDEF       = $0060
000000r 2               PALNTS      = $0062
000000r 2               LOGCOL      = $0063
000000r 2               ADRESS      = $0064
000000r 2               MLTTMP      = $0066
000000r 2               SAVADR      = $0068
000000r 2               RAMTOP      = $006A
000000r 2               BUFCNT      = $006B
000000r 2               BUFSTR      = $006C
000000r 2               BITMSK      = $006E
000000r 2               SHFAMT      = $006F
000000r 2               ROWAC       = $0070
000000r 2               COLAC       = $0072
000000r 2               ENDPT       = $0074
000000r 2               DELTAR      = $0076
000000r 2               DELTAC      = $0077
000000r 2               KEYDEF      = $0079
000000r 2               SWPFLG      = $007B
000000r 2               INSDAT      = $007D
000000r 2               COUNTR      = $007E
000000r 2               LOMEM       = $0080
000000r 2               VDSLST      = $0200
000000r 2               VPRCED      = $0202
000000r 2               VKEYBD      = $0208
000000r 2               CDTMV4      = $021E
000000r 2               CDTMV5      = $0220
000000r 2               VVBLKI      = $0222
000000r 2               COLDST      = $0244
000000r 2               ROWINC      = $02F8
000000r 2               DDEVIC      = $0300
000000r 2               DBUFLO      = $0304
000000r 2               DAUX1       = $030A
000000r 2               DAUX2       = $030B
000000r 2               HATABS      = $031A
000000r 2               BASICF      = $03F8
000000r 2               MINTLK      = $03F9
000000r 2               GINTLK      = $03FA
000000r 2               M0PF        = $D000
000000r 2               HPOSP0      = $D000
000000r 2               P0PF        = $D004
000000r 2               HPOSM0      = $D004
000000r 2               P1PF        = $D005
000000r 2               P1PL        = $D00D
000000r 2               TRIG0       = $D010
000000r 2               TRIG2       = $D012
000000r 2               COLPM0      = $D012
000000r 2               TRIG3       = $D013
000000r 2               COLPM1      = $D013
000000r 2               PAL         = $D014
000000r 2               COLPM2      = $D014
000000r 2               COLPM3      = $D015
000000r 2               COLPF0      = $D016
000000r 2               COLPF1      = $D017
000000r 2               COLPF2      = $D018
000000r 2               COLPF3      = $D019
000000r 2               COLBK       = $D01A
000000r 2               PRIOR       = $D01B
000000r 2               GRACTL      = $D01D
000000r 2               POT0        = $D200
000000r 2               AUDF1       = $D200
000000r 2               POT1        = $D201
000000r 2               AUDC1       = $D201
000000r 2               POT2        = $D202
000000r 2               AUDF2       = $D202
000000r 2               POT3        = $D203
000000r 2               AUDC2       = $D203
000000r 2               POT4        = $D204
000000r 2               AUDF3       = $D204
000000r 2               POT5        = $D205
000000r 2               AUDC3       = $D205
000000r 2               POT6        = $D206
000000r 2               AUDF4       = $D206
000000r 2               POT7        = $D207
000000r 2               AUDC4       = $D207
000000r 2               ALLPOT      = $D208
000000r 2               AUDCTL      = $D208
000000r 2               KBCODE      = $D209
000000r 2               RANDOM      = $D20A
000000r 2               SKSTAT      = $D20F
000000r 2               SKCTL       = $D20F
000000r 2               PORTA       = $D300
000000r 2               PORTB       = $D301
000000r 2               DMACLT      = $D400
000000r 2               DLISTL      = $D402
000000r 2               DLISTH      = $D403
000000r 2               PMBASE      = $D407
000000r 2               CHBASE      = $D409
000000r 2               WSYNC       = $D40A
000000r 2               VCOUNT      = $D40B
000000r 2               NMIEN       = $D40E
000000r 2               NMIST       = $D40F
000000r 2               NMIRES      = $D40F
000000r 2               FSTOP       = $DDAB
000000r 2               LOG         = $DECD
000000r 2               DSKINV      = $E453
000000r 2               WARMSV      = $E474
000000r 2               JKEYON      = $FFD5
000000r 2               
000000r 1               ;
000000r 1               ; Start of code
000000r 1               ;
000000r 1               		.org $0700
000700  1               ;
000700  1               ; Benson state machine vectors
000700  1               ;
000700  1  6C 07 39 09  L0700:		.word L076C, L0939, L0D01, L0E97, L0EAB, L0EBF
000704  1  04 0D 9A 0E  
000708  1  AE 0E C2 0E  
00070C  1  D5 0E 7E 0F  		.word L0ED2, L0F78, L0A13, L0EE5, L1104, L0EF8
000710  1  13 0A E8 0E  
000714  1  0A 11 FB 0E  
000718  1  E5 09 9D 0C  		.word L09E5, L0C9A, L0DBC, L0DD0, L0DE3, L0DF6
00071C  1  BF 0D D3 0D  
000720  1  E6 0D F9 0D  
000724  1  0C 0E 20 0E  		.word L0E09, L0E1D, L0E31, L0766, L0E46, L0E5B
000728  1  34 0E 66 07  
00072C  1  49 0E 5E 0E  
000730  1  72 0E 86 0E  		.word L0E6F, L0E83, L10F1, L0B7C, L0BDF, L0A13
000734  1  F7 10 7C 0B  
000738  1  DF 0B 13 0A  
00073C  1  66 07 66 07  		.word L0766, L0766, L0766, L0766, L0BD1, L0BD8
000740  1  66 07 66 07  
000744  1  D1 0B D8 0B  
000748  1  25 0A 3E 0A  		.word L0A25, L0A3E, L0A6D, L0A82, L0AB1, L0AC8
00074C  1  6D 0A 82 0A  
000750  1  B1 0A C8 0A  
000754  1  DE 0A F3 0A  		.word L0ADE, L0AF3, L0B0B, L0B1C, L0B32, L0B43
000758  1  0B 0B 1C 0B  
00075C  1  32 0B 43 0B  
000760  1  53 0B A8 0B  		.word L0B53, L0BA8, L0B94
000764  1  94 0B        
000766  1               
000766  1  01 23 06 11  L0766:		.word L2301, L1100, L0540
00076A  1  40 05        
00076C  1               
00076C  1  0F FE 01 20  L076C:		.byte $0F, $FE, $01, $20, $04, $0F, $FE, $07, $20, $04, $0F, $FE
000770  1  04 0F FE 07  
000774  1  20 04 0F FE  
000778  1  0C 20 04 14  		.byte $0C, $20, $04, $14, $32, $04, $8C, $09, $01, $EC, $23, $FF
00077C  1  32 04 8C 09  
000780  1  01 EC 23 FF  
000784  1  49 4D 4D 49  		.byte "IMMINENT", $EE, $00, $14, $32, $04, $8C, $09, $01, $EF, $FF, "RETURNIN", $C7
000788  1  4E 45 4E 54  
00078C  1  EE 00 14 32  
00079F  1  D5 0A 00 01  		.byte $D5, $0A, $00, $01, $EC, $FF, "MANUA", $CC, $28, $00, $19, $01
0007A3  1  EC FF 4D 41  
0007A7  1  4E 55 41 CC  
0007AF  1  D2 00 04 8C  		.byte $D2, $00, $04, $8C, $09, $1B, $03, $3C, $14, $32, $11, $80
0007B3  1  09 1B 03 3C  
0007B7  1  14 32 11 80  
0007BB  1  01 EB C7 C0  		.byte $01, $EB, $C7, $C0, $00, $01, $EF, $23, $98, $04, $AD, $D7
0007BF  1  00 01 EF 23  
0007C3  1  98 04 AD D7  
0007C7  1  00 01 EF FF  		.byte $00, $01, $EF, $FF, "PRESTINIU", $CD, $30, $04, $00, $01, $FF, " STATE OF WAR BETWEE", $CE
0007CB  1  50 52 45 53  
0007CF  1  54 49 4E 49  
0007EF  1  00 01 B4 02  		.byte $00, $01, $B4, $02, $13, $9F, $02, $00, $01, $EF, $9A, $FF
0007F3  1  13 9F 02 00  
0007F7  1  01 EF 9A FF  
0007FB  1  4E 45 41 52  		.byte "NEAR AIRBAS", $C5, $00, $01, $EC, $11, $AD, $BB, $00, $01, $FF, " TYPE ", $0D
0007FF  1  20 41 49 52  
000803  1  42 41 53 C5  
000817  1  20 44 4F 4D  		.byte " DOMINION DAR", $D4, $00, $01, $ED, $A0, $FF, "RECEIVE", $C4, $00, $01, $EC
00081B  1  49 4E 49 4F  
00081F  1  4E 20 44 41  
000835  1  22 3C C4 00  		.byte $22, $3C, $C4, $00, $01, $FF, "  PRICE ", $05, "OO", $CF, $25, $00
000839  1  01 FF 20 20  
00083D  1  50 52 49 43  
000849  1  14 15 04 A8  		.byte $14, $15, $04, $A8, $09, $12, $01, $26, $09, $01, $C3, $FF
00084D  1  09 12 01 26  
000851  1  09 01 C3 FF  
000855  1  54 48 49 4E  		.byte "THIN", $CB, $DC, $C6, $1C, $00, $04, $A8, $09, $12, $01, $26, $09
000859  1  CB DC C6 1C  
00085D  1  00 04 A8 09  
000865  1  01 ED 2B D3  		.byte $01, $ED, $2B, $D3, $FF, "SENSIBL", $C5, $00, $04, $A8, $09, $12
000869  1  FF 53 45 4E  
00086D  1  53 49 42 4C  
000877  1  01 26 09 01  		.byte $01, $26, $09, $01, $ED, $DC, $B6, $D5, $E1, $00, $04, $A8
00087B  1  ED DC B6 D5  
00087F  1  E1 00 04 A8  
000883  1  09 12 01 26  		.byte $09, $12, $01, $26, $09, $01, $ED, $DC, $A3, $1D, $FF, "CRAZ", $D9
000887  1  09 01 ED DC  
00088B  1  A3 1D FF 43  
000893  1  00 12 80 AE  		.byte $00, $12, $80, $AE, $08, $14, $32, $04, $BF, $08, $01, $A9
000897  1  08 14 32 04  
00089B  1  BF 08 01 A9  
00089F  1  DC 14 2D 0A  		.byte $DC, $14, $2D, $0A, $00, $01, $EE, $C3, $E5, $C9, $0D, $00
0008A3  1  00 01 EE C3  
0008A7  1  E5 C9 0D 00  
0008AB  1  03 B9 07 01  		.byte $03, $B9, $07, $01, $CE, $E5, $1D, $08, $99, $E1, $00, $14
0008AF  1  CE E5 1D 08  
0008B3  1  99 E1 00 14  
0008B7  1  32           		.byte $32
0008B8  1               
0008B8  1  22 01 39 09  L08B8:		.byte $22, $01, $39, $09, $03, $B8, $08, $01, $ED, $2B, $FF
0008BC  1  03 B8 08 01  
0008C0  1  ED 2B FF     
0008C3  1  41 4E 59 42  		.byte "ANYBOD", $D9, $D2, $00, $04, $81, $09, $12, $80, $18, $09, $01
0008C7  1  4F 44 D9 D2  
0008CB  1  00 04 81 09  
0008D4  1  09 C3 FF 54  		.byte $09, $C3, $FF, "TALKING TO MYSEL", $C6, $00, $04, $81, $09, $12, $80, $18
0008D8  1  41 4C 4B 49  
0008DC  1  4E 47 20 54  
0008EF  1  09 01 EE 14  		.byte $09, $01, $EE, $14, $DC, $FF, "STILL ALIV", $C5, $00, $04, $81, $09
0008F3  1  DC FF 53 54  
0008F7  1  49 4C 4C 20  
000904  1  12 80 18 09  		.byte $12, $80, $18, $09, $01, $EB, $E4, $14, $DC, $00, $04, $81
000908  1  01 EB E4 14  
00090C  1  DC 00 04 81  
000910  1  09 12 80 18  		.byte $09, $12, $80, $18, $09, $03, $0E, $09, $01, $ED, $FF, "AH", $EE
000914  1  09 03 0E 09  
000918  1  01 ED FF 41  
00091E  1  DC 14 1B 00  		.byte $DC, $14, $1B, $00, $04, $8C, $09, $05, $0E, $F8, $00, $50, $99
000922  1  04 8C 09 05  
000926  1  0E F8 00 50  
00092B  1  99 01 EF D8  		.byte $99, $01, $EF, $D8, $29, $05, $00, $14, $15, $14, $32, $03
00092F  1  29 05 00 14  
000933  1  15 14 32 03  
000937  1  B8 08        		.byte $B8, $08
000939  1               
000939  1  0F FE 01 20  L0939:		.byte $0F, $FE, $01, $20, $F3, $11, $40, $12, $01, $6E, $09
00093D  1  F3 11 40 12  
000941  1  01 6E 09     
000944  1  01 D3 22 FF  		.byte $01, $D3, $22, $FF, "BELONGE", $C4, $D5, $00, $01, $BC, $00, $01
000948  1  42 45 4C 4F  
00094C  1  4E 47 45 C4  
000956  1  EC 1F 00 01  		.byte $EC, $1F, $00, $01, $FF, " H", $C5, $2B, $A8, $D6, $B7, $05
00095A  1  FF 20 48 C5  
00095E  1  2B A8 D6 B7  
000963  1  00 10 20 04  		.byte $00, $10, $20, $04, $B0, $10, $14, $32, $03, $7E, $09, $04
000967  1  B0 10 14 32  
00096B  1  03 7E 09 04  
00096F  1  A1 09 8A 50  		.byte $A1, $09, $8A, "P{", $09, $0F, $FF, $00, $13, $6E, $09, $04
000973  1  7B 09 0F FF  
000977  1  00 13 6E 09  
00097C  1  C2 09        		.byte $C2, $09
00097E  1               
00097E  1  03 7E 09 02  L097E:		.byte $03, $7E, $09, $02, $12, $80, $8B, $09, $07, $0F
000982  1  12 80 8B 09  
000986  1  07 0F        
000988  1  00 82 09 05  		.byte $00, $82, $09, $05, $02, $07, $02, $00, $8D, $09, $05, $02
00098C  1  02 07 02 00  
000990  1  8D 09 05 02  
000994  1  07 03 00 94  		.byte $07, $03, $00, $94, $09, $05, $02, $07, $01, $00, $9B, $09
000998  1  09 05 02 07  
00099C  1  01 00 9B 09  
0009A0  1  05 02 07 0F  		.byte $05, $02, $07, $0F, $00, $A2, $09, $05, $1C, $01, $EE, $33, $DC
0009A4  1  00 A2 09 05  
0009A8  1  1C 01 EE 33  
0009AD  1  D9 D5 1C 07  		.byte $D9, $D5, $1C, $07, $00, $02, $0B, $2B, $BF, $09, $07, $05
0009B1  1  00 02 0B 2B  
0009B5  1  BF 09 07 05  
0009B9  1  00 B3 09 11  		.byte $00, $B3, $09, $11, $01, $05, $10, $01, $05, $14, $03, $14
0009BD  1  01 05 10 01  
0009C1  1  05 14 03 14  
0009C5  1  05 01 EF 3C  		.byte $05, $01, $EF, $3C, $9E, $D1, $00, $01, $2E, $D5, $D0, $1E
0009C9  1  9E D1 00 01  
0009CD  1  2E D5 D0 1E  
0009D1  1  03 C1 00 01  		.byte $03, $C1, $00, $01, $CD, $27, $17, $9B, $FF, $4F, $09, $0D
0009D5  1  CD 27 17 9B  
0009D9  1  FF 4F 09 0D  
0009DD  1  4F 86 00 14  		.byte $4F, $86, $00, $14, $07, $14, $32, $05
0009E1  1  07 14 32 05  
0009E5  1               
0009E5  1  04 9A 09 14  L09E5:		.byte $04, $9A, $09, $14
0009E9  1  0C 01 EF D0  		.byte $0C, $01, $EF, $D0, $9F, $FF, "DEMAND", $D3, $00, $01, $EF, $FF
0009ED  1  9F FF 44 45  
0009F1  1  4D 41 4E 44  
0009FA  1  54 48 41 D4  		.byte "THA", $D4, $DC, $FF, "PUT HIM DOW", $CE, $00, $14, $32, $11, $40, $05
0009FE  1  DC FF 50 55  
000A02  1  54 20 48 49  
000A12  1  05           		.byte $05
000A13  1               
000A13  1               		;Bank
000A13  1  04 9A 09 01  L0A13:		.byte $04, $9A, $09, $01, $E7, $FF, "BAN", $CB, $00, $14
000A17  1  E7 FF 42 41  
000A1B  1  4E CB 00 14  
000A1F  1  15 14 32 11  		.byte $15, $14, $32, $11, $40, $05
000A23  1  40 05        
000A25  1               
000A25  1  04 BE 0B 01  L0A25:		.byte $04, $BE, $0B, $01, $EF, $FF
000A29  1  EF FF        
000A2B  1  4E 4F 56 41  		.byte "NOVABILL ", $8D, $E3, $34
000A2F  1  42 49 4C 4C  
000A33  1  20 8D E3 34  
000A37  1  06 00 14 32  		.byte $06, $00, $14, $32, $11, $40, $05
000A3B  1  11 40 05     
000A3E  1               
000A3E  1  04 BE 0B 01  L0A3E:		.byte $04, $BE, $0B, $01, $EE, $D0, $16, $02, $FF
000A42  1  EE D0 16 02  
000A46  1  FF           
000A47  1  41 44 56 45  		.byte "ADVER", $D4, $00, $01, $FF
000A4B  1  52 D4 00 01  
000A4F  1  FF           
000A50  1  54 48 49 4E  		.byte "THING", $D3, $14, $2E, $03, $D5, $1D, $00
000A54  1  47 D3 14 2E  
000A58  1  03 D5 1D 00  
000A5C  1  01 ED FF 54  		.byte $01, $ED, $FF, "TOUG", $C8, $3E, $A9, $AD, $00
000A60  1  4F 55 47 C8  
000A64  1  3E A9 AD 00  
000A68  1  10 08 03 C1  		.byte $10, $08, $03, $C1, $0B
000A6C  1  0B           
000A6D  1               
000A6D  1  04 BE 0B 01  L0A6D:		.byte $04, $BE, $0B, $01, $EA, $FF
000A71  1  EA FF        
000A73  1  53 41 42 49  		.byte "SABINS CUB", $C5, $00
000A77  1  4E 53 20 43  
000A7B  1  55 42 C5 00  
000A7F  1  03 C9 0B     		.byte $03, $C9, $0B
000A82  1               
000A82  1  04 BE 0B 01  L0A82:		.byte $04, $BE, $0B, $01, $EE, $D0, $FF
000A86  1  EE D0 FF     
000A89  1  57 41 4C 54  		.byte "WALTON MONUMEN"
000A8D  1  4F 4E 20 4D  
000A91  1  4F 4E 55 4D  
000A97  1  D4 00 01 D5  		.byte $D4, $00, $01, $D5, $D0, $FF
000A9B  1  D0 FF        
000A9D  1  46 41 4D 4F  		.byte "FAMOUS ARCHITEC"
000AA1  1  55 53 20 41  
000AA5  1  52 43 48 49  
000AAC  1  D4 00 03 C1  		.byte $D4, $00, $03, $C1, $0B
000AB0  1  0B           
000AB1  1               
000AB1  1  04 BE 0B 01  L0AB1:		.byte $04, $BE, $0B, $01, $EB, $FF, "ST", $0E
000AB5  1  EB FF 53 54  
000AB9  1  0E           
000ABA  1  20 53 54 41  		.byte " STALLARD", $D3, $00, $03
000ABE  1  4C 4C 41 52  
000AC2  1  44 D3 00 03  
000AC6  1  C1 0B        		.byte $C1, $0B
000AC8  1               
000AC8  1  04 BE 0B 01  L0AC8:		.byte $04, $BE, $0B, $01, $EC, $D0, $FF
000ACC  1  EC D0 FF     
000ACF  1  4D 4F 4F 52  		.byte "MOORBY ARC", $C8, $00
000AD3  1  42 59 20 41  
000AD7  1  52 43 C8 00  
000ADB  1  03 C9 0B     		.byte $03, $C9, $0B
000ADE  1               
000ADE  1  04 BE 0B 01  L0ADE:		.byte $04, $BE, $0B, $01, $EA, $FF
000AE2  1  EA FF        
000AE4  1  54 59 4C 45  		.byte "TYLER POIN", $D4, $00
000AE8  1  52 20 50 4F  
000AEC  1  49 4E D4 00  
000AF0  1  03 C9 0B     		.byte $03, $C9, $0B
000AF3  1               
000AF3  1  04 BE 0B 01  L0AF3:		.byte $04, $BE, $0B, $01, $EC, $FF
000AF7  1  EC FF        
000AF9  1  42 4F 53 48  		.byte "BOSHER STADIU"
000AFD  1  45 52 20 53  
000B01  1  54 41 44 49  
000B06  1  CD 00 03 C1  		.byte $CD, $00, $03, $C1, $0B
000B0A  1  0B           
000B0B  1               
000B0B  1  04 BE 0B 01  L0B0B:		.byte $04, $BE, $0B, $01, $EC, $FF, "JORDA", $CE
000B0F  1  EC FF 4A 4F  
000B13  1  52 44 41 CE  
000B17  1  0F 00 03 C1  		.byte $0F, $00, $03, $C1, $0B
000B1B  1  0B           
000B1C  1               
000B1C  1  04 BE 0B 01  L0B1C:		.byte $04, $BE, $0B, $01, $EB, $FF
000B20  1  EB FF        
000B22  1  56 45 43 54  		.byte "VECTOR HENG", $C5
000B26  1  4F 52 20 48  
000B2A  1  45 4E 47 C5  
000B2E  1  00 03 C9 0B  		.byte $00, $03, $C9, $0B
000B32  1               
000B32  1  04 BE 0B 01  L0B32:		.byte $04, $BE, $0B, $01, $BC, $00, $01, $EF, $1F, $02, $A4, $00
000B36  1  BC 00 01 EF  
000B3A  1  1F 02 A4 00  
000B3E  1  10 20 03 C1  		.byte $10, $20, $03, $C1, $0B
000B42  1  0B           
000B43  1               
000B43  1  04 BE 0B 01  L0B43:		.byte $04, $BE, $0B, $01, $EE, $D0, $9F, $FF, "FOR", $D4
000B47  1  EE D0 9F FF  
000B4B  1  46 4F 52 D4  
000B4F  1  00 03 C9 0B  		.byte $00, $03, $C9, $0B
000B53  1               
000B53  1  04 BE 0B 01  L0B53:		.byte $04, $BE, $0B, $01, $EF, $D0, $FF
000B57  1  EF D0 FF     
000B5A  1  43 4F 41 43  		.byte "COACH AND HORSE"
000B5E  1  48 20 41 4E  
000B62  1  44 20 48 4F  
000B69  1  D3 00 01 DC  		.byte $D3, $00, $01, $DC, $E5, $A8, $1D, $FF
000B6D  1  E5 A8 1D FF  
000B71  1  50 4F 50 55  		.byte "POPULA", $D2, $00, $03, $C1, $0B
000B75  1  4C 41 D2 00  
000B79  1  03 C1 0B     
000B7C  1               
000B7C  1  04 BE 0B 01  L0B7C:		.byte $04, $BE, $0B, $01, $BC, $00, $01, $EC, $1F, $02, $00, $01
000B80  1  BC 00 01 EC  
000B84  1  1F 02 00 01  
000B88  1  E9 FF 4E 45  		.byte $E9, $FF, "NE", $D7, $C5, $00, $10, $20, $03, $C1, $0B
000B8C  1  D7 C5 00 10  
000B90  1  20 03 C1 0B  
000B94  1               
000B94  1  04 9A 09 01  L0B94:		.byte $04, $9A, $09, $01, $E9, $FF
000B98  1  E9 FF        
000B9A  1  54 52 41 49  		.byte "TRAITOR", $EE, $00, $14, $32, $11
000B9E  1  54 4F 52 EE  
000BA2  1  00 14 32 11  
000BA6  1  40 05        		.byte $40, $05
000BA8  1               
000BA8  1  04 9A 09 01  L0BA8:		.byte $04, $9A, $09, $01, $EA, $FF
000BAC  1  EA FF        
000BAE  1  47 4F 4F 44  		.byte "GOOD SHOW", $EE, $00, $14
000BB2  1  20 53 48 4F  
000BB6  1  57 EE 00 14  
000BBA  1  32 11 40 05  		.byte $32, $11, $40, $05, $14, $17, $05, $04, $B0, $10, $14, $32
000BBE  1  14 17 05 04  
000BC2  1  B0 10 14 32  
000BC6  1  11 40 05 04  		.byte $11, $40, $05, $04, $BC, $10, $14, $32, $11, $40, $05
000BCA  1  BC 10 14 32  
000BCE  1  11 40 05     
000BD1  1               
000BD1  1  8A 50 C1 0B  L0BD1:		.byte $8A, $50, $C1, $0B, $11, $40, $05
000BD5  1  11 40 05     
000BD8  1               
000BD8  1  8A 50 C9 0B  L0BD8:		.byte $8A, $50, $C9, $0B, $11, $40, $05
000BDC  1  11 40 05     
000BDF  1               
000BDF  1  04 9A 09 0F  L0BDF:		.byte $04, $9A, $09, $0F, $FF, $29, $01, $EF, $B4, $1E, $03, $C1
000BE3  1  FF 29 01 EF  
000BE7  1  B4 1E 03 C1  
000BEB  1  00 14 32 93  		.byte $00, $14, $32, $93, $97, $0C, $01, $EC, $E2, $E5, $12, $00
000BEF  1  97 0C 01 EC  
000BF3  1  E2 E5 12 00  
000BF7  1  01 EF FF 44  		.byte $01, $EF, $FF, "DELIVER", $D9, $AA
000BFB  1  45 4C 49 56  
000BFF  1  45 52 D9 AA  
000C03  1  0B A5 02 00  		.byte $0B, $A5, $02, $00, $01, $D5, $FF
000C07  1  01 D5 FF     
000C0A  1  41 50 50 52  		.byte "APPROPRIAT", $C5, $C1
000C0E  1  4F 50 52 49  
000C12  1  41 54 C5 C1  
000C16  1  02 CD 00 01  		.byte $02, $CD, $00, $01, $D0, $B4, $FF, "COLON"
000C1A  1  D0 B4 FF 43  
000C1E  1  4F 4C 4F 4E  
000C22  1  D9 22 00 14  		.byte $D9, $22, $00, $14, $32, $93, $97, $0C, $01, $D2, $2B, $08
000C26  1  32 93 97 0C  
000C2A  1  01 D2 2B 08  
000C2E  1  FF 42 49 C7  		.byte $FF, "BI", $C7, "9&lt;", $00, $01, $EF, $08, $FF
000C32  1  39 26 6C 74  
000C36  1  3B 00 01 EF  
000C3C  1  43 41 50 54  		.byte "CAPTURE", $C4, $9F, $00, $14, $32
000C40  1  55 52 45 C4  
000C44  1  9F 00 14 32  
000C48  1  93 97 0C 01  		.byte $93, $97, $0C, $01, $AE, $E0, $DC, $FF
000C4C  1  AE E0 DC FF  
000C50  1  4B 4E 4F 57  		.byte "KNOW HO", $D7, $00, $01, $D5, $FF
000C54  1  20 48 4F D7  
000C58  1  00 01 D5 FF  
000C5C  1  43 48 4F 4F  		.byte "CHOOS", $C5, $CF, $3E, $DE, $00, $01, $EF
000C60  1  53 C5 CF 3E  
000C64  1  DE 00 01 EF  
000C68  1  30 10 9F 00  		.byte $30, $10, $9F, $00, $01, $FF
000C6C  1  01 FF        
000C6E  1  4F 43 43 55  		.byte "OCCUPIE", $C4, $9A, $02, $3C, $00
000C72  1  50 49 45 C4  
000C76  1  9A 02 3C 00  
000C7A  1  01 DF FF     		.byte $01, $DF, $FF
000C7D  1  53 50 45 43  		.byte "SPECIAL GRATITUD"
000C81  1  49 41 4C 20  
000C85  1  47 52 41 54  
000C8D  1  C5 00 14 32  		.byte $C5, $00, $14, $32, $01, $EB, $1E, $03, $38, $02, $00, $14
000C91  1  01 EB 1E 03  
000C95  1  38 02 00 14  
000C99  1  32 11 40 05  		.byte $32, $11, $40, $05
000C9D  1               
000C9D  1  04 9A 09 0F  L0C9A:		.byte $04, $9A, $09, $0F, $FF, $66, $01, $9F, $1E, $03
000CA1  1  FF 66 01 9F  
000CA5  1  1E 03        
000CA7  1  C1 00 14 32  		.byte $C1, $00, $14, $32, $01, $EA, $E2, $E5, $B3, $00, $01, $3C, $B4
000CAB  1  01 EA E2 E5  
000CAF  1  B3 00 01 3C  
000CB4  1  BF 02 00 01  		.byte $BF, $02, $00, $01, $EF, $E0, $2F, $04, $D5, $0B, $00, $01
000CB8  1  EF E0 2F 04  
000CBC  1  D5 0B 00 01  
000CC0  1  28 CD D3 27  		.byte $28, $CD, $D3, $27, $00, $14, $32, $93, $FE, $0C, $01, $EE
000CC4  1  00 14 32 93  
000CC8  1  FE 0C 01 EE  
000CCC  1  E2 A2 FF 41  		.byte $E2, $A2, $FF, "ALS", $CF, $B3, $3C, $00, $01, $FF, "DESTRUCTION OF SELECTE", $C4
000CD0  1  4C 53 CF B3  
000CD4  1  3C 00 01 FF  
000CEF  1  00 01 EF B4  		.byte $00, $01, $EF, $B4, $BE, $02, $00, $14, $32, $01, $EB, $1E
000CF3  1  BE 02 00 14  
000CF7  1  32 01 EB 1E  
000CFB  1  03 38 02 00  		.byte $03, $38, $02, $00, $14, $32, $11, $40, $05
000CFF  1  14 32 11 40  
000D03  1  05           
000D04  1               
000D04  1  14 08 0F     L0D01:		.byte $14, $08, $0F
000D07  1  FE 1E 0F FF  		.byte $FE, $1E, $0F, $FF, $10, $1D, $1A, $0D, $0C, $1A, $0D, $01
000D0B  1  10 1D 1A 0D  
000D0F  1  0C 1A 0D 01  
000D13  1  EB A8 DB 03  		.byte $EB, $A8, $DB, $03, $00, $14, $32, $11, $40, $05, $01, $EB
000D17  1  00 14 32 11  
000D1B  1  40 05 01 EB  
000D1F  1  A0 3E 00 01  		.byte $A0, $3E, $00, $01, $FF, "HERTZ SPACESHIP RENTA", $CC, $00, $01, $C5, $3C, $FF
000D23  1  FF 48 45 52  
000D27  1  54 5A 20 53  
000D3F  1  48 49 52 45  		.byte "HIRE ", $09, $09, $09, $09, $09, $89, $24, $00, $1C, $01, $EF
000D43  1  20 09 09 09  
000D47  1  09 09 89 24  
000D4F  1  33 DC D9 D5  		.byte $33, $DC, $D9, $D5, $FF, "HIRE", $ED, $00, $04, $B2, $09, $12
000D53  1  FF 48 49 52  
000D57  1  45 ED 00 04  
000D5E  1  01 6A 0D 01  		.byte $01, $6A, $0D, $01, $EF, $AB, $B7, $20, $0D, $00, $14, $07
000D62  1  EF AB B7 20  
000D66  1  0D 00 14 07  
000D6A  1  11 40 05 18  		.byte $11, $40, $05, $18, $00, $06, $00, $89, $0D, $01, $EE, $FF
000D6E  1  00 06 00 89  
000D72  1  0D 01 EE FF  
000D76  1  49 4E 53 55  		.byte "INSUFFICIEN", $D4, $3F, $02, $00, $14, $15, $14, $07, $11, $40, $05
000D7A  1  46 46 49 43  
000D7E  1  49 45 4E D4  
000D8C  1  0E F8 01 00  		.byte $0E, $F8, $01, $00, $00, $99, $01, $EC, $C5, $FF, "DESPATCHE", $C4
000D90  1  00 99 01 EC  
000D94  1  C5 FF 44 45  
000DA0  1  00 01 EB CE  		.byte $00, $01, $EB, $CE, $E5, $98, $00, $01, $17, $9B, $FF, $08
000DA4  1  E5 98 00 01  
000DA8  1  17 9B FF 08  
000DAC  1  0D 08 20 49  		.byte $0D, $08, " IN ", $82, $A1, $02, $00, $19, $7F, $29, $FF, $10
000DB0  1  4E 20 82 A1  
000DB4  1  02 00 19 7F  
000DBB  1  04 11 40 05  		.byte $04, $11, $40, $05
000DBF  1               
000DBF  1  0F FE 1F 0F  L0DBC:		.byte $0F, $FE, $1F, $0F, $FF, $AD, $0D, $F9
000DC3  1  FF AD 0D F9  
000DC7  1  00 00 10 00  		.byte $00, $00, $10, $00, $01, $EA, $AF, $C1, $00, $03, $09, $0F
000DCB  1  01 EA AF C1  
000DCF  1  00 03 09 0F  
000DD3  1  0F FE 22 0F  L0DD0:		.byte $0F, $FE, $22, $0F, $FF, $93, $0D, $F9, $00, $50, $03, $00
000DD7  1  FF 93 0D F9  
000DDB  1  00 50 03 00  
000DDF  1  01 E8 C8 00  		.byte $01, $E8, $C8, $00, $03, $09, $0F
000DE3  1  03 09 0F     
000DE6  1               
000DE6  1  0F FE 23 0F  L0DE3:		.byte $0F, $FE, $23, $0F, $FF
000DEA  1  FF           
000DEB  1  92 0D F9 00  		.byte $92, $0D, $F9, $00, $50, $06, $00, $01, $E8, $B0, $00, $03, $09, $0F
000DEF  1  50 06 00 01  
000DF3  1  E8 B0 00 03  
000DF9  1               
000DF9  1  0F FE 2B 0F  L0DF6:		.byte $0F, $FE, $2B, $0F, $FF, $90, $0D, $F9, $00, $00, $10, $00
000DFD  1  FF 90 0D F9  
000E01  1  00 00 10 00  
000E05  1  01 EA B1 00  		.byte $01, $EA, $B1, $00, $03, $09, $0F
000E09  1  03 09 0F     
000E0C  1               
000E0C  1  0F FE 2D 0F  L0E09:		.byte $0F, $FE, $2D, $0F, $FF, $AA, $0D, $F9, $00, $00, $10, $00
000E10  1  FF AA 0D F9  
000E14  1  00 00 10 00  
000E18  1  01 EB 28 C1  		.byte $01, $EB, $28, $C1, $00, $03, $09, $0F
000E1C  1  00 03 09 0F  
000E20  1               
000E20  1  0F FE 0C 0F  L0E1D:		.byte $0F, $FE, $0C, $0F, $FF, $9A, $0D, $F9, $00, $00, $25, $00
000E24  1  FF 9A 0D F9  
000E28  1  00 00 25 00  
000E2C  1  01 EC B2 C1  		.byte $01, $EC, $B2, $C1, $00, $03, $09, $0F
000E30  1  00 03 09 0F  
000E34  1               
000E34  1  0F FE 1D 0F  L0E31:		.byte $0F, $FE, $1D, $0F, $FF, $46, $0D, $F9, $00, $00, $25, $00
000E38  1  FF 46 0D F9  
000E3C  1  00 00 25 00  
000E40  1  01 EF 9F 3B  		.byte $01, $EF, $9F, $3B, $C8, $00, $03, $45, $0F
000E44  1  C8 00 03 45  
000E48  1  0F           
000E49  1               
000E49  1  0F FE 1F 0F  L0E46:		.byte $0F, $FE, $1F, $0F, $FF, $32, $0D, $F9, $00, $00, $10, $00
000E4D  1  FF 32 0D F9  
000E51  1  00 00 10 00  
000E55  1  01 EF 9F AF  		.byte $01, $EF, $9F, $AF, $C1, $00, $03, $45, $0F
000E59  1  C1 00 03 45  
000E5D  1  0F           
000E5E  1               
000E5E  1  0F FE 22 0F  L0E5B:		.byte $0F, $FE, $22, $0F, $FF, $30, $0D, $F9, $00, $00, $08, $00
000E62  1  FF 30 0D F9  
000E66  1  00 00 08 00  
000E6A  1  01 ED 9F C8  		.byte $01, $ED, $9F, $C8, $00, $03, $45, $0F
000E6E  1  00 03 45 0F  
000E72  1               
000E72  1  0F FE 23 0F  L0E6F:		.byte $0F, $FE, $23, $0F, $FF, $22, $0D, $F9, $00, $00, $12, $00
000E76  1  FF 22 0D F9  
000E7A  1  00 00 12 00  
000E7E  1  01 ED 9F B0  		.byte $01, $ED, $9F, $B0, $00, $03, $45, $0F
000E82  1  00 03 45 0F  
000E86  1               
000E86  1  0F FE 2B 0F  L0E83:		.byte $0F, $FE, $2B, $0F, $FF, $12, $0D, $F9, $00, $00, $25, $00
000E8A  1  FF 12 0D F9  
000E8E  1  00 00 25 00  
000E92  1  01 EF 9F B1  		.byte $01, $EF, $9F, $B1, $00, $03, $45, $0F
000E96  1  00 03 45 0F  
000E9A  1               
000E9A  1  0F FE 1D 0F  L0E97:		.byte $0F, $FE, $1D, $0F, $FF, $88, $0D, $F9
000E9E  1  FF 88 0D F9  
000EA2  1  00 00 20 00  		.byte $00, $00, $20, $00, $01, $EA, $36, $C1, $00, $03, $09, $0F
000EA6  1  01 EA 36 C1  
000EAA  1  00 03 09 0F  
000EAE  1               
000EAE  1  0F FE 2A 0F  L0EAB:		.byte $0F, $FE, $2A, $0F, $FF, $9B, $0D, $F9, $00, $00, $05, $00
000EB2  1  FF 9B 0D F9  
000EB6  1  00 00 05 00  
000EBA  1  01 EC BA C1  		.byte $01, $EC, $BA, $C1, $00, $03, $09, $0F
000EBE  1  00 03 09 0F  
000EC2  1  0F FE 26 0F  L0EBF:		.byte $0F, $FE, $26, $0F
000EC6  1  FF A2 0D F9  		.byte $FF, $A2, $0D, $F9, $00, $00, $10, $00, $01, $E9, $B8, $00
000ECA  1  00 00 10 00  
000ECE  1  01 E9 B8 00  
000ED2  1  03 09 0F     		.byte $03, $09, $0F
000ED5  1               
000ED5  1  0F FE 2C 0F  L0ED2:		.byte $0F, $FE, $2C, $0F, $FF, $A3, $0D, $F9, $00
000ED9  1  FF A3 0D F9  
000EDD  1  00           
000EDE  1  00 06 00 01  		.byte $00, $06, $00, $01, $E8, $D4, $00, $03, $09, $0F
000EE2  1  E8 D4 00 03  
000EE6  1  09 0F        
000EE8  1               
000EE8  1  0F FE        L0EE5:		.byte $0F, $FE
000EEA  1  29 0F FF A5  		.byte $29, $0F, $FF, $A5, $0D, $F9, $00, $00, $04, $00, $01, $E9
000EEE  1  0D F9 00 00  
000EF2  1  04 00 01 E9  
000EF6  1  CC 00 03 09  		.byte $CC, $00, $03, $09, $0F
000EFA  1  0F           
000EFB  1               
000EFB  1  04 9A 09 01  L0EF8:		.byte $04, $9A, $09, $01, $E8, $FF, "PRISO", $CE
000EFF  1  E8 FF 50 52  
000F03  1  49 53 4F CE  
000F07  1  E6 00 11 40  		.byte $E6, $00, $11, $40, $05, $21, $01, $40, $0F, $0C, $16, $0F
000F0B  1  05 21 01 40  
000F0F  1  0F 0C 16 0F  
000F13  1  1D 16 0F 03  		.byte $1D, $16, $0F, $03, $40, $0F, $01, $EB, $B7, $FF, "LEAV", $C5
000F17  1  40 0F 01 EB  
000F1B  1  B7 FF 4C 45  
000F22  1  00 14 FE 01  		.byte $00, $14, $FE, $01, $EF, "-&lt;", $F9, $12, $00, $1D, $32, $0F
000F26  1  EF 2D 26 6C  
000F2A  1  74 3B F9 12  
000F32  1  13 29 0F 03  		.byte $13, $29, $0F, $03, $40, $0F, $20, $11, $01, $EE, $F9, $25, $B5
000F36  1  40 0F 20 11  
000F3A  1  01 EE F9 25  
000F3F  1  00 15 F9 F8  		.byte $00, $15, $F9, $F8, $F8, $14, $15, $14, $32, $11, $40, $05
000F43  1  F8 14 15 14  
000F47  1  32 11 40 05  
000F4B  1  1E 8E 1E 9F  		.byte $1E, $8E, $1E, $9F, $0F, $FE, $0C, $0F, $FF, $66, $9D, $59, $0F
000F4F  1  0F FE 0C 0F  
000F53  1  FF 66 9D 59  
000F58  1  1E E8 1E F9  		.byte $1E, $E8, $1E, $F9, $03, $09, $0F, $01, $EE, $D0, $9F, $02
000F5C  1  03 09 0F 01  
000F60  1  EE D0 9F 02  
000F64  1  FF 53 41 D9  		.byte $FF, "SA", $D9, $00, $01, $EE, $FF, "PU", $D4, $1B, $0B, $FF
000F68  1  00 01 EE FF  
000F6C  1  50 55 D4 1B  
000F72  1  4C 45 41 44  		.byte "LEADE", $D2, $00, $14, $32, $11, $40, $05
000F76  1  45 D2 00 14  
000F7A  1  32 11 40 05  
000F7E  1               
000F7E  1  0F FF 00 0F  L0F78:		.byte $0F, $FF, $00, $0F
000F82  1  FE 19 01 ED  		.byte $FE, $19, $01, $ED, $FF, "INTERSTELLA", $D2, $C5, $00
000F86  1  FF 49 4E 54  
000F8A  1  45 52 53 54  
000F95  1               
000F95  1  A2 07 D0     L0F8F:		.byte $A2, $07, $D0
000F98  1  0F 93 8F 0F  		.byte $0F, $93, $8F, $0F, $04, $9A, $09, $12, $04, $B2, $0F, $0C
000F9C  1  04 9A 09 12  
000FA0  1  04 B2 0F 0C  
000FA4  1  B2 0F 01 EE  		.byte $B2, $0F, $01, $EE, $A7, $FF, "REQUIRE", $C4, $00, $14, $32, $11
000FA8  1  A7 FF 52 45  
000FAC  1  51 55 49 52  
000FB6  1  40 05        		.byte $40, $05
000FB8  1  1C 01 ED FF  L0FB2:		.byte $1C, $01, $ED, $FF, "PRESS Y TO LAUNC", $C8, $00
000FBC  1  50 52 45 53  
000FC0  1  53 20 59 20  
000FCE  1               
000FCE  1               
000FCE  1               ; check 'Y' ($2B) pressed, if yes, jmp $0FD5
000FCE  1  0B 2B D5 0F  L0FC8:		.byte $0B, $2B, $D5, $0F
000FD2  1               
000FD2  1               ; check prestinium ($07), if yes, jump $0FC8, if no function $14 send message, value $32 (clear)
000FD2  1               
000FD2  1  22 07 C8 0F  L0FCC:		.byte $22, $07, $C8, $0F, $14, $32, $11, $40, $05
000FD6  1  14 32 11 40  
000FDA  1  05           
000FDB  1               
000FDB  1               ; check room ($13)
000FDB  1  93 8F 0F 12  L0FD5:		.byte $93, $8F, $0F, $12, $04, $DF, $0F, $8C, $8F, $0F, $0F, $FD
000FDF  1  04 DF 0F 8C  
000FE3  1  8F 0F 0F FD  
000FE7  1  32 9A 1C 10  		.byte $32, $9A, $1C, $10, $01, $EE, $D0, $16, $FF
000FEB  1  01 EE D0 16  
000FEF  1  FF           
000FF0  1  57 4F 4E 6F  		.byte "WONoT LE", $D4, $00, $01, $EE
000FF4  1  54 20 4C 45  
000FF8  1  D4 00 01 EE  
000FFC  1  DC FF 4C 45  		.byte $DC, $FF, "LEAVE UNTI"
001000  1  41 56 45 20  
001004  1  55 4E 54 49  
001008  1  CC DC 00 01  		.byte $CC, $DC, $00, $01, $EC, $FF
00100C  1  EC FF        
00100E  1  46 49 58 20  		.byte "FIX HIS ADVER"
001012  1  48 49 53 20  
001016  1  41 44 56 45  
00101B  1  D4 00 14 32  		.byte $D4, $00, $14, $32, $11, $40, $05, $19, "~)", $01, $04
00101F  1  11 40 05 19  
001023  1  7E 29 01 04  
001027  1  8C 09 19 E1  		.byte $8C, $09, $19, $E1, $00, $96, $01, $EE, $D0, $16, $C2, $02
00102B  1  00 96 01 EE  
00102F  1  D0 16 C2 02  
001033  1  DC 00 01 FF  		.byte $DC, $00, $01, $FF
001037  1  43 4F 4E 47  		.byte "CONGRATULATION"
00103B  1  52 41 54 55  
00103F  1  4C 41 54 49  
001045  1  D3 AD 97 00  		.byte $D3, $AD, $97, $00, $01, $EC, $FF, "ESCAP"
001049  1  01 EC FF 45  
00104D  1  53 43 41 50  
001051  1  C5 3E D7 00  		.byte $C5, $3E, $D7, $00, $14, $32, $92, " o", $10, $01, $BC
001055  1  14 32 92 20  
001059  1  6F 10 01 BC  
00105D  1  00 01 EC 1F  		.byte $00, $01, $EC, $1F, $00, $01, $2B, $B7, $05, $FF
001061  1  00 01 2B B7  
001065  1  05 FF        
001067  1  59 4F 55 6E  		.byte "YOUnVE GON", $C5, $00
00106B  1  56 45 20 47  
00106F  1  4F 4E C5 00  
001073  1  14 32 01 FF  		.byte $14, $32, $01, $FF, "SAVE OU", $D4
001077  1  53 41 56 45  
00107B  1  20 4F 55 D4  
00107F  1  D0 C7 13 00  		.byte $D0, $C7, $13, $00, $01, $FF, "SE", $C5, $DC, $CD, $FF
001083  1  01 FF 53 45  
001087  1  C5 DC CD FF  
00108B  1  4D 45 52 43  		.byte "MERCENARY I", $C9
00108F  1  45 4E 41 52  
001093  1  59 20 49 C9  
001097  1  00 04 A1 09  		.byte $00, $04, $A1, $09, $04, $A1, $09, $01, $E9, $FF
00109B  1  04 A1 09 01  
00109F  1  E9 FF        
0010A1  1  47 41 4D 45  		.byte "GAME OVE", $D2, $00, $19, $01
0010A5  1  20 4F 56 45  
0010A9  1  D2 00 19 01  
0010AD  1  D2 00 19 03  		.byte $D2, $00, $19, $03, $D2, $00, $03, $95, $10, $01, $EF, $B4
0010B1  1  D2 00 03 95  
0010B5  1  10 01 EF B4  
0010B9  1  C5 32 03 00  		.byte $C5, $32, $03, $00, $19, "x)", $01, $05, $01, $EF, $9F
0010BD  1  19 78 29 01  
0010C1  1  05 01 EF 9F  
0010C5  1  C5 32 00 19  		.byte $C5, $32, $00, $19, "x)", $01, $05, $01, $EE, $E2, $14
0010C9  1  78 29 01 05  
0010CD  1  01 EE E2 14  
0010D1  1  BD B7 05 00  		.byte $BD, $B7, $05, $00, $01, $DC, ":0", $04, $10, $00, $01
0010D5  1  01 DC 3A 30  
0010D9  1  04 10 00 01  
0010DD  1  EF FF        		.byte $EF, $FF
0010DF  1  4B 45 59 20  		.byte "KEY OPPOSITION SITE"
0010E3  1  4F 50 50 4F  
0010E7  1  53 49 54 49  
0010F2  1  D3 00 10 02  		.byte $D3, $00, $10, $02, $05
0010F6  1  05           
0010F7  1               
0010F7  1  04 9A 09 12  L10F1:		.byte $04, $9A, $09, $12, $02, $01, $11, $14, $04, $04, $C7, $10
0010FB  1  02 01 11 14  
0010FF  1  04 04 C7 10  
001103  1  14 07 14     		.byte $14, $07, $14
001106  1               
001106  1  32 11 40 05  L1100:		.byte $32, $11, $40, $05
00110A  1               
00110A  1  04 9A 09 12  L1104:		.byte $04, $9A, $09, $12, $02, $3F, $11
00110E  1  02 3F 11     
001111  1  14 03 04 C7  		.byte $14, $03, $04, $C7, $10, $0D, $F9, $00, $00, $50, $00, $0F
001115  1  10 0D F9 00  
001119  1  00 50 00 0F  
00111D  1  FE 2E 0F FF  		.byte $FE, $2E, $0F, $FF, $50, $9D, $34, $0F, $01, $DC, $E5, $3D, $08
001121  1  50 9D 34 0F  
001125  1  01 DC E5 3D  
00112A  1  12 00        		.byte $12, $00
00112C  1  01 EF FF 49  		.byte $01, $EF, $FF, "INSIDE THE RE", $C4, $0E, $00
001130  1  4E 53 49 44  
001134  1  45 20 54 48  
00113F  1  19 6E 69 01  		.byte $19, "ni", $01, $14, $07, $11, $40, $05, $00
001143  1  14 07 11 40  
001147  1  05 00        
001149  1  4D 45 4E D4  		.byte "MEN", $D4, $D3
00114D  1  D3           
00114E  1  49 4E C7 45  		.byte "IN", $C7, $45, $C4
001152  1  C4           
001153  1  C4 EE ED C1  		.byte $C4, $EE, $ED, $C1, $41, $CD
001157  1  41 CD        
001159  1  0D 20 0D 20  		.byte $0D, $20, $0D, $20, $8D
00115D  1  8D           
00115E  1  4F 55 D2     		.byte "OU", $D2
001161  1  4A 55 53 D4  		.byte "JUS", $D4
001165  1  41 47 41 49  		.byte "AGAI", $CE
001169  1  CE           
00116A  1  48 41 4E 47  		.byte "HANGE", $D2
00116E  1  45 D2        
001170  1  41 49 52 50  		.byte "AIRPOR", $D4
001174  1  4F 52 D4     
001177  1  41 4C CC     		.byte "AL", $CC
00117A  1  41 49 52 43  		.byte "AIRCRAF", $D4
00117E  1  52 41 46 D4  
001182  1  52 45 57 41  		.byte "REWAR", $C4
001186  1  52 C4        
001188  1  41 4E C4     		.byte "AN", $C4
00118B  1  41 52 C5     		.byte "AR", $C5
00118E  1  41 4E 54 49  		.byte "ANTIGRA", $D6
001192  1  47 52 41 D6  
001196  1  41 55 54 48  		.byte "AUTHO", $D2, $41, $D4
00119A  1  4F D2 41 D4  
00119E  1  41 4E 54 45  		.byte "ANTENN", $C1
0011A2  1  4E 4E C1     
0011A5  1  49 54 D3     		.byte "IT", $D3
0011A8  1  47 4F 4C C4  		.byte "GOL", $C4
0011AC  1  42 41 43 CB  		.byte "BAC", $CB
0011B0  1  42 55 D9 42  		.byte "BU", $D9, $42, $C5
0011B4  1  C5           
0011B5  1  42 52 49 45  		.byte "BRIE", $C6
0011B9  1  C6           
0011BA  1  42 52 4F 54  		.byte "BROTHER", $0D, "IN", $0D, "LA", $D7
0011BE  1  48 45 52 0D  
0011C2  1  49 4E 0D 4C  
0011C8  1  43 41 4C CC  		.byte "CAL", $CC
0011CC  1  43 41 54 45  		.byte "CATERIN", $C7
0011D0  1  52 49 4E C7  
0011D4  1  43 52 41 46  		.byte "CRAF", $D4
0011D8  1  D4           
0011D9  1  43 52 41 53  		.byte "CRAS", $C8, $43, $D2
0011DD  1  C8 43 D2     
0011E0  1  43 52 45 44  		.byte "CREDIT", $D3
0011E4  1  49 54 D3     
0011E7  1  43 4F 4D 4D  		.byte "COMMUNICATIO", $CE
0011EB  1  55 4E 49 43  
0011EF  1  41 54 49 4F  
0011F4  1  43 4F 4D 50  		.byte "COMPLE", $D8
0011F8  1  4C 45 D8     
0011FB  1  43 4F 4E 54  		.byte "CONTRO", $CC
0011FF  1  52 4F CC     
001202  1  43 4F 4D 50  		.byte "COMPLET", $C5
001206  1  4C 45 54 C5  
00120A  1  43 52 59 53  		.byte "CRYSTA", $CC, $49, $D3
00120E  1  54 41 CC 49  
001212  1  D3           
001213  1  44 41 52 CB  		.byte "DAR", $CB
001217  1  48 45 52 C5  		.byte "HER", $C5
00121B  1  47 CF 44 45  		.byte $47, $CF, "DELIVE", $D2
00121F  1  4C 49 56 45  
001223  1  D2           
001224  1  44 45 53 54  		.byte "DESTRO", $D9, $8D
001228  1  52 4F D9 8D  
00122C  1  41 54 54 41  		.byte "ATTAC", $CB, $44, $CF
001230  1  43 CB 44 CF  
001234  1  44 4F 4E C5  		.byte "DON", $C5
001238  1  45 53 53 45  		.byte "ESSENTIA", $CC
00123C  1  4E 54 49 41  
001240  1  CC           
001241  1  45 4E 47 49  		.byte "ENGIN", $C5
001245  1  4E C5        
001247  1  45 4E 45 52  		.byte "ENERG", $D9
00124B  1  47 D9        
00124D  1  45 4E C4     		.byte "EN", $C4
001250  1  46 45 C5     		.byte "FE", $C5
001253  1  48 41 56 C5  		.byte "HAV", $C5
001257  1  46 55 45 CC  		.byte "FUE", $CC
00125B  1  46 4F D2     		.byte "FO", $D2
00125E  1  46 49 4E C4  		.byte "FIN", $C4
001262  1  46 52 4F CD  		.byte "FRO", $CD
001266  1  46 55 4E C4  		.byte "FUN", $C4
00126A  1  4E 4F 0E     		.byte "NO", $0E
00126D  1  20 4F 0D 09  		.byte " O", $0D, $09, $20, $ED
001271  1  20 ED        
001273  1  59 4F 55 D2  		.byte "YOU", $D2
001277  1  4C 41 4E C4  		.byte "LAN", $C4
00127B  1  4C 4F 4E C7  		.byte "LON", $C7
00127F  1  4C 4F 43 41  		.byte "LOCATIO", $CE
001283  1  54 49 4F CE  
001287  1  4C 4F C3     		.byte "LO", $C3
00128A  1  4D 45 44 49  		.byte "MEDICA", $CC
00128E  1  43 41 CC     
001291  1  4C 4F 43 4B  		.byte "LOCKE", $C4
001295  1  45 C4        
001297  1  4D 4F 52 C5  		.byte "MOR", $C5
00129B  1  4D 45 43 48  		.byte "MECHANOI", $C4
00129F  1  41 4E 4F 49  
0012A3  1  C4           
0012A4  1  4D 45 53 53  		.byte "MESSAG", $C5
0012A8  1  41 47 C5     
0012AB  1  4D 49 CE     		.byte "MI", $CE
0012AE  1  4D 41 D9     		.byte "MA", $D9
0012B1  1  4D 55 53 D4  		.byte "MUS", $D4
0012B5  1  48 4F 55 53  		.byte "HOUS", $C5
0012B9  1  C5           
0012BA  1  4E 45 45 C4  		.byte "NEE", $C4
0012BE  1  4E 45 55 54  		.byte "NEUTRO", $CE
0012C2  1  52 4F CE     
0012C5  1  4E 4F 56 41  		.byte "NOVADRIV", $C5
0012C9  1  44 52 49 56  
0012CD  1  C5           
0012CE  1  4E 4F D4     		.byte "NO", $D4
0012D1  1  4E 4F D7     		.byte "NO", $D7
0012D4  1  4F C6 4F CB  		.byte $4F, $C6, $4F, $CB
0012D8  1  4F 46 46 45  		.byte "OFFE", $D2
0012DC  1  D2           
0012DD  1  4F CE        		.byte $4F, $CE
0012DF  1  4F 4E 4C D9  		.byte "ONL", $D9
0012E3  1  50 4F 57 45  		.byte "POWE", $D2
0012E7  1  D2           
0012E8  1  41 52 4D 4F  		.byte "ARMOUR", $D9
0012EC  1  55 52 D9     
0012EF  1  4C 41 42 4F  		.byte "LABORATOR", $D9
0012F3  1  52 41 54 4F  
0012F7  1  52 D9        
0012F9  1  49 4E 54 45  		.byte "INTERVIE", $D7
0012FD  1  52 56 49 45  
001301  1  D7           
001302  1  50 41 D9     		.byte "PA", $D9
001305  1  50 41 4C 59  		.byte "PALYA", $D2
001309  1  41 D2        
00130B  1  50 41 49 C4  		.byte "PAI", $C4
00130F  1  50 4C 41 CE  		.byte "PLA", $CE
001313  1  50 4C 45 41  		.byte "PLEAS", $C5
001317  1  53 C5        
001319  1  45 58 43 48  		.byte "EXCHEQUE", $D2
00131D  1  45 51 55 45  
001321  1  D2           
001322  1  50 52 4F 56  		.byte "PROVISION", $D3
001326  1  49 53 49 4F  
00132A  1  4E D3        
00132C  1  43 4F 4E 46  		.byte "CONFERENC", $C5
001330  1  45 52 45 4E  
001334  1  43 C5        
001336  1  50 41 C4     		.byte "PA", $C4
001339  1  54 48 45 20  		.byte "THE PALYAR COMMANDERo", $D3
00133D  1  50 41 4C 59  
001341  1  41 52 20 43  
00134F  1  4D 4F 53 D4  		.byte "MOS", $D4, "INSTALLATIO", $CE
001353  1  49 4E 53 54  
001357  1  41 4C 4C 41  
00135F  1  52 45 51 55  		.byte "REQUIREMEN", $D4
001363  1  49 52 45 4D  
001367  1  45 4E D4     
00136A  1  52 45 50 4F  		.byte "REPOR", $D4
00136E  1  52 D4        
001370  1  52 4F 4F CD  		.byte "ROO", $CD
001374  1  53 45 4E C4  		.byte "SEN", $C4, $C9
001378  1  C9           
001379  1  53 41 4C C5  		.byte "SAL", $C5
00137D  1  53 48 49 D0  		.byte "SHI", $D0
001381  1  53 48 4F 55  		.byte "SHOUL", $C4
001385  1  4C C4        
001387  1  53 54 41 54  		.byte "STATU", $D3
00138B  1  55 D3        
00138D  1  53 54 4F 52  		.byte "STORE", $D3
001391  1  45 D3        
001393  1  53 54 41 52  		.byte "STAR", $D4
001397  1  D4           
001398  1  53 55 50 50  		.byte "SUPPLIE", $D3
00139C  1  4C 49 45 D3  
0013A0  1  49 4E 46 49  		.byte "INFIRMAR", $D9
0013A4  1  52 4D 41 52  
0013A8  1  D9           
0013A9  1  49 CE 49 D4  		.byte $49, $CE, $49, $D4
0013AD  1  54 48 45 CD  		.byte "THE", $CD
0013B1  1  54 48 C5     		.byte "TH", $C5
0013B4  1  49 4E 46 4F  		.byte "INFORMATIO", $CE
0013B8  1  52 4D 41 54  
0013BC  1  49 4F CE     
0013BF  1  54 48 45 52  		.byte "THER", $C5
0013C3  1  C5           
0013C4  1  54 48 49 D3  		.byte "THI", $D3
0013C8  1  4B 49 54 43  		.byte "KITCHE", $CE, $54, $CF
0013CC  1  48 45 CE 54  
0013D0  1  CF           
0013D1  1  54 4F CF     		.byte "TO", $CF
0013D4  1  54 41 52 C7  		.byte "TAR", $C7
0013D8  1  54 52 41 4E  		.byte "TRANSACTIO", $CE
0013DC  1  53 41 43 54  
0013E0  1  49 4F CE     
0013E3  1  57 41 4E D4  		.byte "WAN", $D4
0013E7  1  47 4F 4F C4  		.byte "GOO", $C4
0013EB  1  57 4F 52 CB  		.byte "WOR", $CB
0013EF  1  59 4F D5     		.byte "YO", $D5
0013F2  1  4A 4F C2 55  		.byte "JO", $C2, $55, $D3
0013F6  1  D3           
0013F7  1  56 45 52 D9  		.byte "VER", $D9
0013FB  1  57 48 45 CE  		.byte "WHE", $CE
0013FF  1  57 41 4C CB  		.byte "WAL", $CB, $57, $C5
001403  1  57 C5        
001405  1  57 45 4C CC  		.byte "WEL", $CC
001409  1  57 48 45 52  		.byte "WHER", $C5
00140D  1  C5           
00140E  1  57 49 4C CC  		.byte "WIL", $CC
001412  1  20 20 20 20  		.byte "        ", $A0, $A0, $4C, $00
001416  1  20 20 20 20  
00141A  1  A0 A0 4C 00  
00141E  1               
00141E  1               
00141E  1               ;
00141E  1               ; 64 word table at $7DA0 (lo) and $7DE0 (hi) point to the follwing messages
00141E  1               ;
00141E  1               ;L1418	L1472  L14E1   L1561
00141E  1               ;L141C  L1484  L14EB   L1567
00141E  1               ;L1424  L1484  L14EB   L1573
00141E  1               ;L142E  L1484  L14F8   L1575
00141E  1               ;L1434  L1484  L150B   L1575
00141E  1               ;L1439  L1484  L150E   L1575
00141E  1               ;L143F  L1489  L150E   L1575
00141E  1               ;L1449  L1495  L1512   L1575
00141E  1               ;L144E  L149B  L1512   L1575
00141E  1               ;L1452  L14AD  L151C   L158E
00141E  1               ;L1456  L14B1  L1521   L15A3
00141E  1               ;L1459  L14C3  L1531   L15AB
00141E  1               ;L145D  L14C7  L153F   L15B3
00141E  1               ;L1461  L14D3  L1544   L15B8
00141E  1               ;L1467  L14D8  L1550   L15BD
00141E  1               ;L146B  L14DC  L1558   L15C3
00141E  1               
00141E  1  00 E8 9D E6  L1418:		.byte $00,$E8,$9D,$E6,$00
001422  1  00           
001423  1  EF 19 DF 2C  L141D:		.byte $EF,$19,$DF,$2C,$CD,$2D,$E6,$00
001427  1  CD 2D E6 00  
00142B  1  E9 D6 FF 48  L1425:		.byte $E9,$D6,$FF,"HEAV",'Y'+$80,$E6,$00
00142F  1  45 41 56 D9  
001433  1  E6 00        
001435  1  EF A0 3E B4  L142F:		.byte $EF,$A0,$3E,$B4,$02,$00
001439  1  02 00        
00143B  1  A0 3E 9F 02  L1435:		.byte $A0,$3E,$9F,$02,$00
00143F  1  00           
001440  1  EF 0A DD AC  L143A:		.byte $EF,$0A,$DD,$AC,$0A,$00
001444  1  0A 00        
001446  1  E8 FF 43 48  L1440:		.byte $E8,$FF,"CHEES",'E'+$80,$E7,$00
00144A  1  45 45 53 C5  
00144E  1  E7 00        
001450  1  EB A0 38 02  L144A:		.byte $EB,$A0,$38,$02,$00
001454  1  00           
001455  1  EE 26 C1 00  L144F:		.byte $EE,$26,$C1,$00
001459  1  E8 0E E6 00  L1453:		.byte $E8,$0E,$E6,$00
00145D  1  E8 D4 00     L1457:		.byte $E8,$D4,$00
001460  1  EA 36 C1 00  L145A:		.byte $EA,$36,$C1,$00
001464  1  E9 9F E9 00  L145E:		.byte $E9,$9F,$E9,$00
001468  1  EF B4 1E 03  L1462:		.byte $EF,$B4,$1E,$03,$C1,$00
00146C  1  C1 00        
00146E  1  EC BA C1 00  L1468:		.byte $EC,$BA,$C1,$00
001472  1  BC EC 1F 02  L146C:		.byte $BC,$EC,$1F,$02,$C1,$E6,$00
001476  1  C1 E6 00     
001479  1  EC FF 50 48  L1473:		.byte $EC,$FF,"PHOTON EMITTE",'R'+$80,$E6,$00
00147D  1  4F 54 4F 4E  
001481  1  20 45 4D 49  
00148B  1  DC 3A F8 25  L1485:		.byte $DC,$3A,$F8,$25,$00
00148F  1  00           
001490  1  E9 FF 45 58  L148A:		.byte $E9,$FF,"EXCHEQUE",'R'+$80,$00
001494  1  43 48 45 51  
001498  1  55 45 D2 00  
00149C  1  DC 3A 0C 30  L1496:		.byte $DC,$3A,$0C,$30,$04,$00
0014A0  1  04 00        
0014A2  1  EC FF 41 4E  L149C:		.byte $EC,$FF,"ANTI TIME BOM",'B'+$80,$EB,$00
0014A6  1  54 49 20 54  
0014AA  1  49 4D 45 20  
0014B4  1  E9 A7 E9 00  L14AE:		.byte $E9,$A7,$E9,$00
0014B8  1  EC FF 4D 45  L14B2:		.byte $EC,$FF,"METAL DETECTO",'R'+$80,$EB,$00
0014BC  1  54 41 4C 20  
0014C0  1  44 45 54 45  
0014CA  1  E9 15 E8 00  L14C4:		.byte $E9,$15,$E8,$00
0014CE  1  E9 FF 50 4F  L14C8:		.byte $E9,$FF,"POWERAM",'P'+$80,$E8,$00
0014D2  1  57 45 52 41  
0014D6  1  4D D0 E8 00  
0014DA  1  EB A6 3B EA  L14D4:		.byte $EB,$A6,$3B,$EA,$00
0014DE  1  00           
0014DF  1  E8 18 E8 00  L14D9:		.byte $E8,$18,$E8,$00
0014E3  1  EC 37 2A EB  L14DD:		.byte $EC,$37,$2A,$EB,$00
0014E7  1  00           
0014E8  1  E8 FF 43 4F  L14E2:		.byte $E8,$FF,"COFFI",'N'+$80,$E7,$00
0014EC  1  46 46 49 CE  
0014F0  1  E7 00        
0014F2  1  E9 FF 4C 41  L14EC:		.byte $E9,$FF,"LARGE BO",'X'+$80,$E9,$00
0014F6  1  52 47 45 20  
0014FA  1  42 4F D8 E9  
0014FF  1  EC FF 55 53  L14F9:		.byte $EC,$FF,"USEFUL ARMAMEN",'T'+$80,$EC,$00
001503  1  45 46 55 4C  
001507  1  20 41 52 4D  
001512  1  E9 CC 00     L150C:		.byte $E9,$CC,$00
001515  1  E7 1A E6 00  L150F:		.byte $E7,$1A,$E6,$00
001519  1  E8 FF 53 49  L1513:		.byte $E8,$FF,"SIGHT",'S'+$80,$E7,$00
00151D  1  47 48 54 D3  
001521  1  E7 00        
001523  1  ED 9C CA EC  L151D:		.byte $ED,$9C,$CA,$EC,$00
001527  1  00           
001528  1  35 FF 01 02  L1522:		.byte $35,$FF,$01,$02,$09,$03,$09,$20,"SUPPL",'Y'+$80,$EF,$00
00152C  1  09 03 09 20  
001530  1  53 55 50 50  
001538  1  EA FF 57 49  L1532:		.byte $EA,$FF,"WINCHESTE",'R'+$80,$E9,$00
00153C  1  4E 43 48 45  
001540  1  53 54 45 D2  
001546  1  EE 21 B9 EE  L1540:		.byte $EE,$21,$B9,$EE,$00
00154A  1  00           
00154B  1  E9 FF 44 41  L1545:		.byte $E9,$FF,"DATABAN",'K'+$80,$E8,$00
00154F  1  54 41 42 41  
001553  1  4E CB E8 00  
001557  1  E7 FF 50 41  L1551:		.byte $E7,$FF,"PAS",'S'+$80,$E6,$00
00155B  1  53 D3 E6 00  
00155F  1  EB D4 FF 53  L1559:		.byte $EB,$D4,$FF,"SIN",'K'+$80,$EA,$00
001563  1  49 4E CB EA  
001567  1  00           
001568  1  EC C5 30 04  L1562:		.byte $EC,$C5,$30,$04,$E7,$00
00156C  1  E7 00        
00156E  1  EF FF 45 4E  L1568:		.byte $EF,$FF,"ENEM",'Y'+$80,$C5,$30,$04,$E7,$00
001572  1  45 4D D9 C5  
001576  1  30 04 E7 00  
00157A  1  E6 00        L1574:		.byte $E6,$00
00157C  1  FF 50 52 45  L1576:		.byte $FF,"PRESS RETURN WHEN READ",'Y'+$80,$00
001580  1  53 53 20 52  
001584  1  45 54 55 52  
001595  1  ED FF 50 41  L158F:		.byte $ED,$FF,"PASS HOLDERS ONL",'Y'+$80,$E6,$00
001599  1  53 53 20 48  
00159D  1  4F 4C 44 45  
0015AA  1  EC FF 4C 4F  L15A4:		.byte $EC,$FF,"LOA",'D'+$80,$96,$00
0015AE  1  41 C4 96 00  
0015B2  1  EC FF 53 41  L15AC:		.byte $EC,$FF,"SAV",'E'+$80,$96,$00
0015B6  1  56 C5 96 00  
0015BA  1  EA E4 09 C3  L15B4:		.byte $EA,$E4,$09,$C3,$00
0015BE  1  00           
0015BF  1  EA DC 23 04  L15B9:		.byte $EA,$DC,$23,$04,$00
0015C3  1  00           
0015C4  1  EB DA 98 03  L15BE:		.byte $EB,$DA,$98,$03,$06,$00
0015C8  1  06 00        
0015CA  1  E7 FF 4F 55  L15C4:		.byte $E7,$FF,"OUCH",$EE,$00
0015CE  1  43 48 EE 00  
0015D2  1  4C           		.byte $4C
0015D3  1               
0015D3  1               
0015D3  1               L0540		= $0540
0015D3  1               L2301		= $2301
0015D3  1               
0015D3  1  00 00 00 00  		.byte $00,$00,$00,$00,$00,$00,$00,$00,$00,$00,$00,$00,$00,$00,$00,$00
0015D7  1  00 00 00 00  
0015DB  1  00 00 00 00  
0015E3  1  00 00 00 00  		.byte $00,$00,$00,$00,$00,$00,$00,$00,$00,$00,$00,$00,$00,$00,$00,$00
0015E7  1  00 00 00 00  
0015EB  1  00 00 00 00  
0015F3  1  00 00 00 00  		.byte $00,$00,$00,$00,$00,$00,$00,$00,$00,$00,$00,$00,$00,$00,$00,$00
0015F7  1  00 00 00 00  
0015FB  1  00 00 00 00  
001603  1  00 00 00 01  		.byte $00,$00,$00,$01,$04,$03,$02,$C9,$CA,$CB,$C1,$86,$85,$84,$87,$00
001607  1  04 03 02 C9  
00160B  1  CA CB C1 86  
001613  1  11 12 12 13  		.byte $11,$12,$12,$13,$0D,$13,$05,$11,$10,$0D,$10,$0E,$10,$0F,$10,$02
001617  1  0D 13 05 11  
00161B  1  10 0D 10 0E  
001623  1  14 03 14 11  		.byte $14,$03,$14,$11,$14,$12,$14,$13,$15,$16,$16,$17,$18,$19,$19,$1A
001627  1  14 12 14 13  
00162B  1  15 16 16 17  
001633  1  15 3E 18 3E  		.byte $15,$3E,$18,$3E,$17,$3F,$1A,$3F,$97,$20,$14,$23,$1A,$23,$1A,$1D
001637  1  17 3F 1A 3F  
00163B  1  97 20 14 23  
001643  1  14 1D 10 1D  		.byte $14,$1D,$10,$1D,$10,$19,$14,$19,$52,$1B,$10,$23,$10,$27,$14,$27
001647  1  10 19 14 19  
00164B  1  52 1B 10 23  
001653  1  52 25 1A 27  		.byte $52,$25,$1A,$27,$1E,$27,$1E,$23,$5C,$25,$1E,$1D,$1E,$19,$1A,$19
001657  1  1E 27 1E 23  
00165B  1  5C 25 1E 1D  
001663  1  5C 1B 1F 3F  		.byte $5C,$1B,$1F,$3F,$1F,$20,$1F,$00,$21,$3F,$21,$20,$21,$00,$23,$2A
001667  1  1F 20 1F 00  
00166B  1  21 3F 21 20  
001673  1  22 00 13 24  		.byte $22,$00,$13,$24,$05,$01,$02,$03,$04,$79,$8A,$6B,$67,$68,$69,$6A
001677  1  05 01 02 03  
00167B  1  04 79 8A 6B  
001683  1  DF 00 0E 10  		.byte $DF,$00,$0E,$10,$0C,$0D,$0C,$0E,$0C,$0F,$0C,$11,$0C,$10,$13,$15
001687  1  0C 0D 0C 0E  
00168B  1  0C 0F 0C 11  
001693  1  14 16 12 17  		.byte $14,$16,$12,$17,$12,$13,$12,$14,$12,$15,$12,$16,$19,$1B,$1A,$1C
001697  1  12 13 12 14  
00169B  1  12 15 12 16  
0016A3  1  18 1D 18 19  		.byte $18,$1D,$18,$19,$18,$1A,$18,$1B,$18,$1C,$1E,$1F,$1F,$20,$21,$22
0016A7  1  18 1A 18 1B  
0016AB  1  18 1C 1E 1F  
0016B3  1  22 23 1E 3D  		.byte $22,$23,$1E,$3D,$21,$3D,$20,$3C,$23,$3C,$9B,$64,$19,$24,$1B,$26
0016B7  1  21 3D 20 3C  
0016BB  1  23 3C 9B 64  
0016C3  1  1D 24 1B 22  		.byte $1D,$24,$1B,$22,$1B,$24,$9B,$6E,$19,$2E,$1B,$30,$1D,$2E,$1B,$2C
0016C7  1  1B 24 9B 6E  
0016CB  1  19 2E 1B 30  
0016D3  1  1B 2E A5 6E  		.byte $1B,$2E,$A5,$6E,$23,$2E,$25,$30,$27,$2E,$25,$2C,$25,$2E,$A5,$64
0016D7  1  23 2E 25 30  
0016DB  1  27 2E 25 2C  
0016E3  1  23 24 25 26  		.byte $23,$24,$25,$26,$27,$24,$25,$22,$25,$24,$60,$69,$1F,$29,$20,$2A
0016E7  1  27 24 25 22  
0016EB  1  25 24 60 69  
0016F3  1  21 29 20 28  		.byte $21,$29,$20,$28,$20,$29,$00,$21,$20,$21,$3F,$21,$00,$1F,$20,$1F
0016F7  1  20 29 00 21  
0016FB  1  20 21 3F 21  
001703  1  3F 1F 24 35  		.byte $3F,$1F,$24,$35,$25,$00,$12,$23,$34,$45,$56,$67,$78,$89,$9A,$AB
001707  1  25 00 12 23  
00170B  1  34 45 56 67  
001713  1  BC CD DE EF  		.byte $BC,$CD,$DE,$EF,$3B,$7F,$01,$09,$05,$0D,$00,$0F,$10,$10,$01,$02
001717  1  3B 7F 01 09  
00171B  1  05 0D 00 0F  
001723  1  11 11 10 04  		.byte $11,$11,$10,$04,$12,$12,$06,$08,$13,$13,$0A,$0C,$14,$14,$0E,$11
001727  1  12 12 06 08  
00172B  1  13 13 0A 0C  
001733  1  15 12 16 13  		.byte $15,$12,$16,$13,$17,$14,$18,$15,$16,$16,$17,$17,$18,$18,$15,$19
001737  1  17 14 18 15  
00173B  1  16 16 17 17  
001743  1  1A 1B 1C 1D  		.byte $1A,$1B,$1C,$1D,$1E,$1F,$20,$21,$1E,$1A,$22,$24,$1B,$23,$1F,$1D
001747  1  1E 1F 20 21  
00174B  1  1E 1A 22 24  
001753  1  3D 19 3D 21  		.byte $3D,$19,$3D,$21,$3E,$23,$3E,$20,$3C,$1C,$3C,$22,$3F,$24,$3F,$20
001757  1  3E 23 3E 20  
00175B  1  3C 1C 3C 22  
001763  1  E0 1E 1E 19  		.byte $E0,$1E,$1E,$19,$1E,$19,$E0,$19,$22,$1E,$22,$1E,$27,$20,$E7,$22
001767  1  1E 19 E0 19  
00176B  1  22 1E 22 1E  
001773  1  27 22 22 27  		.byte $27,$22,$22,$27,$22,$27,$E0,$27,$1E,$22,$1E,$22,$19,$20,$D9,$1E
001777  1  22 27 E0 27  
00177B  1  1E 22 1E 22  
001783  1  19 19 19 19  		.byte $19,$19,$19,$19,$27,$27,$27,$27,$19,$59,$59,$59,$67,$67,$67,$67
001787  1  27 27 27 27  
00178B  1  19 59 59 59  
001793  1  59 00 1F 1F  		.byte $59,$00,$1F,$1F,$1F,$21,$1F,$3F,$1F,$00,$21,$1F,$21,$21,$21,$3F
001797  1  1F 21 1F 3F  
00179B  1  1F 00 21 1F  
0017A3  1  21 1F 3F 1F  		.byte $21,$1F,$3F,$1F,$00,$21,$3F,$21,$00,$19,$2B,$23,$00,$01,$12,$23
0017A7  1  00 21 3F 21  
0017AB  1  00 19 2B 23  
0017B3  1  30 45 56 67  		.byte $30,$45,$56,$67,$74,$89,$04,$9A,$48,$59,$15,$37,$7B,$8C,$6A,$BF
0017B7  1  74 89 04 9A  
0017BB  1  48 59 15 37  
0017C3  1  26 AE AB 9D  		.byte $26,$AE,$AB,$9D,$B8,$CD,$DE,$EF,$FC,$00,$10,$11,$11,$12,$12,$13
0017C7  1  B8 CD DE EF  
0017CB  1  FC 00 10 11  
0017D3  1  13 10 0C 10  		.byte $13,$10,$0C,$10,$0D,$11,$0E,$12,$0F,$13,$14,$15,$15,$16,$17,$18
0017D7  1  0D 11 0E 12  
0017DB  1  0F 13 14 15  
0017E3  1  18 19 14 3D  		.byte $18,$19,$14,$3D,$17,$3D,$16,$3C,$19,$3C,$5F,$AB,$60,$AC,$61,$AB
0017E7  1  17 3D 16 3C  
0017EB  1  19 3C 5F AB  
0017F3  1  60 AA 5E 2B  		.byte $60,$AA,$5E,$2B,$60,$2D,$62,$2B,$60,$29,$1C,$AB,$20,$AF,$24,$AB
0017F7  1  60 2D 62 2B  
0017FB  1  60 29 1C AB  
001803  1  20 A7 1A 6B  		.byte $20,$A7,$1A,$6B,$20,$71,$26,$6B,$20,$65,$17,$2B,$20,$34,$29,$2B
001807  1  20 71 26 6B  
00180B  1  20 65 17 2B  
001813  1  20 22 00 21  		.byte $20,$22,$00,$21,$20,$21,$3F,$21,$00,$1F,$20,$1F,$3F,$1F,$17,$27
001817  1  20 21 3F 21  
00181B  1  00 1F 20 1F  
001823  1  27 00 01 12  		.byte $27,$00,$01,$12,$23,$34,$45,$56,$67,$70,$89,$9A,$AB,$BC,$CD,$DE
001827  1  23 34 45 56  
00182B  1  67 70 89 9A  
001833  1  EF F8 91 80  		.byte $EF,$F8,$91,$80,$A2,$B3,$C4,$D5,$E6,$F7,$00,$10,$11,$11,$12,$12
001837  1  A2 B3 C4 D5  
00183B  1  E6 F7 00 10  
001843  1  13 13 14 14  		.byte $13,$13,$14,$14,$15,$15,$16,$16,$17,$17,$10,$00,$10,$01,$11,$02
001847  1  15 15 16 16  
00184B  1  17 17 10 00  
001853  1  12 03 13 04  		.byte $12,$03,$13,$04,$14,$05,$15,$06,$16,$07,$17,$1B,$DF,$1B,$E2,$1F
001857  1  14 05 15 06  
00185B  1  16 07 17 1B  
001863  1  E6 22 E6 26  		.byte $E6,$22,$E6,$26,$E2,$26,$DF,$22,$DB,$1F,$DB,$19,$1F,$19,$22,$1F
001867  1  E2 26 DF 22  
00186B  1  DB 1F DB 19  
001873  1  28 22 28 28  		.byte $28,$22,$28,$28,$22,$28,$1F,$22,$19,$1F,$19,$1D,$1F,$1D,$22,$1F
001877  1  22 28 1F 22  
00187B  1  19 1F 19 1D  
001883  1  24 22 24 24  		.byte $24,$22,$24,$24,$22,$24,$1F,$22,$1D,$1F,$1D,$4C,$00,$00,$2C,$3A
001887  1  22 24 1F 22  
00188B  1  1D 1F 1D 4C  
001893  1  23 00 01 12  		.byte $23,$00,$01,$12,$23,$34,$45,$50,$67,$78,$89,$9A,$AB,$B6,$06,$17
001897  1  23 34 45 50  
00189B  1  67 78 89 9A  
0018A3  1  28 39 4A 5B  		.byte $28,$39,$4A,$5B,$CD,$DE,$EF,$00,$0F,$10,$10,$11,$11,$0C,$12,$13
0018A7  1  CD DE EF 00  
0018AB  1  0F 10 10 11  
0018B3  1  13 14 14 15  		.byte $13,$14,$14,$15,$15,$16,$16,$17,$17,$12,$0C,$12,$0D,$13,$0E,$14
0018B7  1  15 16 16 17  
0018BB  1  17 12 0C 12  
0018C3  1  0F 15 10 16  		.byte $0F,$15,$10,$16,$11,$17,$18,$19,$19,$1A,$1A,$1B,$1B,$1C,$1C,$1D
0018C7  1  11 17 18 19  
0018CB  1  19 1A 1A 1B  
0018D3  1  1D 1E 1E 1F  		.byte $1D,$1E,$1E,$1F,$1F,$20,$20,$21,$21,$22,$22,$23,$23,$24,$24,$25
0018D7  1  1F 20 20 21  
0018DB  1  21 22 22 23  
0018E3  1  25 26 26 27  		.byte $25,$26,$26,$27,$27,$28,$28,$29,$2A,$2B,$2B,$2C,$18,$3D,$2A,$3D
0018E7  1  27 28 28 29  
0018EB  1  2A 2B 2B 2C  
0018F3  1  29 3C 2C 3C  		.byte $29,$3C,$2C,$3C,$59,$69,$5C,$69,$5D,$67,$5C,$65,$59,$65,$58,$67
0018F7  1  59 69 5C 69  
0018FB  1  5D 67 5C 65  
001903  1  19 2A 1C 2A  		.byte $19,$2A,$1C,$2A,$1E,$27,$1C,$24,$19,$24,$17,$27,$65,$69,$68,$69
001907  1  1E 27 1C 24  
00190B  1  19 24 17 27  
001913  1  69 67 68 65  		.byte $69,$67,$68,$65,$65,$65,$64,$67,$25,$2A,$28,$2A,$2A,$27,$28,$24
001917  1  65 65 64 67  
00191B  1  25 2A 28 2A  
001923  1  25 24 23 27  		.byte $25,$24,$23,$27,$00,$21,$1F,$21,$1F,$26,$1E,$26,$1E,$23,$16,$23
001927  1  00 21 1F 21  
00192B  1  1F 26 1E 26  
001933  1  16 2B 1F 2B  		.byte $16,$2B,$1F,$2B,$1F,$28,$22,$28,$22,$2B,$2B,$2B,$2B,$23,$23,$23
001937  1  1F 28 22 28  
00193B  1  22 2B 2B 2B  
001943  1  23 26 22 26  		.byte $23,$26,$22,$26,$22,$21,$3F,$21,$00,$1F,$20,$1F,$3F,$1F,$27,$33
001947  1  22 21 3F 21  
00194B  1  00 1F 20 1F  
001953  1  1D 00 01 12  		.byte $1D,$00,$01,$12,$23,$30,$45,$56,$67,$74,$04,$15,$26,$37,$89,$9A
001957  1  23 30 45 56  
00195B  1  67 74 04 15  
001963  1  AB B8 48 7B  		.byte $AB,$B8,$48,$7B,$CD,$DE,$EF,$FC,$5D,$6E,$00,$12,$0F,$13,$0C,$10
001967  1  CD DE EF FC  
00196B  1  5D 6E 00 12  
001973  1  0A 11 09 10  		.byte $0A,$11,$09,$10,$11,$12,$13,$14,$15,$15,$16,$16,$17,$17,$18,$18
001977  1  11 12 13 14  
00197B  1  15 15 16 16  
001983  1  19 1A 1B 1B  		.byte $19,$1A,$1B,$1B,$1C,$1C,$1D,$1D,$1E,$1E,$1F,$20,$21,$21,$22,$22
001987  1  1C 1C 1D 1D  
00198B  1  1E 1E 1F 20  
001993  1  23 23 20 24  		.byte $23,$23,$20,$24,$25,$25,$26,$26,$27,$27,$24,$19,$3E,$1F,$3E,$14
001997  1  25 25 26 26  
00199B  1  27 27 24 19  
0019A3  1  3F 1A 3F 5D  		.byte $3F,$1A,$3F,$5D,$20,$63,$20,$63,$1F,$5D,$1F,$1B,$E0,$25,$E0,$25
0019A7  1  20 63 20 63  
0019AB  1  1F 5D 1F 1B  
0019B3  1  DF 1B DF 1B  		.byte $DF,$1B,$DF,$1B,$22,$1C,$22,$1C,$1D,$1B,$1D,$24,$22,$25,$22,$25
0019B7  1  22 1C 22 1C  
0019BB  1  1D 1B 1D 24  
0019C3  1  1D 24 1D 1C  		.byte $1D,$24,$1D,$1C,$DF,$1C,$E0,$24,$DF,$24,$E0,$1F,$00,$1F,$1C,$1A
0019C7  1  DF 1C E0 24  
0019CB  1  DF 24 E0 1F  
0019D3  1  1C 1A 23 1F  		.byte $1C,$1A,$23,$1F,$23,$1F,$3F,$21,$00,$21,$1C,$26,$1C,$26,$23,$21
0019D7  1  23 1F 3F 21  
0019DB  1  00 21 1C 26  
0019E3  1  23 21 3F 1D  		.byte $23,$21,$3F,$1D,$1E,$1D,$21,$1F,$21,$1F,$1E,$21,$21,$23,$21,$23
0019E7  1  1E 1D 21 1F  
0019EB  1  21 1F 1E 21  
0019F3  1  1E 21 1E 20  		.byte $1E,$21,$1E,$20,$32,$23,$00,$01,$12,$23,$30,$45,$56,$67,$74,$89
0019F7  1  32 23 00 01  
0019FB  1  12 23 30 45  
001A03  1  9A AB B8 CD  		.byte $9A,$AB,$B8,$CD,$DE,$EF,$FC,$04,$48,$8C,$15,$59,$9D,$26,$6A,$AE
001A07  1  DE EF FC 04  
001A0B  1  48 8C 15 59  
001A13  1  37 7B BF 00  		.byte $37,$7B,$BF,$00,$0E,$12,$0C,$10,$0D,$11,$10,$11,$11,$12,$12,$13
001A17  1  0E 12 0C 10  
001A1B  1  0D 11 10 11  
001A23  1  13 10 0F 13  		.byte $13,$10,$0F,$13,$14,$15,$15,$16,$16,$17,$17,$18,$18,$19,$19,$1A
001A27  1  14 15 15 16  
001A2B  1  16 17 17 18  
001A33  1  1A 1B 1B 1C  		.byte $1A,$1B,$1B,$1C,$1C,$1D,$1E,$1F,$1F,$20,$14,$3E,$1E,$3E,$1D,$3F
001A37  1  1C 1D 1E 1F  
001A3B  1  1F 20 14 3E  
001A43  1  20 3F D6 62  		.byte $20,$3F,$D6,$62,$DB,$62,$DB,$5D,$D6,$5D,$97,$E1,$9A,$E1,$9A,$DE
001A47  1  DB 62 DB 5D  
001A4B  1  D6 5D 97 E1  
001A53  1  97 DE 97 61  		.byte $97,$DE,$97,$61,$9A,$61,$9A,$5E,$97,$5E,$56,$62,$5B,$62,$5B,$5D
001A57  1  9A 61 9A 5E  
001A5B  1  97 5E 56 62  
001A63  1  56 5D 14 24  		.byte $56,$5D,$14,$24,$1D,$24,$1D,$1B,$14,$1B,$1F,$3F,$1F,$21,$1E,$21
001A67  1  1D 24 1D 1B  
001A6B  1  14 1B 1F 3F  
001A73  1  1E 25 13 25  		.byte $1E,$25,$13,$25,$13,$1A,$1E,$1A,$1E,$1E,$1F,$1E,$1F,$00,$21,$3F
001A77  1  13 1A 1E 1A  
001A7B  1  1E 1E 1F 1E  
001A83  1  21 20 21 00  		.byte $21,$20,$21,$00,$1D,$2E,$1F,$00,$04,$48,$8C,$03,$37,$7B,$BF,$02
001A87  1  1D 2E 1F 00  
001A8B  1  04 48 8C 03  
001A93  1  26 6A AE 01  		.byte $26,$6A,$AE,$01,$15,$59,$9D,$12,$23,$34,$41,$56,$67,$78,$85,$9A
001A97  1  15 59 9D 12  
001A9B  1  23 34 41 56  
001AA3  1  AB BC C9 DE  		.byte $AB,$BC,$C9,$DE,$EF,$00,$0C,$10,$0F,$10,$10,$0D,$11,$12,$12,$13
001AA7  1  EF 00 0C 10  
001AAB  1  0F 10 10 0D  
001AB3  1  13 14 14 15  		.byte $13,$14,$14,$15,$15,$16,$16,$17,$17,$18,$18,$19,$19,$1A,$1B,$1C
001AB7  1  15 16 16 17  
001ABB  1  17 18 18 19  
001AC3  1  1C 1D 11 3D  		.byte $1C,$1D,$11,$3D,$1B,$3D,$1A,$3C,$1D,$3C,$A0,$6E,$1E,$F0,$22,$F0
001AC7  1  1B 3D 1A 3C  
001ACB  1  1D 3C A0 6E  
001AD3  1  22 EC 1E EC  		.byte $22,$EC,$1E,$EC,$1C,$32,$24,$32,$24,$2A,$1C,$2A,$1B,$73,$25,$73
001AD7  1  1C 32 24 32  
001ADB  1  24 2A 1C 2A  
001AE3  1  25 69 1B 69  		.byte $25,$69,$1B,$69,$1A,$F4,$26,$F4,$26,$E8,$1A,$E8,$00,$21,$1F,$21
001AE7  1  1A F4 26 F4  
001AEB  1  26 E8 1A E8  
001AF3  1  1F 27 19 27  		.byte $1F,$27,$19,$27,$19,$35,$27,$35,$27,$27,$21,$27,$21,$21,$3F,$21
001AF7  1  19 35 27 35  
001AFB  1  27 27 21 27  
001B03  1  00 1F 20 1F  		.byte $00,$1F,$20,$1F,$3F,$1F,$23,$2D,$1F,$00,$01,$12,$23,$30,$45,$58
001B07  1  3F 1F 23 2D  
001B0B  1  1F 00 01 12  
001B13  1  89 94 CD DE  		.byte $89,$94,$CD,$DE,$EF,$FC,$6B,$7A,$04,$15,$82,$93,$00,$10,$11,$11
001B17  1  EF FC 6B 7A  
001B1B  1  04 15 82 93  
001B23  1  14 14 15 15  		.byte $14,$14,$15,$15,$10,$0B,$17,$17,$12,$12,$06,$0A,$16,$16,$13,$13
001B27  1  10 0B 17 17  
001B2B  1  12 12 06 0A  
001B33  1  07 0C 10 0D  		.byte $07,$0C,$10,$0D,$11,$0E,$14,$0F,$15,$18,$19,$19,$1A,$1A,$1B,$1B
001B37  1  11 0E 14 0F  
001B3B  1  15 18 19 19  
001B43  1  1C 1C 1D 1E  		.byte $1C,$1C,$1D,$1E,$1F,$1F,$20,$20,$21,$21,$22,$22,$23,$18,$3E,$1E
001B47  1  1F 1F 20 20  
001B4B  1  21 21 22 22  
001B53  1  3E 1D 3F 23  		.byte $3E,$1D,$3F,$23,$3F,$E3,$22,$E3,$1E,$23,$1E,$23,$22,$E2,$22,$E2
001B57  1  3F E3 22 E3  
001B5B  1  1E 23 1E 23  
001B63  1  1E 62 5E 62  		.byte $1E,$62,$5E,$62,$1E,$22,$1E,$22,$22,$62,$22,$62,$62,$DD,$22,$DD
001B67  1  1E 22 1E 22  
001B6B  1  22 62 22 62  
001B73  1  1E 1D 1E 1D  		.byte $1E,$1D,$1E,$1D,$22,$DE,$22,$DE,$1E,$5E,$5E,$5E,$1E,$1E,$1E,$1E
001B77  1  22 DE 22 DE  
001B7B  1  1E 5E 5E 5E  
001B83  1  22 5E 22 5E  		.byte $22,$5E,$22,$5E,$62,$1F,$3F,$1F,$23,$1C,$23,$1C,$1D,$1F,$1D,$1F
001B87  1  62 1F 3F 1F  
001B8B  1  23 1C 23 1C  
001B93  1  00 21 3F 21  		.byte $00,$21,$3F,$21,$23,$24,$23,$24,$1D,$21,$1D,$21,$00,$21,$31,$29
001B97  1  23 24 23 24  
001B9B  1  1D 21 1D 21  
001BA3  1  00 01 02 03  		.byte $00,$01,$02,$03,$12,$23,$31,$45,$46,$47,$56,$67,$75,$89,$8A,$8B
001BA7  1  12 23 31 45  
001BAB  1  46 47 56 67  
001BB3  1  9A AB B9 CD  		.byte $9A,$AB,$B9,$CD,$CE,$CF,$DE,$EF,$FD,$00,$10,$11,$10,$12,$10,$13
001BB7  1  CE CF DE EF  
001BBB  1  FD 00 10 11  
001BC3  1  11 12 12 13  		.byte $11,$12,$12,$13,$13,$11,$14,$15,$14,$16,$14,$17,$15,$16,$16,$17
001BC7  1  13 11 14 15  
001BCB  1  14 16 14 17  
001BD3  1  17 15 18 19  		.byte $17,$15,$18,$19,$18,$1A,$18,$1B,$19,$1A,$1A,$1B,$1B,$19,$1C,$1D
001BD7  1  18 1A 18 1B  
001BDB  1  19 1A 1A 1B  
001BE3  1  1D 1E 1F 20  		.byte $1D,$1E,$1F,$20,$20,$21,$1C,$3D,$1F,$3D,$1E,$3C,$21,$3C,$54,$1C
001BE7  1  20 21 1C 3D  
001BEB  1  1F 3D 1E 3C  
001BF3  1  14 1D 16 1B  		.byte $14,$1D,$16,$1B,$12,$1B,$58,$A3,$18,$24,$1A,$22,$16,$22,$5C,$D6
001BF7  1  12 1B 58 A3  
001BFB  1  18 24 1A 22  
001C03  1  1C 17 1E 15  		.byte $1C,$17,$1E,$15,$1A,$15,$60,$67,$20,$28,$22,$26,$1E,$26,$A3,$1B
001C07  1  1A 15 60 67  
001C0B  1  20 28 22 26  
001C13  1  23 1C 25 1A  		.byte $23,$1C,$25,$1A,$21,$1A,$69,$A5,$29,$26,$2B,$24,$27,$24,$AC,$58
001C17  1  21 1A 69 A5  
001C1B  1  29 26 2B 24  
001C23  1  2C 19 2E 17  		.byte $2C,$19,$2E,$17,$2A,$17,$00,$21,$20,$21,$3F,$21,$00,$1F,$20,$1F
001C27  1  2A 17 00 21  
001C2B  1  20 21 3F 21  
001C33  1  3F 1F 18 26  		.byte $3F,$1F,$18,$26,$1B,$00,$01,$12,$23,$30,$45,$56,$67,$74,$89,$9A
001C37  1  1B 00 01 12  
001C3B  1  23 30 45 56  
001C43  1  AB B8 CD DE  		.byte $AB,$B8,$CD,$DE,$EF,$FC,$04,$48,$8C,$15,$59,$9D,$26,$6A,$AE,$37
001C47  1  EF FC 04 48  
001C4B  1  8C 15 59 9D  
001C53  1  7B BF 00 10  		.byte $7B,$BF,$00,$10,$11,$11,$12,$12,$13,$13,$14,$14,$15,$16,$17,$17
001C57  1  11 11 12 12  
001C5B  1  13 13 14 14  
001C63  1  18 10 3D 16  		.byte $18,$10,$3D,$16,$3D,$15,$3C,$18,$3C,$99,$5C,$99,$6A,$A7,$6A,$A7
001C67  1  3D 15 3C 18  
001C6B  1  3C 99 5C 99  
001C73  1  5C 5C DF 5C  		.byte $5C,$5C,$DF,$5C,$E7,$64,$E7,$64,$DF,$5E,$21,$5E,$25,$62,$25,$62
001C77  1  E7 64 E7 64  
001C7B  1  DF 5E 21 5E  
001C83  1  21 1F 22 1F  		.byte $21,$1F,$22,$1F,$24,$21,$24,$21,$22,$00,$21,$1E,$21,$1E,$25,$22
001C87  1  24 21 24 21  
001C8B  1  22 00 21 1E  
001C93  1  25 22 21 3F  		.byte $25,$22,$21,$3F,$21,$00,$1F,$20,$1F,$3F,$1F,$21,$31,$29,$00,$01
001C97  1  21 00 1F 20  
001C9B  1  1F 3F 1F 21  
001CA3  1  12 23 34 45  		.byte $12,$23,$34,$45,$56,$67,$78,$89,$9A,$AB,$BC,$CD,$D0,$EF,$0E,$1F
001CA7  1  56 67 78 89  
001CAB  1  9A AB BC CD  
001CB3  1  00 0F 10 10  		.byte $00,$0F,$10,$10,$11,$11,$12,$12,$13,$13,$14,$14,$15,$15,$16,$16
001CB7  1  11 11 12 12  
001CBB  1  13 13 14 14  
001CC3  1  17 17 18 18  		.byte $17,$17,$18,$18,$19,$19,$1A,$1A,$1B,$1B,$0E,$02,$10,$03,$11,$04
001CC7  1  19 19 1A 1A  
001CCB  1  1B 1B 0E 02  
001CD3  1  12 05 13 06  		.byte $12,$05,$13,$06,$14,$07,$15,$08,$16,$09,$17,$0A,$18,$0B,$19,$0C
001CD7  1  14 07 15 08  
001CDB  1  16 09 17 0A  
001CE3  1  1A 0D 1B 1C  		.byte $1A,$0D,$1B,$1C,$1D,$1D,$1E,$1F,$20,$20,$21,$1C,$3D,$1F,$3D,$1E
001CE7  1  1D 1D 1E 1F  
001CEB  1  20 20 21 1C  
001CF3  1  3C 21 3C 5C  		.byte $3C,$21,$3C,$5C,$66,$5C,$64,$1C,$E2,$1C,$DE,$5C,$5C,$5C,$5A,$1C
001CF7  1  66 5C 64 1C  
001CFB  1  E2 1C DE 5C  
001D03  1  D8 1C 18     		.byte $D8,$1C,$18
001D06  1               
001D06  1               GROUND_STRUCTURE_X_LSB_1D00:
001D06  1  03 52 AE 00  		.byte $03,$52,$AE,$00,$00,$00,$00,$00,$00,$00,$00,$00,$94,$51,$4E,$3F
001D0A  1  00 00 00 00  
001D0E  1  00 00 00 00  
001D16  1  56 69 4F 35  		.byte $56,$69,$4F,$35,$1D,$08,$46,$79,$25,$6C,$3C,$18,$24,$1E,$24,$9E
001D1A  1  1D 08 46 79  
001D1E  1  25 6C 3C 18  
001D26  1  24 A2 24 22  		.byte $24,$A2,$24,$22,$24,$28,$24,$E8,$00,$21,$20,$21,$3F,$21,$00,$1F
001D2A  1  24 28 24 E8  
001D2E  1  00 21 20 21  
001D36  1  20 1F 3F 1F  		.byte $20,$1F,$3F,$1F,$23,$31,$23,$00,$01,$12,$23,$34,$45,$56,$67,$78
001D3A  1  23 31 23 00  
001D3E  1  01 12 23 34  
001D46  1               
001D46  1               GROUND_STRUCTURE_X_MSB_1D40:
001D46  1  6F 77 75 74  		.byte $6F,$77,$75,$74,$61,$61,$9E,$9E,$94,$94,$9A,$9A,$F9,$00,$0F,$10
001D4A  1  61 61 9E 9E  
001D4E  1  94 94 9A 9A  
001D56  1  10 11 11 12  		.byte $10,$11,$11,$12,$12,$13,$13,$14,$14,$15,$15,$16,$16,$17,$17,$00
001D5A  1  12 13 13 14  
001D5E  1  14 15 15 16  
001D66  1  01 17 02 16  		.byte $01,$17,$02,$16,$03,$15,$13,$11,$14,$10,$15,$0F,$18,$19,$19,$1A
001D6A  1  03 15 13 11  
001D6E  1  14 10 15 0F  
001D76  1  1A 1B 1B 1C  		.byte $1A,$1B,$1B,$1C,$1C,$1D,$1D,$1E,$1E,$1F,$1F,$20,$21,$22,$22,$23
001D7A  1  1C 1D 1D 1E  
001D7E  1  1E 1F 1F 20  
001D86  1               
001D86  1               GROUND_STRUCTURE_Y_LSB_1D80:
001D86  1  00 00 00 00  		.byte $00,$00,$00,$00,$00,$00,$00,$00,$00,$00,$00,$00,$81,$6D,$35,$29
001D8A  1  00 00 00 00  
001D8E  1  00 00 00 00  
001D96  1  23 2B 36 44  		.byte $23,$2B,$36,$44,$6E,$7D,$3F,$7E,$3C,$38,$46,$29,$5E,$28,$5F,$A6
001D9A  1  6E 7D 3F 7E  
001D9E  1  3C 38 46 29  
001DA6  1  60 E3 61 A6  		.byte $60,$E3,$61,$A6,$62,$28,$23,$29,$64,$2A,$66,$AB,$69,$EC,$66,$AD
001DAA  1  62 28 23 29  
001DAE  1  64 2A 66 AB  
001DB6  1  64 2E 23 2F  		.byte $64,$2E,$23,$2F,$62,$30,$61,$B2,$00,$21,$1F,$21,$1F,$24,$17,$2C
001DBA  1  62 30 61 B2  
001DBE  1  00 21 1F 21  
001DC6  1               
001DC6  1               GROUND_STRUCTURE_Y_MSB_1DC0:
001DC6  1  08 08 08 00  		.byte $08,$08,$08,$00,$00,$00,$00,$00,$00,$00,$00,$00,$20,$1F,$3F,$1F
001DCA  1  00 00 00 00  
001DCE  1  00 00 00 00  
001DD6  1  4C 00 00 00  		.byte $4C,$00,$00,$00,$00,$00,$00,$00,$00,$00,$00,$00,$00,$00,$00,$00
001DDA  1  00 00 00 00  
001DDE  1  00 00 00 00  
001DE6  1  00 00 00 00  		.byte $00,$00,$00,$00,$00,$00,$00,$00,$00,$00,$00,$00,$00,$00,$00,$00
001DEA  1  00 00 00 00  
001DEE  1  00 00 00 00  
001DF6  1  00 00 00 00  		.byte $00,$00,$00,$00,$00,$00,$00,$00,$00,$00,$00,$00,$00,$00,$00,$00
001DFA  1  00 00 00 00  
001DFE  1  00 00 00 00  
001E06  1               
001E06  1               GROUND_STRUCTURE_Z_LSB_1E00:
001E06  1  B3 04 47 00  		.byte $B3,$04,$47,$00,$00,$00,$00,$00,$00,$00,$00,$00,$A9,$FE,$8D,$01
001E0A  1  00 00 00 00  
001E0E  1  00 00 00 00  
001E16  1  D3 BD 00 1E  		.byte $D3,$BD,$00,$1E,$9D,$00,$C0,$E8,$D0,$F7,$EE,$13,$1E,$EE,$16,$1E
001E1A  1  9D 00 C0 E8  
001E1E  1  D0 F7 EE 13  
001E26  1  AD 16 1E C9  		.byte $AD,$16,$1E,$C9,$C0,$D0,$EA,$BD,$00,$F8,$9D,$00,$B8,$E8,$D0,$F7
001E2A  1  C0 D0 EA BD  
001E2E  1  00 F8 9D 00  
001E36  1  EE 29 1E EE  		.byte $EE,$29,$1E,$EE,$2C,$1E,$AD,$2C,$1E,$C9,$B8,$D0,$EA,$4C,$00,$93
001E3A  1  2C 1E AD 2C  
001E3E  1  1E C9 B8 D0  
001E46  1               
001E46  1               GROUND_STRUCTURE_Z_MSB_1E40:
001E46  1  8E 94 8A 8F  		.byte $8E,$94,$8A,$8F,$82,$7E,$7E,$90,$90,$86,$86,$82,$07,$60,$BD,$00
001E4A  1  82 7E 7E 90  
001E4E  1  90 86 86 82  
001E56  1  9F F0 25 30  		.byte $9F,$F0,$25,$30,$17,$B9,$00,$9F,$F0,$12,$30,$1C,$B9,$40,$9D,$49
001E5A  1  17 B9 00 9F  
001E5E  1  F0 12 30 1C  
001E66  1  80 85 04 BD  		.byte $80,$85,$04,$BD,$40,$9D,$49,$80,$C5,$04,$B0,$0C,$98,$86,$04,$AA
001E6A  1  40 9D 49 80  
001E6E  1  C5 04 B0 0C  
001E76  1  A4 04 BD 00  		.byte $A4,$04,$BD,$00,$9F,$10,$01,$60,$BD,$00,$9F,$85,$6C,$30,$1E,$BD
001E7A  1  9F 10 01 60  
001E7E  1  BD 00 9F 85  
001E86  1               
001E86  1               ROOM_DATA_1E80:
001E86  1  00 01 02 00  		.byte $00,$01,$02,$00,$01,$02,$04,$05,$06,$07,$08,$09,$0A,$0B,$BD,$80
001E8A  1  01 02 04 05  
001E8E  1  06 07 08 09  
001E96  1  9D 85 5D BD  		.byte $9D,$85,$5D,$BD,$00,$9E,$85,$5E,$BD,$40,$9E,$85,$5F,$BD,$00,$9C
001E9A  1  00 9E 85 5E  
001E9E  1  BD 40 9E 85  
001EA6  1  85 50 BD 40  		.byte $85,$50,$BD,$40,$9C,$85,$51,$BD,$80,$9C,$85,$52,$BD,$C0,$9C,$85
001EAA  1  9C 85 51 BD  
001EAE  1  80 9C 85 52  
001EB6  1  53 BD 00 9D  		.byte $53,$BD,$00,$9D,$85,$54,$BD,$40,$9D,$85,$55,$B9,$00,$9F,$85,$6D
001EBA  1  85 54 BD 40  
001EBE  1  9D 85 55 B9  
001EC6  1               
001EC6  1               ROOM_DATA_1EC0:
001EC6  1  01 02 00 03  		.byte $01,$02,$00,$03,$03,$03,$05,$06,$07,$08,$09,$0A,$0B,$04,$9D,$85
001ECA  1  03 03 05 06  
001ECE  1  07 08 09 0A  
001ED6  1  60 B9 80 9D  		.byte $60,$B9,$80,$9D,$85,$61,$B9,$00,$9E,$85,$62,$B9,$40,$9E,$85,$63
001EDA  1  85 61 B9 00  
001EDE  1  9E 85 62 B9  
001EE6  1  B9 00 9C 85  		.byte $B9,$00,$9C,$85,$56,$B9,$40,$9C,$85,$57,$B9,$80,$9C,$85,$58,$B9
001EEA  1  56 B9 40 9C  
001EEE  1  85 57 B9 80  
001EF6  1  C0 9C 85 59  		.byte $C0,$9C,$85,$59,$B9,$00,$9D,$85,$5A,$B9,$40,$9D,$85,$5B,$A5,$6D
001EFA  1  B9 00 9D 85  
001EFE  1  5A B9 40 9D  
001F06  1               
001F06  1  20 43 43 43  L1F00:		.byte $20,$43,$43,$43,$43,$02,$07,$4A,$43,$20,$43,$43,$43,$43,$02,$20
001F0A  1  43 02 07 4A  
001F0E  1  43 20 43 43  
001F16  1  20 43 43 43  		.byte $20,$43,$43,$43,$43,$02,$02,$43,$43,$43,$49,$43,$43,$43,$02,$02
001F1A  1  43 02 02 43  
001F1E  1  43 43 49 43  
001F26  1  43 43 02 02  		.byte $43,$43,$02,$02,$02,$02,$02,$43,$02,$20,$02,$02,$43,$43,$02,$10
001F2A  1  02 02 02 43  
001F2E  1  02 20 02 02  
001F36  1  43 43 05 02  		.byte $43,$43,$05,$02,$02,$02,$08,$43,$02,$02,$20,$02,$46,$43,$43,$43
001F3A  1  02 02 08 43  
001F3E  1  02 02 20 02  
001F46  1  43 4F 4D 43  		.byte $43,$4F,$4D,$43,$43,$43,$43,$43,$02,$02,$02,$02,$43,$51,$43,$43
001F4A  1  43 43 43 43  
001F4E  1  02 02 02 02  
001F56  1  20 43 43 43  		.byte $20,$43,$43,$43,$43,$43,$02,$02,$02,$02,$02,$02,$43,$43,$52,$43
001F5A  1  43 43 02 02  
001F5E  1  02 02 02 02  
001F66  1  43 43 43 43  		.byte $43,$43,$43,$43,$43,$43,$02,$20,$02,$02,$02,$02,$43,$20,$02,$02
001F6A  1  43 43 02 20  
001F6E  1  02 02 02 02  
001F76  1  43 43 43 20  		.byte $43,$43,$43,$20,$43,$43,$02,$02,$0B,$02,$02,$20,$43,$43,$02,$02
001F7A  1  43 43 02 02  
001F7E  1  0B 02 02 20  
001F86  1  43 43 43 44  		.byte $43,$43,$43,$44,$43,$43,$02,$02,$02,$02,$02,$20,$43,$43,$12,$20
001F8A  1  43 43 02 02  
001F8E  1  02 02 02 20  
001F96  1  02 02 02 43  		.byte $02,$02,$02,$43,$43,$43,$02,$0E,$02,$20,$02,$02,$43,$43,$02,$02
001F9A  1  43 43 02 0E  
001F9E  1  02 20 02 02  
001FA6  1  02 02 02 43  		.byte $02,$02,$02,$43,$43,$43,$02,$02,$02,$02,$20,$02,$43,$43,$02,$02
001FAA  1  43 43 02 02  
001FAE  1  02 02 20 02  
001FB6  1  02 02 20 43  		.byte $02,$02,$20,$43,$43,$43,$20,$43,$43,$20,$20,$43,$52,$43,$02,$02
001FBA  1  43 43 20 43  
001FBE  1  43 20 20 43  
001FC6  1  43 43 20 43  		.byte $43,$43,$20,$43,$43,$43,$43,$43,$43,$43,$20,$20,$43,$43,$43,$43
001FCA  1  43 43 43 43  
001FCE  1  43 43 20 20  
001FD6  1  20 02 20 11  		.byte $20,$02,$20,$11,$02,$20,$02,$02,$02,$11,$02,$02,$0C,$43,$43,$43
001FDA  1  02 20 02 02  
001FDE  1  02 11 02 02  
001FE6  1  02 02 02 20  		.byte $02,$02,$02,$20,$20,$02,$02,$02,$02,$02,$02,$02,$02,$43,$43,$43
001FEA  1  20 02 02 02  
001FEE  1  02 02 02 02  
001FF6  1  02 02 02 02  		.byte $02,$02,$02,$02,$11,$02,$12,$02,$02,$11,$02,$12,$02,$43,$43,$02
001FFA  1  11 02 12 02  
001FFE  1  02 11 02 12  
002006  1               
002006  1               
002006  1               
002006  1               ;
002006  1               ; Y-Pos Hi
002006  1               ;
002006  1  00 00 00 00  SCR_Y_HI_2000:	.byte $00,$00,$00,$00,$00,$00,$01,$01,$01,$01,$01,$01,$01,$02,$02,$02
00200A  1  00 00 01 01  
00200E  1  01 01 01 01  
002016  1  02 02 02 03  		.byte $02,$02,$02,$03,$03,$03,$03,$03,$03,$03,$04,$04,$04,$04,$04,$04
00201A  1  03 03 03 03  
00201E  1  03 03 04 04  
002026  1  05 05 05 05  		.byte $05,$05,$05,$05,$05,$05,$06,$06,$06,$06,$06,$06,$06,$07,$07,$07
00202A  1  05 05 06 06  
00202E  1  06 06 06 06  
002036  1  07 07 07 08  		.byte $07,$07,$07,$08,$08,$08,$08,$08,$08,$08,$09,$09,$09,$09,$09,$09
00203A  1  08 08 08 08  
00203E  1  08 08 09 09  
002046  1  0A 0A 0A 0A  		.byte $0A,$0A,$0A,$0A,$0A,$0A,$0B,$0B,$0B,$0B,$0B,$0B,$0B,$0C,$0C,$0C
00204A  1  0A 0A 0B 0B  
00204E  1  0B 0B 0B 0B  
002056  1  0C 0C 0C 0D  		.byte $0C,$0C,$0C,$0D,$0D,$0D,$0D,$0D,$0D,$0D,$0E,$0E,$0E,$0E,$0E,$0E
00205A  1  0D 0D 0D 0D  
00205E  1  0D 0D 0E 0E  
002066  1  0F 0F 0F 0F  		.byte $0F,$0F,$0F,$0F,$0F,$0F,$10,$10,$10,$10,$10,$10,$10,$11,$11,$11
00206A  1  0F 0F 10 10  
00206E  1  10 10 10 10  
002076  1  11 11 11 12  		.byte $11,$11,$11,$12,$12,$12,$12,$12,$12,$12,$13,$13,$13,$13,$13,$13
00207A  1  12 12 12 12  
00207E  1  12 12 13 13  
002086  1  14 14 14 14  		.byte $14,$14,$14,$14,$14,$14,$15,$15,$15,$15,$15,$15,$15,$16,$16,$16
00208A  1  14 14 15 15  
00208E  1  15 15 15 15  
002096  1  16 16 16 17  		.byte $16,$16,$16,$17,$17,$17,$17,$17,$17,$17,$18,$18,$18,$18,$18,$18
00209A  1  17 17 17 17  
00209E  1  17 17 18 18  
0020A6  1               
0020A6  1  00           L20A0:      	.byte $00
0020A7  1  00 00 00 80  L20A1:      	.byte $00,$00,$00,$80
0020AB  1  40           		.byte $40
0020AC  1  80 00 00 80  L20A6:      	.byte $80,$00,$00,$80,$80,$00
0020B0  1  80 00        
0020B2  1  00 80 00 00  L20AC:      	.byte $00,$80,$00,$00
0020B6  1  29 B8 28 B8  L20B0:      	.byte $29,$B8,$28,$B8,$24,$28,$24,$20,$21,$25,$25,$21,$20,$24,$1D
0020BA  1  24 28 24 20  
0020BE  1  21 25 25 21  
0020C5  1  1C           		.byte $1C
0020C6  1  80 80 80 00  L20C0:      	.byte $80,$80,$80,$00
0020CA  1  C0 00        		.byte $C0,$00
0020CC  1  C0 00        		.byte $C0,$00
0020CE  1  00           		.byte $00
0020CF  1  C0 40        		.byte $C0,$40
0020D1  1  80 80        		.byte $80,$80
0020D3  1  40           		.byte $40
0020D4  1  00 00        		.byte $00,$00
0020D6  1  25 28 25 25  L20D0:      	.byte $25,$28,$25,$25,$20,$20,$20,$24,$24,$20,$24,$24,$24,$24,$18,$18
0020DA  1  20 20 20 24  
0020DE  1  24 20 24 24  
0020E6  1  00 00 00 00  		.byte $00,$00,$00,$00,$00,$00,$00,$00,$00,$00,$00,$00,$00,$00,$00,$00
0020EA  1  00 00 00 00  
0020EE  1  00 00 00 00  
0020F6  1  02 02 02 02  		.byte $02,$02,$02,$02,$02,$02,$02,$02,$02,$02,$02,$02,$02,$02,$02,$02
0020FA  1  02 02 02 02  
0020FE  1  02 02 02 02  
002106  1               
002106  1               ZERO_PAGE_SAVE_2100:
002106  1  FF 01 FF 00  		.byte $FF,$01,$FF,$00,$06,$05,$01,$00,$00,$00,$23,$F2,$92,$05,$00,$00
00210A  1  06 05 01 00  
00210E  1  00 00 23 F2  
002116  1  C0 FF 00 06  		.byte $C0,$FF,$00,$06,$83,$EA,$02,$0B,$00,$00,$00,$00,$00,$00,$00,$00
00211A  1  83 EA 02 0B  
00211E  1  00 00 00 00  
002126  1  06 01 03 01  		.byte $06,$01,$03,$01,$48,$C4,$AF,$F2,$00,$00,$0C,$00,$AF,$F2,$00,$0C
00212A  1  48 C4 AF F2  
00212E  1  00 00 0C 00  
002136  1  01 57 00 9C  		.byte $01,$57,$00,$9C,$00,$9C,$00,$00,$FF,$FF,$FF,$FF,$00,$00,$00,$00
00213A  1  00 9C 00 00  
00213E  1  FF FF FF FF  
002146  1  00 03 00 00  		.byte $00,$03,$00,$00,$00,$00,$00,$00,$00,$00,$00,$00,$01,$06,$FE,$00
00214A  1  00 00 00 00  
00214E  1  00 00 00 00  
002156  1  80 02 02 27  		.byte $80,$02,$02,$27,$00,$02,$00,$00,$40,$9C,$00,$00,$00,$00,$42,$9C
00215A  1  00 02 00 00  
00215E  1  40 9C 00 00  
002166  1  11 FC 01 02  		.byte $11,$FC,$01,$02,$42,$9C,$01,$00,$3D,$9C,$A0,$00,$00,$02,$00,$7F
00216A  1  42 9C 01 00  
00216E  1  3D 9C A0 00  
002176  1  00 00 00 00  		.byte $00,$00,$00,$00,$00,$00,$00,$00,$00,$51,$FB,$00,$00,$00,$00,$00
00217A  1  00 00 00 00  
00217E  1  00 51 FB 00  
002186  1  00 00 00 00  		.byte $00,$00,$00,$00,$00,$00,$00,$00,$00,$00,$00,$75,$70,$00,$00,$00
00218A  1  00 00 00 00  
00218E  1  00 00 00 75  
002196  1  00 00 00 00  		.byte $00,$00,$00,$00,$00,$00,$00,$00,$00,$00,$00,$00,$00,$00,$00,$00
00219A  1  00 00 00 00  
00219E  1  00 00 00 00  
0021A6  1  00 00 00 00  		.byte $00,$00,$00,$00,$00,$00,$00,$00,$00,$00,$00,$00,$00,$00,$00,$00
0021AA  1  00 00 00 00  
0021AE  1  00 00 00 00  
0021B6  1  80 9B 00 00  		.byte $80,$9B,$00,$00,$9C,$2A,$00,$00,$00,$00,$00,$00,$00,$00,$00,$00
0021BA  1  9C 2A 00 00  
0021BE  1  00 00 00 00  
0021C6  1  00 00 00 00  		.byte $00,$00,$00,$00,$00,$00,$00,$00,$00,$00,$00,$00,$00,$00,$00,$00
0021CA  1  00 00 00 00  
0021CE  1  00 00 00 00  
0021D6  1  00 00 00 00  		.byte $00,$00,$00,$00,$00,$00,$00,$00,$00,$00,$00,$00,$00,$00,$00,$00
0021DA  1  00 00 00 00  
0021DE  1  00 00 00 00  
0021E6  1  00 00 00 00  		.byte $00,$00,$00,$00,$00,$00,$00,$00,$00,$00,$00,$00,$00,$00,$00,$00
0021EA  1  00 00 00 00  
0021EE  1  00 00 00 00  
0021F6  1  00 00 00 00  		.byte $00,$00,$00,$00,$00,$00,$00,$00,$00,$00,$00,$00,$00,$00,$00,$00
0021FA  1  00 00 00 00  
0021FE  1  00 00 00 00  
002206  1               
002206  1               L21FC		= $21FC
002206  1               
002206  1               LOG_TAB_L2200:
002206  1  00 01 03 04  		.BYTE $00,$01,$03,$04,$06,$07,$09,$0A,$0B,$0D,$0E,$10,$11,$12,$14,$15,$16,$18,$19,$1A,$1C,$1D,$1E,$20,$21,$22,$24,$25,$26,$28,$29,$2A
00220A  1  06 07 09 0A  
00220E  1  0B 0D 0E 10  
002226  1  2C 2D 2E 2F  		.BYTE $2C,$2D,$2E,$2F,$31,$32,$33,$34,$36,$37,$38,$39,$3B,$3C,$3D,$3E,$3F,$41,$42,$43,$44,$45,$47,$48,$49,$4A,$4B,$4D,$4E,$4F,$50,$51
00222A  1  31 32 33 34  
00222E  1  36 37 38 39  
002246  1  52 54 55 56  		.BYTE $52,$54,$55,$56,$57,$58,$59,$5A,$5C,$5D,$5E,$5F,$60,$61,$62,$63,$64,$66,$67,$68,$69,$6A,$6B,$6C,$6D,$6E,$6F,$70,$71,$72,$74,$75
00224A  1  57 58 59 5A  
00224E  1  5C 5D 5E 5F  
002266  1  76 77 78 79  		.BYTE $76,$77,$78,$79,$7A,$7B,$7C,$7D,$7E,$7F,$80,$81,$82,$83,$84,$85,$86,$87,$88,$89,$8A,$8B,$8C,$8D,$8E,$8F,$90,$91,$92,$93,$94,$95
00226A  1  7A 7B 7C 7D  
00226E  1  7E 7F 80 81  
002286  1  96 97 98 99  		.BYTE $96,$97,$98,$99,$9A,$9B,$9B,$9C,$9D,$9E,$9F,$A0,$A1,$A2,$A3,$A4,$A5,$A6,$A7,$A8,$A9,$A9,$AA,$AB,$AC,$AD,$AE,$AF,$B0,$B1,$B2,$B2
00228A  1  9A 9B 9B 9C  
00228E  1  9D 9E 9F A0  
0022A6  1  B3 B4 B5 B6  		.BYTE $B3,$B4,$B5,$B6,$B7,$B8,$B9,$B9,$BA,$BB,$BC,$BD,$BE,$BF,$C0,$C0,$C1,$C2,$C3,$C4,$C5,$C6,$C6,$C7,$C8,$C9,$CA,$CB,$CB,$CC,$CD,$CE
0022AA  1  B7 B8 B9 B9  
0022AE  1  BA BB BC BD  
0022C6  1  CF D0 D0 D1  		.BYTE $CF,$D0,$D0,$D1,$D2,$D3,$D4,$D4,$D5,$D6,$D7,$D8,$D8,$D9,$DA,$DB,$DC,$DC,$DD,$DE,$DF,$E0,$E0,$E1,$E2,$E3,$E4,$E4,$E5,$E6,$E7,$E7
0022CA  1  D2 D3 D4 D4  
0022CE  1  D5 D6 D7 D8  
0022E6  1  E8 E9 EA EA  		.BYTE $E8,$E9,$EA,$EA,$EB,$EC,$ED,$EE,$EE,$EF,$F0,$F1,$F1,$F2,$F3,$F4,$F4,$F5,$F6,$F7,$F7,$F8,$F9,$F9,$FA,$FB,$FC,$FC,$FD,$FE,$FF,$FF
0022EA  1  EB EC ED EE  
0022EE  1  EE EF F0 F1  
002306  1               
002306  1               L2212		= $2212
002306  1               L2228		= $2228
002306  1               L22E5		= $22E5
002306  1               L2220		= $2220
002306  1               
002306  1  00 01 01 02  EXP_TAB_2300:	.BYTE $00,$01,$01,$02,$03,$03,$04,$05,$06,$06,$07,$08,$08,$09,$0A,$0B,$0B,$0C,$0D,$0E,$0E,$0F,$10,$10,$11,$12,$13,$13,$14,$15,$16,$16
00230A  1  03 03 04 05  
00230E  1  06 06 07 08  
002326  1  17 18 19 19  		.BYTE $17,$18,$19,$19,$1A,$1B,$1C,$1D,$1D,$1E,$1F,$20,$20,$21,$22,$23,$24,$24,$25,$26,$27,$28,$28,$29,$2A,$2B,$2C,$2C,$2D,$2E,$2F,$30
00232A  1  1A 1B 1C 1D  
00232E  1  1D 1E 1F 20  
002346  1  30 31 32 33  		.BYTE $30,$31,$32,$33,$34,$35,$35,$36,$37,$38,$39,$3A,$3A,$3B,$3C,$3D,$3E,$3F,$40,$41,$41,$42,$43,$44,$45,$46,$47,$48,$48,$49,$4A,$4B
00234A  1  34 35 35 36  
00234E  1  37 38 39 3A  
002366  1  4C 4D 4E 4F  		.BYTE $4C,$4D,$4E,$4F,$50,$51,$51,$52,$53,$54,$55,$56,$57,$58,$59,$5A,$5B,$5C,$5D,$5E,$5E,$5F,$60,$61,$62,$63,$64,$65,$66,$67,$68,$69
00236A  1  50 51 51 52  
00236E  1  53 54 55 56  
002386  1  6A 6B 6C 6D  		.BYTE $6A,$6B,$6C,$6D,$6E,$6F,$70,$71,$72,$73,$74,$75,$76,$77,$78,$79,$7A,$7B,$7C,$7D,$7E,$7F,$80,$81,$82,$83,$84,$85,$87,$88,$89,$8A
00238A  1  6E 6F 70 71  
00238E  1  72 73 74 75  
0023A6  1  8B 8C 8D 8E  		.BYTE $8B,$8C,$8D,$8E,$8F,$90,$91,$92,$93,$95,$96,$97,$98,$99,$9A,$9B,$9C,$9D,$9F,$A0,$A1,$A2,$A3,$A4,$A5,$A6,$A8,$A9,$AA,$AB,$AC,$AD
0023AA  1  8F 90 91 92  
0023AE  1  93 95 96 97  
0023C6  1  AF B0 B1 B2  		.BYTE $AF,$B0,$B1,$B2,$B3,$B4,$B6,$B7,$B8,$B9,$BA,$BC,$BD,$BE,$BF,$C0,$C2,$C3,$C4,$C5,$C6,$C8,$C9,$CA,$CB,$CD,$CE,$CF,$D0,$D2,$D3,$D4
0023CA  1  B3 B4 B6 B7  
0023CE  1  B8 B9 BA BC  
0023E6  1  D6 D7 D8 D9  		.BYTE $D6,$D7,$D8,$D9,$DB,$DC,$DD,$DE,$E0,$E1,$E2,$E4,$E5,$E6,$E8,$E9,$EA,$EC,$ED,$EE,$F0,$F1,$F2,$F4,$F5,$F6,$F8,$F9,$FA,$FC,$FD,$FF
0023EA  1  DB DC DD DE  
0023EE  1  E0 E1 E2 E4  
002406  1               
002406  1               L23F4		= $23F4
002406  1               L230F		= $230F
002406  1               L233D		= $233D
002406  1               L2332		= $2332
002406  1               L233A		= $233A
002406  1               L232B		= $232B
002406  1               L2312		= $2312
002406  1               L1E7D		= $1E7D
002406  1               L1E45		= $1E45
002406  1               L1E44		= $1E44
002406  1               L1E43		= $1E43
002406  1               L1E7F		= $1E7F
002406  1               L1E5C		= $1E5C
002406  1               L1E23		= $1E23
002406  1               L1E1A		= $1E1A
002406  1               L1E1D		= $1E1D
002406  1               L1E18		= $1E18
002406  1               L1E20		= $1E20
002406  1               L1E27		= $1E27
002406  1               L1E0E		= $1E0E
002406  1               
002406  1               
002406  1               
002406  1               ;$2400
002406  1  92 2E F7 60  SIN_LSB:	.BYTE $92,$2E,$F7,$60,$C4,$14,$47,$79
00240A  1  C4 14 47 79  
00240E  1  AB DD 08 21  		.BYTE $AB,$DD,$08,$21,$3A,$53,$6C,$85
002412  1  3A 53 6C 85  
002416  1  9E B7 D0 E9  		.BYTE $9E,$B7,$D0,$E9,$01,$0D,$1A,$26
00241A  1  01 0D 1A 26  
00241E  1  33 3F 4C 58  		.BYTE $33,$3F,$4C,$58,$64,$71,$7D,$89
002422  1  64 71 7D 89  
002426  1  96 A2 AE BB  		.BYTE $96,$A2,$AE,$BB,$C7,$D3,$DF,$EC
00242A  1  C7 D3 DF EC  
00242E  1  F8 02 08 0E  		.BYTE $F8,$02,$08,$0E,$14,$1A,$20,$26
002432  1  14 1A 20 26  
002436  1  2C 32 38 3E  		.BYTE $2C,$32,$38,$3E,$44,$4A,$50,$56
00243A  1  44 4A 50 56  
00243E  1  5C 62 68 6E  		.BYTE $5C,$62,$68,$6E,$73,$79,$7F,$85
002442  1  73 79 7F 85  
002446  1  8B 91 96 9C  		.BYTE $8B,$91,$96,$9C,$A2,$A8,$AD,$B3
00244A  1  A2 A8 AD B3  
00244E  1  B9 BE C4 CA  		.BYTE $B9,$BE,$C4,$CA,$CF,$D5,$DA,$E0
002452  1  CF D5 DA E0  
002456  1  E5 EB F1 F6  		.BYTE $E5,$EB,$F1,$F6,$FB,$00,$03,$06
00245A  1  FB 00 03 06  
00245E  1  09 0B 0E 11  		.BYTE $09,$0B,$0E,$11,$13,$16,$19,$1B
002462  1  13 16 19 1B  
002466  1  1E 20 23 26  		.BYTE $1E,$20,$23,$26,$28,$2B,$2D,$30
00246A  1  28 2B 2D 30  
00246E  1  32 35 37 3A  		.BYTE $32,$35,$37,$3A,$3C,$3F,$41,$44
002472  1  3C 3F 41 44  
002476  1  46 48 4B 4D  		.BYTE $46,$48,$4B,$4D,$50,$52,$54,$57
00247A  1  50 52 54 57  
00247E  1  59 5B 5E 60  		.BYTE $59,$5B,$5E,$60,$62,$64,$67,$69
002482  1  62 64 67 69  
002486  1  6B 6D 70 72  		.BYTE $6B,$6D,$70,$72,$74,$76,$78,$7A
00248A  1  74 76 78 7A  
00248E  1  7C 7F 81 83  		.BYTE $7C,$7F,$81,$83,$85,$87,$89,$8B
002492  1  85 87 89 8B  
002496  1  8D 8F 91 93  		.BYTE $8D,$8F,$91,$93,$95,$97,$98,$9A
00249A  1  95 97 98 9A  
00249E  1  9C 9E A0 A2  		.BYTE $9C,$9E,$A0,$A2,$A4,$A5,$A7,$A9
0024A2  1  A4 A5 A7 A9  
0024A6  1  AB AC AE B0  		.BYTE $AB,$AC,$AE,$B0,$B1,$B3,$B5,$B6
0024AA  1  B1 B3 B5 B6  
0024AE  1  B8 BA BB BD  		.BYTE $B8,$BA,$BB,$BD,$BE,$C0,$C1,$C3
0024B2  1  BE C0 C1 C3  
0024B6  1  C4 C6 C7 C9  		.BYTE $C4,$C6,$C7,$C9,$CA,$CB,$CD,$CE
0024BA  1  CA CB CD CE  
0024BE  1  D0 D1 D2 D3  		.BYTE $D0,$D1,$D2,$D3,$D5,$D6,$D7,$D8
0024C2  1  D5 D6 D7 D8  
0024C6  1  DA DB DC DD  		.BYTE $DA,$DB,$DC,$DD,$DE,$DF,$E0,$E2
0024CA  1  DE DF E0 E2  
0024CE  1  E3 E4 E5 E6  		.BYTE $E3,$E4,$E5,$E6,$E7,$E8,$E9,$E9
0024D2  1  E7 E8 E9 E9  
0024D6  1  EA EB EC ED  		.BYTE $EA,$EB,$EC,$ED,$EE,$EF,$EF,$F0
0024DA  1  EE EF EF F0  
0024DE  1  F1 F2 F3 F3  		.BYTE $F1,$F2,$F3,$F3,$F4,$F5,$F5,$F6
0024E2  1  F4 F5 F5 F6  
0024E6  1  F6 F7 F8 F8  		.BYTE $F6,$F7,$F8,$F8,$F9,$F9,$FA,$FA
0024EA  1  F9 F9 FA FA  
0024EE  1  FB FB FC FC  		.BYTE $FB,$FB,$FC,$FC,$FC,$FD,$FD,$FD
0024F2  1  FC FD FD FD  
0024F6  1  FE FE FE FE  		.BYTE $FE,$FE,$FE,$FE,$FF,$FF,$FF,$FF
0024FA  1  FF FF FF FF  
0024FE  1  FF 00 00 00  		.BYTE $FF,$00,$00,$00,$00,$00,$00,$00
002502  1  00 00 00 00  
002506  1               
002506  1  DC E4 E4 E8  SIN_HSB:	.BYTE $DC,$E4,$E4,$E8,$E8,$EC,$EC,$EC
00250A  1  E8 EC EC EC  
00250E  1  EC EC F0 F0  		.BYTE $EC,$EC,$F0,$F0,$F0,$F0,$F0,$F0
002512  1  F0 F0 F0 F0  
002516  1  F0 F0 F0 F0  		.BYTE $F0,$F0,$F0,$F0,$F4,$F4,$F4,$F4
00251A  1  F4 F4 F4 F4  
00251E  1  F4 F4 F4 F4  		.BYTE $F4,$F4,$F4,$F4,$F4,$F4,$F4,$F4
002522  1  F4 F4 F4 F4  
002526  1  F4 F4 F4 F4  		.BYTE $F4,$F4,$F4,$F4,$F4,$F4,$F4,$F4
00252A  1  F4 F4 F4 F4  
00252E  1  F4 F8 F8 F8  		.BYTE $F4,$F8,$F8,$F8,$F8,$F8,$F8,$F8
002532  1  F8 F8 F8 F8  
002536  1  F8 F8 F8 F8  		.BYTE $F8,$F8,$F8,$F8,$F8,$F8,$F8,$F8
00253A  1  F8 F8 F8 F8  
00253E  1  F8 F8 F8 F8  		.BYTE $F8,$F8,$F8,$F8,$F8,$F8,$F8,$F8
002542  1  F8 F8 F8 F8  
002546  1  F8 F8 F8 F8  		.BYTE $F8,$F8,$F8,$F8,$F8,$F8,$F8,$F8
00254A  1  F8 F8 F8 F8  
00254E  1  F8 F8 F8 F8  		.BYTE $F8,$F8,$F8,$F8,$F8,$F8,$F8,$F8
002552  1  F8 F8 F8 F8  
002556  1  F8 F8 F8 F8  		.BYTE $F8,$F8,$F8,$F8,$F8,$FC,$FC,$FC
00255A  1  F8 FC FC FC  
00255E  1  FC FC FC FC  		.BYTE $FC,$FC,$FC,$FC,$FC,$FC,$FC,$FC
002562  1  FC FC FC FC  
002566  1  FC FC FC FC  		.BYTE $FC,$FC,$FC,$FC,$FC,$FC,$FC,$FC
00256A  1  FC FC FC FC  
00256E  1  FC FC FC FC  		.BYTE $FC,$FC,$FC,$FC,$FC,$FC,$FC,$FC
002572  1  FC FC FC FC  
002576  1  FC FC FC FC  		.BYTE $FC,$FC,$FC,$FC,$FC,$FC,$FC,$FC
00257A  1  FC FC FC FC  
00257E  1  FC FC FC FC  		.BYTE $FC,$FC,$FC,$FC,$FC,$FC,$FC,$FC
002582  1  FC FC FC FC  
002586  1  FC FC FC FC  		.BYTE $FC,$FC,$FC,$FC,$FC,$FC,$FC,$FC
00258A  1  FC FC FC FC  
00258E  1  FC FC FC FC  		.BYTE $FC,$FC,$FC,$FC,$FC,$FC,$FC,$FC
002592  1  FC FC FC FC  
002596  1  FC FC FC FC  		.BYTE $FC,$FC,$FC,$FC,$FC,$FC,$FC,$FC
00259A  1  FC FC FC FC  
00259E  1  FC FC FC FC  		.BYTE $FC,$FC,$FC,$FC,$FC,$FC,$FC,$FC
0025A2  1  FC FC FC FC  
0025A6  1  FC FC FC FC  		.BYTE $FC,$FC,$FC,$FC,$FC,$FC,$FC,$FC
0025AA  1  FC FC FC FC  
0025AE  1  FC FC FC FC  		.BYTE $FC,$FC,$FC,$FC,$FC,$FC,$FC,$FC
0025B2  1  FC FC FC FC  
0025B6  1  FC FC FC FC  		.BYTE $FC,$FC,$FC,$FC,$FC,$FC,$FC,$FC
0025BA  1  FC FC FC FC  
0025BE  1  FC FC FC FC  		.BYTE $FC,$FC,$FC,$FC,$FC,$FC,$FC,$FC
0025C2  1  FC FC FC FC  
0025C6  1  FC FC FC FC  		.BYTE $FC,$FC,$FC,$FC,$FC,$FC,$FC,$FC
0025CA  1  FC FC FC FC  
0025CE  1  FC FC FC FC  		.BYTE $FC,$FC,$FC,$FC,$FC,$FC,$FC,$FC
0025D2  1  FC FC FC FC  
0025D6  1  FC FC FC FC  		.BYTE $FC,$FC,$FC,$FC,$FC,$FC,$FC,$FC
0025DA  1  FC FC FC FC  
0025DE  1  FC FC FC FC  		.BYTE $FC,$FC,$FC,$FC,$FC,$FC,$FC,$FC
0025E2  1  FC FC FC FC  
0025E6  1  FC FC FC FC  		.BYTE $FC,$FC,$FC,$FC,$FC,$FC,$FC,$FC
0025EA  1  FC FC FC FC  
0025EE  1  FC FC FC FC  		.BYTE $FC,$FC,$FC,$FC,$FC,$FC,$FC,$FC
0025F2  1  FC FC FC FC  
0025F6  1  FC FC FC FC  		.BYTE $FC,$FC,$FC,$FC,$FC,$FC,$FC,$FC
0025FA  1  FC FC FC FC  
0025FE  1  FC 00 00 00  		.BYTE $FC,$00,$00,$00,$00,$00,$00,$00
002602  1  00 00 00 00  
002606  1               
002606  1               ;
002606  1               ; Y-Pos lo
002606  1               ;
002606  1               SCR_Y_LO_2600:
002606  1  10 38 60 88  		.byte $10,$38,$60,$88,$B0,$D8,$00,$28,$50,$78,$A0,$C8,$F0,$18,$40,$68
00260A  1  B0 D8 00 28  
00260E  1  50 78 A0 C8  
002616  1  90 B8 E0 08  		.byte $90,$B8,$E0,$08,$30,$58,$80,$A8,$D0,$F8,$20,$48,$70,$98,$C0,$E8
00261A  1  30 58 80 A8  
00261E  1  D0 F8 20 48  
002626  1  10 38 60 88  		.byte $10,$38,$60,$88,$B0,$D8,$00,$28,$50,$78,$A0,$C8,$F0,$18,$40,$68
00262A  1  B0 D8 00 28  
00262E  1  50 78 A0 C8  
002636  1  90 B8 E0 08  		.byte $90,$B8,$E0,$08,$30,$58,$80,$A8,$D0,$F8,$20,$48,$70,$98,$C0,$E8
00263A  1  30 58 80 A8  
00263E  1  D0 F8 20 48  
002646  1  10 38 60 88  		.byte $10,$38,$60,$88,$B0,$D8,$00,$28,$50,$78,$A0,$C8,$F0,$18,$40,$68
00264A  1  B0 D8 00 28  
00264E  1  50 78 A0 C8  
002656  1  90 B8 E0 08  		.byte $90,$B8,$E0,$08,$30,$58,$80,$A8,$D0,$F8,$20,$48,$70,$98,$C0,$E8
00265A  1  30 58 80 A8  
00265E  1  D0 F8 20 48  
002666  1  10 38 60 88  		.byte $10,$38,$60,$88,$B0,$D8,$00,$28,$50,$78,$A0,$C8,$F0,$18,$40,$68
00266A  1  B0 D8 00 28  
00266E  1  50 78 A0 C8  
002676  1  90 B8 E0 08  		.byte $90,$B8,$E0,$08,$30,$58,$80,$A8,$D0,$F8,$20,$48,$70,$98,$C0,$E8
00267A  1  30 58 80 A8  
00267E  1  D0 F8 20 48  
002686  1  10 38 60 88  		.byte $10,$38,$60,$88,$B0,$D8,$00,$28,$50,$78,$A0,$C8,$F0,$18,$40,$68
00268A  1  B0 D8 00 28  
00268E  1  50 78 A0 C8  
002696  1  90 B8 E0 08  		.byte $90,$B8,$E0,$08,$30,$58,$80,$A8,$D0,$F8,$20,$48,$70,$98,$C0,$E8
00269A  1  30 58 80 A8  
00269E  1  D0 F8 20 48  
0026A6  1               
0026A6  1               L2648		= $2648
0026A6  1               L2670		= $2670
0026A6  1               
0026A6  1  00 00 00 00  		.byte $00,$00,$00,$00,$01,$01,$01,$01,$02,$02,$02,$02,$03,$03,$03,$03
0026AA  1  01 01 01 01  
0026AE  1  02 02 02 02  
0026B6  1  04 04 04 04  		.byte $04,$04,$04,$04,$05,$05,$05,$05,$06,$06,$06,$06,$07,$07,$07,$07
0026BA  1  05 05 05 05  
0026BE  1  06 06 06 06  
0026C6  1  08 08 08 08  		.byte $08,$08,$08,$08,$09,$09,$09,$09,$0A,$0A,$0A,$0A,$0B,$0B,$0B,$0B
0026CA  1  09 09 09 09  
0026CE  1  0A 0A 0A 0A  
0026D6  1  0C 0C 0C 0C  		.byte $0C,$0C,$0C,$0C,$0D,$0D,$0D,$0D,$0E,$0E,$0E,$0E,$0F,$0F,$0F,$0F
0026DA  1  0D 0D 0D 0D  
0026DE  1  0E 0E 0E 0E  
0026E6  1  10 10 10 10  		.byte $10,$10,$10,$10,$11,$11,$11,$11,$12,$12,$12,$12,$13,$13,$13,$13
0026EA  1  11 11 11 11  
0026EE  1  12 12 12 12  
0026F6  1  14 14 14 14  		.byte $14,$14,$14,$14,$15,$15,$15,$15,$16,$16,$16,$16,$17,$17,$17,$17
0026FA  1  15 15 15 15  
0026FE  1  16 16 16 16  
002706  1  18 18 18 18  		.byte $18,$18,$18,$18,$19,$19,$19,$19,$1A,$1A,$1A,$1A,$1B,$1B,$1B,$1B
00270A  1  19 19 19 19  
00270E  1  1A 1A 1A 1A  
002716  1  1C 1C 1C 1C  		.byte $1C,$1C,$1C,$1C,$1D,$1D,$1D,$1D,$1E,$1E,$1E,$1E,$1F,$1F,$1F,$1F
00271A  1  1D 1D 1D 1D  
00271E  1  1E 1E 1E 1E  
002726  1  20 20 20 20  		.byte $20,$20,$20,$20,$21,$21,$21,$21,$22,$22,$22,$22,$23,$23,$23,$23
00272A  1  21 21 21 21  
00272E  1  22 22 22 22  
002736  1  24 24 24 24  		.byte $24,$24,$24,$24,$25,$25,$25,$25,$26,$26,$26,$26,$27,$27,$27,$27
00273A  1  25 25 25 25  
00273E  1  26 26 26 26  
002746  1               
002746  1  40 10 04 01  L2740:		.byte $40,$10,$04,$01,$40,$10,$04,$01,$40,$10,$04,$01,$40,$10,$0C,$01
00274A  1  40 10 04 01  
00274E  1  40 10 04 01  
002756  1  40 10 04 01  		.byte $40,$10,$04,$01,$40,$10,$04,$01,$40,$10,$04,$01,$40,$10,$04,$01
00275A  1  40 10 04 01  
00275E  1  40 10 04 01  
002766  1  40 10 04 01  		.byte $40,$10,$04,$01,$40,$10,$04,$01,$40,$10,$04,$01,$40,$10,$04,$01
00276A  1  40 10 04 01  
00276E  1  40 10 04 01  
002776  1  40 10 04 01  		.byte $40,$10,$04,$01,$40,$10,$04,$01,$40,$10,$04,$01,$40,$10,$04,$01
00277A  1  40 10 04 01  
00277E  1  40 10 04 01  
002786  1  40 10 04 01  		.byte $40,$10,$04,$01,$40,$10,$04,$01,$40,$10,$04,$01,$40,$10,$04,$01
00278A  1  40 10 04 01  
00278E  1  40 10 04 01  
002796  1  40 10 04 01  		.byte $40,$10,$04,$01,$40,$10,$04,$01,$40,$10,$04,$01,$40,$10,$04,$01
00279A  1  40 10 04 01  
00279E  1  40 10 04 01  
0027A6  1  40 10 04 01  		.byte $40,$10,$04,$01,$40,$10,$04,$01,$40,$10,$04,$01,$40,$10,$04,$01
0027AA  1  40 10 04 01  
0027AE  1  40 10 04 01  
0027B6  1  40 10 04 01  		.byte $40,$10,$04,$01,$40,$10,$04,$01,$40,$10,$04,$01,$40,$10,$04,$01
0027BA  1  40 10 04 01  
0027BE  1  40 10 04 01  
0027C6  1  40 10 04 01  		.byte $40,$10,$04,$01,$40,$10,$04,$01,$40,$10,$04,$01,$40,$10,$04,$01
0027CA  1  40 10 04 01  
0027CE  1  40 10 04 01  
0027D6  1  40 10 04 01  		.byte $40,$10,$04,$01,$40,$10,$04,$01,$40,$10,$04,$01,$40,$10,$04,$01
0027DA  1  40 10 04 01  
0027DE  1  40 10 04 01  
0027E6  1  40 10 04 01  		.byte $40,$10,$04,$01,$40,$10,$04,$01,$40,$10,$04,$01,$40,$10,$04,$01
0027EA  1  40 10 04 01  
0027EE  1  40 10 04 01  
0027F6  1  40 10 04 01  		.byte $40,$10,$04,$01,$40,$10,$04,$01,$40,$10,$04,$01,$40,$10,$04,$01
0027FA  1  40 10 04 01  
0027FE  1  40 10 04 01  
002806  1               
002806  1               L275F		= $275F
002806  1               L26A0		= $26A0
002806  1               L274F		= $274F
002806  1               L274E		= $274E
002806  1               L274D		= $274D
002806  1               ;------------------------------------------------------------
002806  1               ; DISPLAY LIST
002806  1               ;------------------------------------------------------------
002806  1  70 70 F0     DSPLIST_2800:	.byte $70, $70, $F0									;24 lines space and 1st DLI
002809  1  4E 10        		.byte $4E, $10										;$8010 oer $E010
00280B  1  80           DSPADR0_HI:	.byte $80										;1
00280C  1  0E 0E 0E 0E  L2806:		.byte $0E, $0E, $0E, $0E, $0E, $0E, $0E, $0E, $0E, $0E, $0E, $0E, $0E, $0E, $0E, $0E	;6*16 = 96
002810  1  0E 0E 0E 0E  
002814  1  0E 0E 0E 0E  
00281C  1  0E 0E 0E 0E  		.byte $0E, $0E, $0E, $0E, $0E, $0E, $0E, $0E, $0E, $0E, $0E, $0E, $0E, $0E, $0E, $0E
002820  1  0E 0E 0E 0E  
002824  1  0E 0E 0E 0E  
00282C  1  0E 0E 0E 0E  		.byte $0E, $0E, $0E, $0E, $0E, $0E, $0E, $0E, $0E, $0E, $0E, $0E, $0E, $0E, $0E, $0E
002830  1  0E 0E 0E 0E  
002834  1  0E 0E 0E 0E  
00283C  1  0E 0E 0E 0E  		.byte $0E, $0E, $0E, $0E, $0E, $0E, $0E, $0E, $0E, $0E, $0E, $0E, $0E, $0E, $0E, $0E
002840  1  0E 0E 0E 0E  
002844  1  0E 0E 0E 0E  
00284C  1  0E 0E 0E 0E  		.byte $0E, $0E, $0E, $0E, $0E, $0E, $0E, $0E, $0E, $0E, $0E, $0E, $0E, $0E, $0E, $0E
002850  1  0E 0E 0E 0E  
002854  1  0E 0E 0E 0E  
00285C  1  0E 0E 0E 0E  		.byte $0E, $0E, $0E, $0E, $0E, $0E, $0E, $0E, $0E, $0E, $0E, $0E, $0E, $0E, $0E, $0E
002860  1  0E 0E 0E 0E  
002864  1  0E 0E 0E 0E  
00286C  1  0E 0E 0E 0E  		.byte $0E, $0E, $0E, $0E, $0E								;5
002870  1  0E           
002871  1  4E 00        		.byte $4E, $00										;$9000 or $F000
002873  1  90           DSPADR1_HI:	.byte $90										;1
002874  1  0E 0E 0E 0E  		.byte $0E, $0E, $0E, $0E, $0E, $0E, $0E, $0E						;8
002878  1  0E 0E 0E 0E  
00287C  1  0E 0E 0E 0E  		.byte $0E, $0E, $0E, $0E, $0E, $0E, $0E, $0E, $0E, $0E, $0E, $0E, $0E, $0E, $0E, $0E	;2*16 = 32
002880  1  0E 0E 0E 0E  
002884  1  0E 0E 0E 0E  
00288C  1  0E 0E 0E 0E  		.byte $0E, $0E, $0E, $0E, $0E, $0E, $0E, $0E, $0E, $0E, $0E, $0E, $0E, $0E, $0E, $0E
002890  1  0E 0E 0E 0E  
002894  1  0E 0E 0E 0E  
00289C  1  0E 0E 0E 0E  		.byte $0E, $0E, $0E, $0E, $0E, $0E, $0E, $0E, $8E					;9 == 152 lines
0028A0  1  0E 0E 0E 0E  
0028A4  1  8E           
0028A5  1  30           		.byte $30
0028A6  1  42 D0 97     		.byte $42, $D0, $97									; gr.2 mem at $97D0
0028A9  1  02 82 02 02  		.byte $02, $82, $02, $02, $02								; 6x8=48
0028AD  1  02           
0028AE  1  41 00 28     		.byte $41, $00, $28									; == 24 + 152 + 48 = 224 lines
0028B1  1               
0028B1  1               
0028B1  1  00 01 02 03  L28AB:		.byte $00,$01,$02,$03,$04,$05,$06,$07,$08,$09,$10,$11,$12,$13,$14,$15
0028B5  1  04 05 06 07  
0028B9  1  08 09 10 11  
0028C1  1  16 17 18 19  		.byte $16,$17,$18,$19,$20,$21,$22,$23,$24,$25,$26,$27,$28,$29,$30,$31
0028C5  1  20 21 22 23  
0028C9  1  24 25 26 27  
0028D1  1  32 33 34 35  		.byte $32,$33,$34,$35,$36,$37,$38,$39,$40,$41,$42,$43,$44,$45,$46,$47
0028D5  1  36 37 38 39  
0028D9  1  40 41 42 43  
0028E1  1  48 49 50 51  		.byte $48,$49,$50,$51,$52,$53,$54,$55,$56,$57,$58,$59,$60,$61,$62,$63
0028E5  1  52 53 54 55  
0028E9  1  56 57 58 59  
0028F1  1  64 65 66 67  		.byte $64,$65,$66,$67,$68,$69,$70,$71,$72,$73,$74,$75,$76,$77,$78,$79
0028F5  1  68 69 70 71  
0028F9  1  72 73 74 75  
002901  1  80 81 82 83  		.byte $80,$81,$82,$83,$84,$85,$86,$87,$88,$89,$90,$91,$92,$93,$94,$95
002905  1  84 85 86 87  
002909  1  88 89 90 91  
002911  1  96 97 98 99  		.byte $96,$97,$98,$99,$AA,$AA,$AA,$AA,$AA,$AA,$AA,$AA,$AA,$AA,$AA,$AA
002915  1  AA AA AA AA  
002919  1  AA AA AA AA  
002921  1  AA AA AA AA  		.byte $AA,$AA,$AA,$AA,$AA,$AA,$AA,$AA,$AA,$AA,$AA,$AA,$AA,$AA,$AA
002925  1  AA AA AA AA  
002929  1  AA AA AA AA  
002930  1               INVENTORY_LIST_L292A:
002930  1  AA           		.byte $AA
002931  1               
002931  1               INVENTORY_LIST_L292B:
002931  1  00           		.byte $00
002932  1               
002932  1               ;------------------------------------------------------------
002932  1               ; 00	Flying Dart			; 10	Photon Emitter
002932  1               ; 01	Dominition Dart                 ; 11	key Triangle
002932  1               ; 02	Car                             ; 12	key Frustum
002932  1               ; 03	Jet                             ; 13	key 5 corner
002932  1               ; 04	Saucer                          ; 14	key 5 corner small
002932  1               ; 05	Speed Car                       ; 15	key reverse frustrum
002932  1               ; 06	Cheese                          ; 16	key Diamond
002932  1               ; 07	Prestinium                      ; 17	key 6 corner
002932  1               ; 08	shot                            ; 18	Anti Time Bomb
002932  1               ; 09	Dominion Dart                   ; 19	Novadrive
002932  1               ; 0a	Destroyed Prestinium            ; 1a	Metal Detector
002932  1               ; 0b	Dart                            ; 1b	Antigrav
002932  1               ; 0c	Mechanoid                       ; 1c	Power Amp
002932  1               ; 0d	Dart                            ; 1d	Neutron fuel
002932  1               ; 0e	shot                            ; 1e	Antenna
002932  1               ; 0f	Saucer                          ; 1f	Energy Crystal
002932  1               ;------------------------------------------------------------
002932  1               ; 20	Coffin				; 30	Spiderweb
002932  1               ; 21	Lectern                         ; 31	Lamp
002932  1               ; 22	Large Box                       ; 32	Big Prestinium
002932  1               ; 23	Useful Weapon                   ; 33	Fireplace
002932  1               ; 24	Kitchen cupboard                ; 34	Communication
002932  1               ; 25	Excequer chart                  ; 35	Table
002932  1               ; 26	Gold                            ; 36	Chair
002932  1               ; 27	Couch                           ; 37	Bed
002932  1               ; 28	Sights                          ; 38	Pyramid
002932  1               ; 29	Medical Supplies                ; 39	Skull rotated
002932  1               ; 2a	Essential 12939 Supply          ; 3a	Skull small
002932  1               ; 2b	Winchester                      ; 3b	Skull large
002932  1               ; 2c	Cataring Provisions             ; 3c	Skull large rotated
002932  1               ; 2d	Data Bank                       ; 3d	Hangar
002932  1               ; 2e	Pass                            ; 3e	Hangar
002932  1               ; 2f	Kitchen Sink                    ; 3f	Colony craft
002932  1               ;------------------------------------------------------------
002932  1               ; 10 bytes inventory list
002932  1               ;------------------------------------------------------------
002932  1               INVENTORY_LIST_L292C:
002932  1  00 00 00 00  		.byte $00,$00,$00,$00,$00,$00,$00,$00
002936  1  00 00 00 00  
00293A  1  00 00        L2934:      	.byte $00,$00
00293C  1               
00293C  1               
00293C  1  00           L2936:		.byte $00
00293D  1  00           L2937:		.byte $00
00293E  1  00           L2938:		.byte $00
00293F  1  00           L2939:		.byte $00
002940  1  00           L293A:		.byte $00
002941  1  00           L293B:		.byte $00
002942  1  00           L293C:		.byte $00
002943  1               
002943  1               ;
002943  1               ; Benson?
002943  1               ;
002943  1  B4 07        L293D:      	.byte $B4,$07
002945  1  5E 93 87     		.byte $5E,$93,$87
002948  1  00           		.byte $00
002949  1  CC 19 6E     		.byte $CC,$19,$6E
00294C  1  6E 72 72     		.byte $6E,$72,$72
00294F  1  6E 6E 72     		.byte $6E,$6E,$72
002952  1  72           		.byte $72
002953  1  6E 6E 70     		.byte $6E,$6E,$70
002956  1  72 72        		.byte $72,$72
002958  1  70 6E        		.byte $70,$6E
00295A  1               
00295A  1  00 00 00 00  		.byte $00,$00,$00,$00,$00,$00,$00,$00,$00,$00,$00,$00,$00,$00,$00,$00
00295E  1  00 00 00 00  
002962  1  00 00 00 00  
00296A  1  00 00 00 00  		.byte $00,$00,$00,$00,$00,$00,$00,$00,$00,$00,$00,$00,$00,$00,$00,$00
00296E  1  00 00 00 00  
002972  1  00 00 00 00  
00297A  1  00 00 00 00  		.byte $00,$00,$00,$00
00297E  1  00           L2978:      	.byte $00
00297F  1  00 00        L2979:      	.byte $00,$00
002981  1  0D 00 00     		.byte $0D,$00,$00
002984  1  00           L297E:      	.byte $00
002985  1  00           L297F:      	.byte $00
002986  1               
002986  1               ;------------------------------------------------------------
002986  1               ;
002986  1               ;------------------------------------------------------------
002986  1  20 F1 5F     		jsr L5FEB
002989  1  A5 CD        		lda ROOM_NO_CD
00298B  1  F0 06        		beq L298D
00298D  1  20 E6 35     		jsr L35E0
002990  1  4C E5 29     		jmp MAIN_LOOP_L29DF
002993  1  20 84 39     L298D:      	jsr L397E
002996  1  4C E5 29     		jmp MAIN_LOOP_L29DF
002999  1  20 F1 5F     		jsr L5FEB
00299C  1               
00299C  1               
00299C  1               ;------------------------------------------------------------
00299C  1               ; Restart here after CTRL-Q
00299C  1               ; - scatter objects in inventory over Targ
00299C  1               ; - set player Y-pos to $000080
00299C  1               ; - set OUTDOOR
00299C  1               ; - give Dominion Dart
00299C  1               ; - set walking yaw to $10
00299C  1               ; - reset colors
00299C  1               ; - set players X and Z pos to Targ bounds 15-15
00299C  1               ; - set speed to zero
00299C  1               ;------------------------------------------------------------
00299C  1  20 7B 2A     RESTART_L2996:	jsr SCATTER_INVENTORY_L2A75
00299F  1  A9 80        		lda #$80
0029A1  1  85 83        		sta L0083
0029A3  1  A9 80        		lda #$80
0029A5  1  85 73        		sta CUR_Y_LSB_73
0029A7  1  A9 00        		lda #$00
0029A9  1  85 74        		sta CUR_Y_MSB_74
0029AB  1  85 75        		sta CUR_Y_HSB_75
0029AD  1  85 A6        		sta PLANET_UNDERGROUND_A6				;outddors
0029AF  1  85 CD        		sta ROOM_NO_CD
0029B1  1  A9 01        		lda #$01						;set Dominion Dart
0029B3  1  85 A7        		sta CRAFT_ID_WALKING_A7
0029B5  1  20 8F 41     		jsr COPY_SHIP_DATA_L4189				;copy ship data
0029B8  1               
0029B8  1  A9 10        		lda #$10						;yaw increment
0029BA  1  85 AA        		sta YAW_WALK_AA
0029BC  1               
0029BC  1  20 27 59     		jsr SET_COLORS_L5921
0029BF  1               
0029BF  1  A5 72        		lda CUR_X_HSB_72
0029C1  1  29 0F        		and #$0F
0029C3  1  85 72        		sta CUR_X_HSB_72
0029C5  1  A5 78        		lda CUR_Z_HSB_78
0029C7  1  29 0F        L29C1:		and #$0F
0029C9  1  85 78        		sta CUR_Z_HSB_78
0029CB  1               
0029CB  1  A9 00        		lda #$00
0029CD  1  85 2A        		sta YAW_LO_2A
0029CF  1  85 28        		sta PITCH_LO_28
0029D1  1               
0029D1  1  A9 02        		lda #$02
0029D3  1  85 2B        		sta YAW_HI_2B
0029D5  1  85 29        		sta PITCH_HI_29
0029D7  1               
0029D7  1  20 C7 3D     		jsr SET_SPEED_ZERO_3DC1						; set speed?
0029DA  1  A9 FF        		lda #$FF
0029DC  1  8D 47 69     		sta L6941						;
0029DF  1  20 F3 37     		jsr OBJ_DRAW_LIST_37ED
0029E2  1  4C E5 29     		jmp MAIN_LOOP_L29DF
0029E5  1               
0029E5  1               ;------------------------------------------------------------
0029E5  1               ; MAIN_LOOP_L29DF
0029E5  1               ;------------------------------------------------------------
0029E5  1               MAIN_LOOP_L29DF:
0029E5  1  20 39 2F     		jsr BENSON_2F33					; process benson messages
0029E8  1  20 BD 2A     		jsr INTERSTELLAR_SHIP_DELIVERY_L2AB7            ; has the interstellar ship been delivered
0029EB  1  A5 A6        		lda PLANET_UNDERGROUND_A6                    	; is the player above or below ground
0029ED  1  F0 3B        		beq OUTSIDE_L2A24                               ; player is above ground
0029EF  1  20 32 49     		jsr SETUP_ROTATION_L492C                        ; setup sin and cos variables for roll and pitch and yaw (and also for $99)?
0029F2  1  20 A3 55     		jsr DRAW_SCREEN_OUTDOOR_L559D                   ; draw ground and sky
0029F5  1  A5 A6        		lda PLANET_UNDERGROUND_A6
0029F7  1  F0 31        		beq OUTSIDE_L2A24
0029F9  1  20 1D 38     		jsr L3817
0029FC  1  F0 14        		beq INSIDE_L2A0C
0029FE  1  A5 AF        		lda L00AF
002A00  1  D0 10        		bne INSIDE_L2A0C
002A02  1  20 B3 38     		jsr L38AD
002A05  1  90 0B        		bcc INSIDE_L2A0C
002A07  1  20 42 35     		jsr SETUP_ROOM_L353C
002A0A  1  A5 A6        		lda PLANET_UNDERGROUND_A6
002A0C  1  F0 2B        		beq L2A33
002A0E  1  A9 02        		lda #$02
002A10  1  85 AF        		sta L00AF
002A12  1               
002A12  1               ;------------------------------------------------------------
002A12  1               ; MAIN_LOOP_INSIDE
002A12  1               ;------------------------------------------------------------
002A12  1               INSIDE_L2A0C:
002A12  1  20 4F 3B     		jsr ROTATE_GROUND_STRUCTURE_L3B49               ; rotate around x - underground (A8=1)
002A15  1  20 C3 53     		jsr BLACK_LINES_L53BD                           ; setup black lines to draw
002A18  1  20 5E 3B     		jsr DRAW_STRUCTURE_L3B58                        ; draw the room
002A1B  1  20 BD 53     		jsr WHITE_LINES_L53B7                           ; setup white lines
002A1E  1  20 7D 3B     		jsr DRAW_OBJECTS_L3B77                          ; draw the objects
002A21  1  20 5D 59     		jsr JOYSTICK_L5957                              ;
002A24  1  20 5B 45     		jsr L4555                                       ; lift
002A27  1  4C E5 29     		jmp MAIN_LOOP_L29DF                             ; next loop
002A2A  1               
002A2A  1               ;------------------------------------------------------------
002A2A  1               ; MAIN_LOOP_OUTSIDE
002A2A  1               ;------------------------------------------------------------
002A2A  1               OUTSIDE_L2A24:
002A2A  1  20 32 49     		jsr SETUP_ROTATION_L492C                        ; walking or flying OUTSIDE ; setup sin and cos variables for roll and pitch and yaw (and also for $99)?
002A2D  1  20 57 39     		jsr L3951
002A30  1  20 0E 47     		jsr SETUP_ROTATION_MATRIX_L4708                 ; setup rotation matrix
002A33  1  20 A0 48     		jsr ROTATE_GROUND_STRUC_L489A			; locally rotating object? ($3 pyramid 08-08, $10 radar 00-14, 00-10, $06 cube 12-03)
002A36  1  20 A3 55     		jsr DRAW_SCREEN_OUTDOOR_L559D                   ; draw ground and sky
002A39  1  20 D8 34     L2A33:		jsr DRAW_MAP_LINES_L34D2                        ; draw map lines
002A3C  1  A5 B5        L2A36:		lda GROUND_STRUC_OBJ_TO_DRAW_B5
002A3E  1  F0 0E        		beq L2A48                                       ; no ground structure to draw?
002A40  1  A5 CA        		lda LIFT_UP_DOWN_CA                                       ; ?
002A42  1  D0 04        		bne L2A42                                       ; ?
002A44  1  A5 75        		lda CUR_Y_HSB_75                                ; if this is less than 0
002A46  1  D0 06        		bne L2A48                                       ; then
002A48  1  20 4F 3B     L2A42:		jsr ROTATE_GROUND_STRUCTURE_L3B49               ; rotate ground structure
002A4B  1  20 5E 3B     		jsr DRAW_STRUCTURE_L3B58                        ; draw ground structure
002A4E  1               
002A4E  1  EE 06 65     L2A48:		inc OBJ_Z_MSB_L6500                             ; flying ship at edge of city
002A51  1  D0 0B        		bne L2A58
002A53  1  EE C6 65     		inc OBJ_Z_HSB_L65C0                             ; flying ship at edge of city
002A56  1  AD C6 65     		lda OBJ_Z_HSB_L65C0                             ; flying ship at edge of city
002A59  1  29 0F        		and #$0F                                        ; flying ship at edge of city
002A5B  1  8D C6 65     		sta OBJ_Z_HSB_L65C0                             ; flying ship at edge of city
002A5E  1               
002A5E  1  20 BD 53     L2A58:		jsr WHITE_LINES_L53B7                           ; setup white lines
002A61  1  20 7D 3B     		jsr DRAW_OBJECTS_L3B77                          ; draw objects
002A64  1  20 5D 59     		jsr JOYSTICK_L5957
002A67  1  20 5B 45     		jsr L4555                                       ; lift
002A6A  1  A9 30        		lda #$30                                        ;
002A6C  1  20 F4 2C     		jsr L2CEE                                       ;
002A6F  1  20 1F 2C     		jsr L2C19                                       ;
002A72  1  20 19 2B     		jsr L2B13                                       ;
002A75  1  20 AA 2D     		jsr L2DA4                                       ;
002A78  1  4C E5 29     		jmp MAIN_LOOP_L29DF                             ; next loop
002A7B  1               
002A7B  1               ;------------------------------------------------------------
002A7B  1               ; scatter inventory items
002A7B  1               ;------------------------------------------------------------
002A7B  1               SCATTER_INVENTORY_L2A75:
002A7B  1  A6 EB        		ldx NUM_INVENTORY_ITEMS_EB
002A7D  1  E8           		inx
002A7E  1  A4 A7        		ldy CRAFT_ID_WALKING_A7
002A80  1  30 32        		bmi L2AAE					;walking
002A82  1               
002A82  1  20 B7 53     L2A7C:		jsr GET_RANDOM_L53B1				;obj X HSB 0-15
002A85  1  29 0F        		and #$0F
002A87  1  99 46 65     		sta OBJ_X_HSB_L6540,Y
002A8A  1  20 B7 53     		jsr GET_RANDOM_L53B1
002A8D  1  99 86 64     		sta OBJ_X_MSB_L6480,Y
002A90  1               
002A90  1  20 B7 53     		jsr GET_RANDOM_L53B1				;obj Z HSB 0-15
002A93  1  29 0F        		and #$0F
002A95  1  99 C6 65     		sta OBJ_Z_HSB_L65C0,Y
002A98  1  20 B7 53     		jsr GET_RANDOM_L53B1
002A9B  1  99 06 65     		sta OBJ_Z_MSB_L6500,Y
002A9E  1               
002A9E  1  A9 00        		lda #$00					;Z all 0
002AA0  1  99 86 65     		sta OBJ_Y_HSB_L6580,Y
002AA3  1  99 C6 64     		sta OBJ_Y_MSB_L64C0,Y
002AA6  1  99 C6 68     		sta OBJ_Y_LSB_L68C0,Y
002AA9  1  99 46 69     		sta OBJECT_ROOM_6940,Y				;room = outside
002AAC  1               
002AAC  1  B9 C6 69     		lda OBJECT_ATTRIBUTES_69C0,Y			;reset bit 7 (in inventory list) in obj attributes
002AAF  1  29 7F        		and #$7F
002AB1  1  99 C6 69     		sta OBJECT_ATTRIBUTES_69C0,Y
002AB4  1               
002AB4  1  BC 30 29     L2AAE:		ldy INVENTORY_LIST_L292A,X			;get object from inventory list
002AB7  1  CA           		dex
002AB8  1  D0 C8        		bne L2A7C
002ABA  1  86 EB        		stx NUM_INVENTORY_ITEMS_EB
002ABC  1  60           		rts
002ABD  1               
002ABD  1               ;------------------------------------------------------------
002ABD  1               ; INTERSTELLAR_SHIP_DELIVERY_L2AB7
002ABD  1               ;------------------------------------------------------------
002ABD  1               INTERSTELLAR_SHIP_DELIVERY_L2AB7:
002ABD  1               
002ABD  1  AD 85 29     		lda L297F
002AC0  1  F0 2A        		beq L2AE6					;rts
002AC2  1  30 29        		bmi L2AE7
002AC4  1               
002AC4  1  AD 87 65     		lda INT_SHIP_Y_HSB_6587
002AC7  1  85 07        		sta MUL_HI_07
002AC9  1  A8           		tay
002ACA  1  AD C7 64     		lda INT_SHIP_Y_MSB_64C7
002ACD  1  85 06        		sta MUL_LO_06
002ACF  1  A2 07        		ldx #$07
002AD1  1  46 07        L2ACB:		lsr MUL_HI_07
002AD3  1  66 06        		ror MUL_LO_06
002AD5  1  CA           		dex
002AD6  1  D0 F9        		bne L2ACB
002AD8  1  18           		clc
002AD9  1  E5 06        		sbc MUL_LO_06
002ADB  1  8D C7 64     		sta INT_SHIP_Y_MSB_64C7
002ADE  1  98           		tya
002ADF  1  E5 07        		sbc MUL_HI_07
002AE1  1  8D 87 65     		sta INT_SHIP_Y_HSB_6587
002AE4  1  0D C7 64     		ora INT_SHIP_Y_MSB_64C7
002AE7  1  D0 03        		bne L2AE6
002AE9  1  8D 85 29     		sta L297F
002AEC  1  60           L2AE6:		rts
002AED  1               
002AED  1               ;------------------------------------------------------------
002AED  1               ;
002AED  1               ;------------------------------------------------------------
002AED  1  A9 7F        L2AE7:		lda #$7F
002AEF  1  8D 87 65     		sta INT_SHIP_Y_HSB_6587
002AF2  1  8D 85 29     		sta L297F
002AF5  1  A9 00        		lda #$00
002AF7  1  8D 4D 69     		sta INT_SHIP_ROOM_6947
002AFA  1  8D C7 64     		sta INT_SHIP_Y_MSB_64C7
002AFD  1  8D C7 68     		sta INT_SHIP_Y_LSB_68C7
002B00  1  8D 87 68     		sta INT_SHIP_X_LSB_6887
002B03  1  8D 07 69     		sta INT_SHIP_Z_LSB_6907
002B06  1  A9 08        		lda #$08
002B08  1  8D 47 65     		sta INT_SHIP_X_HSB_6547
002B0B  1  8D C7 65     		sta INT_SHIP_Z_HSB_65C7
002B0E  1  A9 99        		lda #$99
002B10  1  8D 87 64     		sta INT_SHIP_X_MSB_6487
002B13  1  A9 8B        		lda #$8B
002B15  1  8D 07 65     		sta INT_SHIP_Z_MSB_6507
002B18  1  60           		rts
002B19  1               
002B19  1               ;------------------------------------------------------------
002B19  1               ;
002B19  1               ;------------------------------------------------------------
002B19  1  A2 0F        L2B13:		ldx #$0F
002B1B  1  BD A8 70     L2B15:		lda L70A8,X
002B1E  1  F0 71        		beq L2B8B
002B20  1  C9 7F        		cmp #$7F
002B22  1  F0 6D        		beq L2B8B
002B24  1  DE A8 70     		dec L70A8,X
002B27  1  F0 6E        		beq L2B91
002B29  1               
002B29  1  BD 86 68     		lda OBJ_X_LSB_L6880,X
002B2C  1  18           		clc
002B2D  1  7D B0 70     		adc L70B0,X
002B30  1  9D 86 68     		sta OBJ_X_LSB_L6880,X
002B33  1               
002B33  1  BD 86 64     		lda OBJ_X_MSB_L6480,X
002B36  1  7D B8 70     		adc L70B8,X
002B39  1  9D 86 64     		sta OBJ_X_MSB_L6480,X
002B3C  1               
002B3C  1  BD 46 65     		lda OBJ_X_HSB_L6540,X
002B3F  1  7D C0 70     		adc L70C0,X
002B42  1  9D 46 65     		sta OBJ_X_HSB_L6540,X
002B45  1               
002B45  1  BD C6 68     		lda OBJ_Y_LSB_L68C0,X
002B48  1  18           		clc
002B49  1  7D C8 70     		adc L70C8,X
002B4C  1  9D C6 68     		sta OBJ_Y_LSB_L68C0,X
002B4F  1               
002B4F  1  BD C6 64     		lda OBJ_Y_MSB_L64C0,X
002B52  1  7D D0 70     		adc L70D0,X
002B55  1  9D C6 64     		sta OBJ_Y_MSB_L64C0,X
002B58  1               
002B58  1  BD 86 65     		lda OBJ_Y_HSB_L6580,X
002B5B  1  7D D8 70     		adc L70D8,X
002B5E  1  9D 86 65     		sta OBJ_Y_HSB_L6580,X
002B61  1  10 0B        		bpl L2B68
002B63  1               
002B63  1  A9 FF        		lda #$FF
002B65  1  9D 86 65     		sta OBJ_Y_HSB_L6580,X
002B68  1  9D C6 64     		sta OBJ_Y_MSB_L64C0,X
002B6B  1  9D C6 68     		sta OBJ_Y_LSB_L68C0,X
002B6E  1               
002B6E  1  BD 06 69     L2B68:		lda OBJ_Z_LSB_L6900,X
002B71  1  18           		clc
002B72  1  7D E0 70     		adc L70E0,X
002B75  1  9D 06 69     		sta OBJ_Z_LSB_L6900,X
002B78  1  BD 06 65     		lda OBJ_Z_MSB_L6500,X
002B7B  1  7D E8 70     		adc L70E8,X
002B7E  1  9D 06 65     		sta OBJ_Z_MSB_L6500,X
002B81  1  BD C6 65     		lda OBJ_Z_HSB_L65C0,X
002B84  1  7D F0 70     		adc L70F0,X
002B87  1  9D C6 65     		sta OBJ_Z_HSB_L65C0,X
002B8A  1  E0 08        		cpx #$08
002B8C  1  D0 03        		bne L2B8B
002B8E  1  4C A4 2B     		jmp L2B9E
002B91  1               
002B91  1               ;------------------------------------------------------------
002B91  1               ;
002B91  1               ;------------------------------------------------------------
002B91  1  CA           L2B8B:		dex
002B92  1  E0 07        		cpx #$07
002B94  1  D0 85        		bne L2B15
002B96  1  60           		rts
002B97  1               
002B97  1  A9 FF        L2B91:		lda #$FF
002B99  1  9D 46 69     		sta OBJECT_ROOM_6940,X
002B9C  1  A9 00        		lda #$00
002B9E  1  9D A8 70     		sta L70A8,X
002BA1  1  4C F3 37     		jmp OBJ_DRAW_LIST_37ED
002BA4  1               
002BA4  1               ;------------------------------------------------------------
002BA4  1               ;
002BA4  1               ;------------------------------------------------------------
002BA4  1  86 08        L2B9E:		stx ZP_08
002BA6  1  BD 86 65     		lda OBJ_Y_HSB_L6580,X
002BA9  1  30 09        		bmi L2BAE
002BAB  1  D0 57        		bne L2BFE
002BAD  1  BD C6 64     		lda OBJ_Y_MSB_L64C0,X
002BB0  1  C9 08        		cmp #$08
002BB2  1  B0 50        		bcs L2BFE
002BB4  1  BD 86 64     L2BAE:		lda OBJ_X_MSB_L6480,X
002BB7  1  C9 70        		cmp #$70
002BB9  1  90 41        		bcc L2BF6
002BBB  1  C9 90        		cmp #$90
002BBD  1  B0 3D        		bcs L2BF6
002BBF  1  BD 06 65     		lda OBJ_Z_MSB_L6500,X
002BC2  1  C9 70        		cmp #$70
002BC4  1  90 36        		bcc L2BF6
002BC6  1  C9 90        		cmp #$90
002BC8  1  B0 32        		bcs L2BF6
002BCA  1  BD 46 65     		lda OBJ_X_HSB_L6540,X
002BCD  1  1D C6 65     		ora OBJ_Z_HSB_L65C0,X
002BD0  1  29 F0        		and #$F0
002BD2  1  D0 28        		bne L2BF6
002BD4  1  BD C6 65     		lda OBJ_Z_HSB_L65C0,X
002BD7  1  0A           		asl
002BD8  1  0A           		asl
002BD9  1  0A           		asl
002BDA  1  0A           		asl
002BDB  1  85 04        		sta TMP_04
002BDD  1  BD 46 65     		lda OBJ_X_HSB_L6540,X
002BE0  1  29 0F        		and #$0F
002BE2  1  05 04        		ora TMP_04
002BE4  1  85 F4        		sta CRUMBLE_POS_F4
002BE6  1  A8           		tay
002BE7  1  B9 06 1F     		lda L1F00,Y
002BEA  1  85 FA        		sta L00FA
002BEC  1  09 80        		ora #$80
002BEE  1  99 06 1F     		sta L1F00,Y
002BF1  1  A9 10        		lda #$10
002BF3  1  85 F3        		sta CRUMBLE_CNT_F3
002BF5  1  20 97 2B     		jsr L2B91
002BF8  1  A9 0F        		lda #$0F
002BFA  1  D0 2B        		bne L2C21
002BFC  1  BD 86 65     L2BF6:		lda OBJ_Y_HSB_L6580,X
002BFF  1  10 03        		bpl L2BFE
002C01  1  4C 97 2B     		jmp L2B91
002C04  1               
002C04  1               ;------------------------------------------------------------
002C04  1               ;
002C04  1               ;------------------------------------------------------------
002C04  1  A6 08        L2BFE:		ldx ZP_08
002C06  1  A0 0F        		ldy #$0F
002C08  1  20 C0 2C     		jsr L2CBA
002C0B  1  B0 05        		bcs L2C0C
002C0D  1  A2 31        		ldx #$31					;"enemy ship destroyed"
002C0F  1  20 30 32     		jsr START_MESSAGE_L322A
002C12  1  A0 00        L2C0C:		ldy #$00
002C14  1  20 C0 2C     		jsr L2CBA
002C17  1  B0 05        		bcs L2C18
002C19  1  A9 1B        		lda #$1B
002C1B  1  20 13 2F     		jsr BENSON_2F0D
002C1E  1  60           L2C18:		rts
002C1F  1  A6 F3        L2C19:		ldx CRUMBLE_CNT_F3
002C21  1  F0 FB        L2C1B:		beq L2C18
002C23  1  CA           		dex
002C24  1  86 F3        		stx CRUMBLE_CNT_F3
002C26  1  8A           		txa
002C27  1  09 80        L2C21:		ora #$80
002C29  1  8D 01 D2     L2C23:		sta AUDC1
002C2C  1  A9 20        L2C26:		lda #$20
002C2E  1  8D 00 D2     		sta AUDF1
002C31  1  A4 B5        L2C2B:		ldy GROUND_STRUC_OBJ_TO_DRAW_B5
002C33  1  C4 F4        		cpy CRUMBLE_POS_F4
002C35  1  D0 E7        		bne L2C18
002C37  1  B9 06 1F     		lda L1F00,Y
002C3A  1  85 F2        		sta L00F2
002C3C  1  AD DE 69     		lda L69D8
002C3F  1  30 62        		bmi L2C9D
002C41  1  20 23 3B     		jsr L3B1D
002C44  1  D0 07        		bne L2C47
002C46  1  A5 F3        L2C40:		lda CRUMBLE_CNT_F3
002C48  1  F0 04        		beq L2C48
002C4A  1  4A           		lsr
002C4B  1  B0 D2        		bcs L2C19
002C4D  1  60           L2C47:		rts
002C4E  1  A5 FA        L2C48:		lda L00FA
002C50  1  A4 F4        		ldy CRUMBLE_POS_F4
002C52  1  59 06 1F     		eor L1F00,Y
002C55  1  10 F6        		bpl L2C47
002C57  1  B9 06 1F     		lda L1F00,Y
002C5A  1  2C 4E 39     		bit L394D+1
002C5D  1  D0 EE        		bne L2C47
002C5F  1  0A           		asl
002C60  1  10 0E        		bpl L2C6A
002C62  1  B0 06        		bcs L2C64
002C64  1  CE 3D 29     		dec L2937
002C67  1  4C 7B 2C     		jmp L2C75
002C6A  1               
002C6A  1               ;------------------------------------------------------------
002C6A  1               ;
002C6A  1               ;------------------------------------------------------------
002C6A  1  EE 3D 29     L2C64:		inc L2937
002C6D  1  4C 7B 2C     		jmp L2C75
002C70  1               
002C70  1               ;------------------------------------------------------------
002C70  1               ;
002C70  1               ;------------------------------------------------------------
002C70  1  B0 06        L2C6A:		bcs L2C72
002C72  1  CE 3C 29     		dec L2936
002C75  1  4C 7B 2C     		jmp L2C75
002C78  1               
002C78  1               ;------------------------------------------------------------
002C78  1               ;
002C78  1               ;------------------------------------------------------------
002C78  1  EE 3C 29     L2C72:		inc L2936
002C7B  1  A2 0A        L2C75:		ldx #$0A
002C7D  1  AD 3D 29     		lda L2937
002C80  1  ED 3C 29     		sbc L2936
002C83  1  10 04        		bpl L2C83
002C85  1  49 FF        		eor #$FF
002C87  1  A2 1A        		ldx #$1A
002C89  1  C9 69        L2C83:		cmp #$69
002C8B  1  B0 12        		bcs L2C99
002C8D  1  B9 06 1F     		lda L1F00,Y
002C90  1  29 1F        		and #$1F
002C92  1  F0 B9        		beq L2C47
002C94  1  09 20        		ora #$20
002C96  1  AA           		tax
002C97  1  B9 06 1F     		lda L1F00,Y
002C9A  1  29 E0        		and #$E0
002C9C  1  99 06 1F     		sta L1F00,Y
002C9F  1  8A           L2C99:		txa
002CA0  1  4C 13 2F     		jmp BENSON_2F0D
002CA3  1               
002CA3  1               ;------------------------------------------------------------
002CA3  1               ;
002CA3  1               ;------------------------------------------------------------
002CA3  1  A5 FA        L2C9D:		lda L00FA
002CA5  1  08           		php
002CA6  1  29 7F        		and #$7F
002CA8  1  99 06 1F     		sta L1F00,Y
002CAB  1  28           		plp
002CAC  1  10 98        		bpl L2C40
002CAE  1  98           		tya
002CAF  1  20 EC 39     		jsr L39E6
002CB2  1  A5 F3        		lda CRUMBLE_CNT_F3
002CB4  1  F0 97        		beq L2C47
002CB6  1  85 06        		sta MUL_LO_06
002CB8  1  20 23 3B     L2CB2:		jsr L3B1D
002CBB  1  C6 06        		dec MUL_LO_06
002CBD  1  D0 F9        		bne L2CB2
002CBF  1  60           		rts
002CC0  1               
002CC0  1               ;------------------------------------------------------------
002CC0  1               ;
002CC0  1               ;------------------------------------------------------------
002CC0  1  86 08        L2CBA:		stx ZP_08
002CC2  1  84 09        		sty ZP_09
002CC4  1  38           		sec
002CC5  1  B9 46 69     		lda OBJECT_ROOM_6940,Y
002CC8  1  D0 25        		bne L2CE9
002CCA  1  20 C7 2E     		jsr L2EC1
002CCD  1  A2 04        		ldx #$04
002CCF  1  A0 00        		ldy #$00
002CD1  1  20 11 3E     		jsr CALC_ABS_DIST_L3E0B
002CD4  1  B0 19        		bcs L2CE9
002CD6  1  A9 0B        		lda #$0B
002CD8  1  85 F5        		sta SOUND_F5
002CDA  1  A4 09        		ldy ZP_09
002CDC  1  A9 00        		lda #$00
002CDE  1  8D 7E 29     		sta L2978
002CE1  1  99 A8 70     		sta L70A8,Y
002CE4  1  A9 FF        L2CDE:		lda #$FF
002CE6  1  99 46 69     		sta OBJECT_ROOM_6940,Y
002CE9  1  A6 08        		ldx ZP_08
002CEB  1  20 97 2B     		jsr L2B91
002CEE  1  18           		clc
002CEF  1  A6 08        L2CE9:		ldx ZP_08
002CF1  1  A4 09        		ldy ZP_09
002CF3  1  60           		rts
002CF4  1               
002CF4  1               ;------------------------------------------------------------
002CF4  1               ;
002CF4  1               ;------------------------------------------------------------
002CF4  1  85 07        L2CEE:		sta MUL_HI_07
002CF6  1  A5 7F        		lda FIRE_7F
002CF8  1  F0 01        		beq L2CF5
002CFA  1  60           L2CF4:		rts
002CFB  1               
002CFB  1               ;------------------------------------------------------------
002CFB  1               ;
002CFB  1               ;------------------------------------------------------------
002CFB  1  A5 A7        L2CF5:		lda CRAFT_ID_WALKING_A7
002CFD  1  30 FB        		bmi L2CF4					;walking, rts
002CFF  1               
002CFF  1  A5 F3        		lda CRUMBLE_CNT_F3				;flying
002D01  1  D0 F7        		bne L2CF4					;rts
002D03  1               
002D03  1  A0 08        		ldy #$08
002D05  1  B9 A8 70     		lda L70A8,Y
002D08  1  D0 F0        		bne L2CF4					;rts
002D0A  1               
002D0A  1  A9 0F        		lda #$0F
002D0C  1  85 F5        		sta SOUND_F5
002D0E  1               
002D0E  1  A5 CD        		lda ROOM_NO_CD
002D10  1  99 46 69     		sta OBJECT_ROOM_6940,Y
002D13  1               
002D13  1  A9 10        		lda #$10
002D15  1  99 A8 70     		sta L70A8,Y
002D18  1  84 AB        		sty L00AB
002D1A  1  A6 4A        		ldx ROTATE_MX1_LO_4A
002D1C  1  A5 4B        		lda ROTATE_MX1_HI_4B
002D1E  1  18           		clc
002D1F  1  65 07        		adc MUL_HI_07
002D21  1  A8           		tay
002D22  1  20 7B 4F     		jsr BIT16_TO_FP_L4F75
002D25  1  98           		tya
002D26  1  A4 AB        		ldy L00AB
002D28  1  99 B0 70     		sta L70B0,Y
002D2B  1  8A           		txa
002D2C  1  99 B8 70     		sta L70B8,Y
002D2F  1  30 04        		bmi L2D2F
002D31  1  A9 00        L2D2B:		lda #$00
002D33  1  F0 02        L2D2D:		beq L2D31
002D35  1  A9 FF        L2D2F:		lda #$FF
002D37  1  99 C0 70     L2D31:		sta L70C0,Y
002D3A  1  A6 34        		ldx SIN_PITCH_LO_34
002D3C  1  A5 35        		lda SIN_PITCH_HI_35
002D3E  1  18           		clc
002D3F  1  65 07        		adc MUL_HI_07
002D41  1  A8           		tay
002D42  1  20 7B 4F     		jsr BIT16_TO_FP_L4F75
002D45  1  98           		tya
002D46  1  A4 AB        		ldy L00AB
002D48  1  99 C8 70     		sta L70C8,Y
002D4B  1  8A           		txa
002D4C  1  99 D0 70     		sta L70D0,Y
002D4F  1  30 04        		bmi L2D4F
002D51  1  A9 00        		lda #$00
002D53  1  F0 02        		beq L2D51
002D55  1  A9 FF        L2D4F:		lda #$FF
002D57  1  99 D8 70     L2D51:		sta L70D8,Y
002D5A  1  A6 4E        		ldx ROTATE_MZ1_LO_4E
002D5C  1  A5 4F        		lda ROTATE_MZ1_HI_4F
002D5E  1  18           		clc
002D5F  1  65 07        		adc MUL_HI_07
002D61  1  A8           		tay
002D62  1  20 7B 4F     		jsr BIT16_TO_FP_L4F75
002D65  1  98           		tya
002D66  1  A4 AB        		ldy L00AB
002D68  1  99 E0 70     		sta L70E0,Y
002D6B  1  8A           		txa
002D6C  1  99 E8 70     		sta L70E8,Y
002D6F  1  30 04        		bmi L2D6F
002D71  1  A9 00        		lda #$00
002D73  1  F0 02        		beq L2D71
002D75  1  A9 FF        L2D6F:		lda #$FF
002D77  1  99 F0 70     L2D71:		sta L70F0,Y
002D7A  1  A5 70        		lda CUR_X_LSB_70
002D7C  1  99 86 68     		sta OBJ_X_LSB_L6880,Y
002D7F  1  A5 71        		lda CUR_X_MSB_71
002D81  1  99 86 64     		sta OBJ_X_MSB_L6480,Y
002D84  1  A5 72        		lda CUR_X_HSB_72
002D86  1  99 46 65     		sta OBJ_X_HSB_L6540,Y
002D89  1  A5 73        		lda CUR_Y_LSB_73
002D8B  1  99 C6 68     		sta OBJ_Y_LSB_L68C0,Y
002D8E  1  A5 74        		lda CUR_Y_MSB_74
002D90  1  99 C6 64     		sta OBJ_Y_MSB_L64C0,Y
002D93  1  A5 75        		lda CUR_Y_HSB_75
002D95  1  99 86 65     		sta OBJ_Y_HSB_L6580,Y
002D98  1  A5 76        		lda CUR_Z_LSB_76
002D9A  1  99 06 69     		sta OBJ_Z_LSB_L6900,Y
002D9D  1  A5 77        		lda CUR_Z_MSB_77
002D9F  1  99 06 65     		sta OBJ_Z_MSB_L6500,Y
002DA2  1  A5 78        		lda CUR_Z_HSB_78
002DA4  1  99 C6 65     		sta OBJ_Z_HSB_L65C0,Y
002DA7  1  4C F3 37     		jmp OBJ_DRAW_LIST_37ED
002DAA  1               
002DAA  1               ;------------------------------------------------------------
002DAA  1               ;
002DAA  1               ;------------------------------------------------------------
002DAA  1  AD 7E 29     L2DA4:		lda L2978
002DAD  1  D0 01        		bne L2DAA
002DAF  1  60           L2DA9:		rts
002DB0  1               
002DB0  1               ;------------------------------------------------------------
002DB0  1               ;
002DB0  1               ;------------------------------------------------------------
002DB0  1  A5 CA        L2DAA:		lda LIFT_UP_DOWN_CA
002DB2  1  D0 FB        		bne L2DA9
002DB4  1  A2 0F        		ldx #$0F
002DB6  1  BD A8 70     		lda L70A8,X
002DB9  1  30 F4        		bmi L2DA9
002DBB  1  20 CE 3D     		jsr L3DC8
002DBE  1  A2 30        		ldx #$30
002DC0  1  A0 00        		ldy #$00
002DC2  1  20 11 3E     		jsr CALC_ABS_DIST_L3E0B
002DC5  1  B0 58        		bcs L2E19
002DC7  1  A2 0E        		ldx #$0E
002DC9  1  BD A8 70     		lda L70A8,X
002DCC  1  D0 1E        		bne L2DE6
002DCE  1  A9 13        		lda #$13
002DD0  1  85 F5        		sta SOUND_F5
002DD2  1  A9 20        		lda #$20
002DD4  1  9D A8 70     		sta L70A8,X
002DD7  1  A9 00        		lda #$00
002DD9  1  9D 46 69     		sta OBJECT_ROOM_6940,X
002DDC  1  A0 04        		ldy #$04
002DDE  1  20 36 2E     		jsr L2E30
002DE1  1  20 99 2E     		jsr L2E93
002DE4  1  A0 0F        		ldy #$0F
002DE6  1  20 62 2E     		jsr L2E5C
002DE9  1  4C F3 37     		jmp OBJ_DRAW_LIST_37ED
002DEC  1               
002DEC  1               ;------------------------------------------------------------
002DEC  1               ;
002DEC  1               ;------------------------------------------------------------
002DEC  1  20 CE 3D     L2DE6:		jsr L3DC8
002DEF  1  A2 04        		ldx #$04
002DF1  1  A0 00        		ldy #$00
002DF3  1  20 11 3E     		jsr CALC_ABS_DIST_L3E0B
002DF6  1  B0 B7        		bcs L2DA9
002DF8  1  20 32 59     		jsr L592C
002DFB  1  A5 A7        		lda CRAFT_ID_WALKING_A7
002DFD  1  30 05        		bmi L2DFE						;walking
002DFF  1               
002DFF  1  A2 30        		ldx #$30						;"ship destroyed"
002E01  1  20 30 32     		jsr START_MESSAGE_L322A
002E04  1  A9 00        L2DFE:		lda #$00
002E06  1  8D 7E 29     		sta L2978
002E09  1  A9 01        		lda #$01
002E0B  1  85 F5        		sta SOUND_F5
002E0D  1  A9 09        		lda #$09						;falling
002E0F  1  85 A7        		sta CRAFT_ID_WALKING_A7
002E11  1  20 8F 41     		jsr COPY_SHIP_DATA_L4189
002E14  1  A9 FF        		lda #$FF
002E16  1  8D 54 69     		sta L694E
002E19  1  8D 55 69     		sta L694F
002E1C  1  4C F3 37     		jmp OBJ_DRAW_LIST_37ED
002E1F  1               
002E1F  1               ;------------------------------------------------------------
002E1F  1               ;
002E1F  1               ;------------------------------------------------------------
002E1F  1  A2 0F        L2E19:		ldx #$0F
002E21  1  A0 05        		ldy #$05
002E23  1  20 36 2E     		jsr L2E30
002E26  1  20 99 2E     		jsr L2E93
002E29  1  A9 AD        		lda #$AD
002E2B  1  9D A8 70     		sta L70A8,X
002E2E  1  A9 00        		lda #$00
002E30  1  9D 46 69     		sta OBJECT_ROOM_6940,X
002E33  1  4C F3 37     L2E2D:		jmp OBJ_DRAW_LIST_37ED
002E36  1               
002E36  1               ;------------------------------------------------------------
002E36  1               ;
002E36  1               ;------------------------------------------------------------
002E36  1  A5 D7        L2E30:		lda DIF_X_HSB_D7
002E38  1  0A           		asl
002E39  1  66 D7        		ror DIF_X_HSB_D7
002E3B  1  66 D6        		ror DIF_X_MSB_D6
002E3D  1  66 D5        		ror DIF_X_LSB_D5
002E3F  1  A5 DA        		lda DIF_Y_HSB_DA
002E41  1  0A           		asl
002E42  1  66 DA        		ror DIF_Y_HSB_DA
002E44  1  66 D9        		ror DIF_Y_MSB_D9
002E46  1  66 D8        		ror DIF_Y_LSB_D8
002E48  1  A5 DD        		lda DIF_Z_HSB_DD
002E4A  1  0A           		asl
002E4B  1  66 DD        		ror DIF_Z_HSB_DD
002E4D  1  66 DC        		ror DIF_Z_MSB_DC
002E4F  1  66 DB        		ror DIF_Z_LSB_DB
002E51  1  88           		dey
002E52  1  D0 E2        		bne L2E30
002E54  1  A0 08        		ldy #$08
002E56  1  B9 D5 00     L2E50:		lda DIF_X_LSB_D5,Y
002E59  1  49 FF        		eor #$FF
002E5B  1  99 D5 00     		sta DIF_X_LSB_D5,Y
002E5E  1  88           		dey
002E5F  1  10 F5        		bpl L2E50
002E61  1  60           		rts
002E62  1               
002E62  1               ;------------------------------------------------------------
002E62  1               ;
002E62  1               ;------------------------------------------------------------
002E62  1  B9 86 68     L2E5C:		lda OBJ_X_LSB_L6880,Y
002E65  1  9D 86 68     		sta OBJ_X_LSB_L6880,X
002E68  1  B9 86 64     		lda OBJ_X_MSB_L6480,Y
002E6B  1  9D 86 64     		sta OBJ_X_MSB_L6480,X
002E6E  1  B9 46 65     		lda OBJ_X_HSB_L6540,Y
002E71  1  9D 46 65     		sta OBJ_X_HSB_L6540,X
002E74  1  B9 C6 68     		lda OBJ_Y_LSB_L68C0,Y
002E77  1  9D C6 68     		sta OBJ_Y_LSB_L68C0,X
002E7A  1  B9 C6 64     		lda OBJ_Y_MSB_L64C0,Y
002E7D  1  9D C6 64     		sta OBJ_Y_MSB_L64C0,X
002E80  1  B9 86 65     		lda OBJ_Y_HSB_L6580,Y
002E83  1  9D 86 65     		sta OBJ_Y_HSB_L6580,X
002E86  1  B9 06 69     		lda OBJ_Z_LSB_L6900,Y
002E89  1  9D 06 69     		sta OBJ_Z_LSB_L6900,X
002E8C  1  B9 06 65     		lda OBJ_Z_MSB_L6500,Y
002E8F  1  9D 06 65     		sta OBJ_Z_MSB_L6500,X
002E92  1  B9 C6 65     		lda OBJ_Z_HSB_L65C0,Y
002E95  1  9D C6 65     		sta OBJ_Z_HSB_L65C0,X
002E98  1  60           		rts
002E99  1               
002E99  1               ;------------------------------------------------------------
002E99  1               ;
002E99  1               ;------------------------------------------------------------
002E99  1  A5 D5        L2E93:		lda DIF_X_LSB_D5
002E9B  1  9D B0 70     		sta L70B0,X
002E9E  1  A5 D6        		lda DIF_X_MSB_D6
002EA0  1  9D B8 70     		sta L70B8,X
002EA3  1  A5 D7        		lda DIF_X_HSB_D7
002EA5  1  9D C0 70     		sta L70C0,X
002EA8  1  A5 D8        		lda DIF_Y_LSB_D8
002EAA  1  9D C8 70     		sta L70C8,X
002EAD  1  A5 D9        		lda DIF_Y_MSB_D9
002EAF  1  9D D0 70     		sta L70D0,X
002EB2  1  A5 DA        		lda DIF_Y_HSB_DA
002EB4  1  9D D8 70     		sta L70D8,X
002EB7  1  A5 DB        		lda DIF_Z_LSB_DB
002EB9  1  9D E0 70     		sta L70E0,X
002EBC  1  A5 DC        		lda DIF_Z_MSB_DC
002EBE  1  9D E8 70     		sta L70E8,X
002EC1  1  A5 DD        		lda DIF_Z_HSB_DD
002EC3  1  9D F0 70     		sta L70F0,X
002EC6  1  60           		rts
002EC7  1               
002EC7  1               ;------------------------------------------------------------
002EC7  1               ;
002EC7  1               ;------------------------------------------------------------
002EC7  1  38           L2EC1:		sec
002EC8  1  BD 86 68     		lda OBJ_X_LSB_L6880,X
002ECB  1  F9 86 68     		sbc OBJ_X_LSB_L6880,Y
002ECE  1  85 D5        		sta DIF_X_LSB_D5
002ED0  1  BD 86 64     		lda OBJ_X_MSB_L6480,X
002ED3  1  F9 86 64     		sbc OBJ_X_MSB_L6480,Y
002ED6  1  85 D6        		sta DIF_X_MSB_D6
002ED8  1  BD 46 65     		lda OBJ_X_HSB_L6540,X
002EDB  1  F9 46 65     		sbc OBJ_X_HSB_L6540,Y
002EDE  1  85 D7        		sta DIF_X_HSB_D7
002EE0  1  38           		sec
002EE1  1  BD C6 68     		lda OBJ_Y_LSB_L68C0,X
002EE4  1  F9 C6 68     		sbc OBJ_Y_LSB_L68C0,Y
002EE7  1  85 D8        		sta DIF_Y_LSB_D8
002EE9  1  BD C6 64     		lda OBJ_Y_MSB_L64C0,X
002EEC  1  F9 C6 64     		sbc OBJ_Y_MSB_L64C0,Y
002EEF  1  85 D9        		sta DIF_Y_MSB_D9
002EF1  1  BD 86 65     		lda OBJ_Y_HSB_L6580,X
002EF4  1  F9 86 65     		sbc OBJ_Y_HSB_L6580,Y
002EF7  1  85 DA        		sta DIF_Y_HSB_DA
002EF9  1  38           		sec
002EFA  1  BD 06 69     		lda OBJ_Z_LSB_L6900,X
002EFD  1  F9 06 69     		sbc OBJ_Z_LSB_L6900,Y
002F00  1  85 DB        		sta DIF_Z_LSB_DB
002F02  1  BD 06 65     		lda OBJ_Z_MSB_L6500,X
002F05  1  F9 06 65     		sbc OBJ_Z_MSB_L6500,Y
002F08  1  85 DC        		sta DIF_Z_MSB_DC
002F0A  1  BD C6 65     		lda OBJ_Z_HSB_L65C0,X
002F0D  1  F9 C6 65     		sbc OBJ_Z_HSB_L65C0,Y
002F10  1  85 DD        		sta DIF_Z_HSB_DD
002F12  1  60           		rts
002F13  1               
002F13  1               ;------------------------------------------------------------
002F13  1               ;
002F13  1               ;------------------------------------------------------------
002F13  1  0A           BENSON_2F0D:	asl
002F14  1  A8           		tay
002F15  1  AD 41 29     		lda L293B
002F18  1  29 40        		and #$40
002F1A  1  D0 1C        		bne L2F32					;rts
002F1C  1  AD 41 29     		lda L293B
002F1F  1  09 40        		ora #$40
002F21  1  8D 41 29     		sta L293B
002F24  1  A5 1D        		lda BENSON_PTR_LO_1D
002F26  1  20 50 30     		jsr BENSON_304A
002F29  1  A5 1E        L2F23:		lda BENSON_PTR_HIGH_1E
002F2B  1  20 50 30     		jsr BENSON_304A
002F2E  1  B9 00 07     		lda L0700,Y
002F31  1  85 1D        		sta BENSON_PTR_LO_1D
002F33  1  B9 01 07     L2F2D:		lda L0700+1,Y
002F36  1  85 1E        		sta BENSON_PTR_HIGH_1E
002F38  1  60           L2F32:		rts
002F39  1               
002F39  1               ;------------------------------------------------------------
002F39  1               ; BENSON_L2F33
002F39  1               ;------------------------------------------------------------
002F39  1               BENSON_2F33:
002F39  1  A5 E6        		lda MESSAGE_PENDING_E6
002F3B  1  D0 19        		bne L2F50
002F3D  1               
002F3D  1  A0 FF        		ldy #$FF
002F3F  1  C8           		iny
002F40  1  B1 1D        		lda (BENSON_PTR_LO_1D),Y			;load byte from BENSON_PTR
002F42  1  85 E7        		sta L00E7					;store it
002F44  1  29 3F        		and #$3F					;make pointer to jumptable
002F46  1  0A           		asl
002F47  1  69 E4        L2F41:		adc #<BENSON_JMP_TAB
002F49  1  8D 54 2F     		sta L2F4D+1
002F4C  1  A9 31        		lda #>BENSON_JMP_TAB
002F4E  1  69 00        		adc #$00
002F50  1  8D 55 2F     		sta L2F4D+2
002F53  1  6C 06 32     L2F4D:		jmp (L3206)					;jump to it
002F56  1  60           L2F50:		rts
002F57  1               
002F57  1               L3206	= 	$3206
002F57  1               ;------------------------------------------------------------
002F57  1               ; compare to absolue value
002F57  1               ;------------------------------------------------------------
002F57  1  C8           BENSON_2F51:	iny
002F58  1  B1 1D        		lda (BENSON_PTR_LO_1D),Y
002F5A  1  8D 67 2F     		sta L2F60+1
002F5D  1  C8           		iny
002F5E  1  B1 1D        		lda (BENSON_PTR_LO_1D),Y
002F60  1  8D 68 2F     		sta L2F60+2
002F63  1  C8           		iny
002F64  1  B1 1D        		lda (BENSON_PTR_LO_1D),Y
002F66  1  CD 00 01     L2F60:		cmp L0100
002F69  1  4C 12 30     		jmp L300C
002F6C  1               
002F6C  1               ;------------------------------------------------------------
002F6C  1               ; compare ($1D) to random number
002F6C  1               ;------------------------------------------------------------
002F6C  1  20 B7 53     BENSON_2F66:	jsr GET_RANDOM_L53B1
002F6F  1  C8           		iny
002F70  1  B1 1D        		lda (BENSON_PTR_LO_1D),Y
002F72  1  C5 E8        		cmp RANDOM_E8
002F74  1  4C 12 30     		jmp L300C
002F77  1               
002F77  1               ;------------------------------------------------------------
002F77  1               ; Benson waits for timer
002F77  1               ;------------------------------------------------------------
002F77  1  A5 E3        BENSON_2F71:	lda TIMER_MSB_E3
002F79  1  A6 E4        		ldx TIMER_HSB_E4
002F7B  1  C5 E3        		cmp TIMER_MSB_E3
002F7D  1  D0 F8        		bne BENSON_2F71
002F7F  1  38           		sec
002F80  1  C8           		iny
002F81  1  F1 1D        		sbc (BENSON_PTR_LO_1D),Y
002F83  1  8A           		txa
002F84  1  C8           		iny
002F85  1  F1 1D        		sbc (BENSON_PTR_LO_1D),Y
002F87  1  4C 12 30     		jmp L300C
002F8A  1               
002F8A  1               ;------------------------------------------------------------
002F8A  1               ; compare to L2938, bit7 flipped
002F8A  1               ;------------------------------------------------------------
002F8A  1  AD 3E 29     BENSON_2F84:	lda L2938
002F8D  1  49 80        		eor #$80
002F8F  1  C8           		iny
002F90  1  D1 1D        		cmp (BENSON_PTR_LO_1D),Y
002F92  1  4C 12 30     		jmp L300C
002F95  1               
002F95  1               ;------------------------------------------------------------
002F95  1               ; $22 check aircraft / walking
002F95  1               ;------------------------------------------------------------
002F95  1  C8           BENSON_2F8F:	iny
002F96  1  B1 1D        		lda (BENSON_PTR_LO_1D),Y
002F98  1  C5 A7        		cmp CRAFT_ID_WALKING_A7
002F9A  1  F0 75        		beq L300B
002F9C  1  D0 70        		bne L3008
002F9E  1               
002F9E  1               ;------------------------------------------------------------
002F9E  1               ; check if object X=L274E is in room L274F
002F9E  1               ;------------------------------------------------------------
002F9E  1  AE 4E 27     BENSON_2F98:	ldx L274E
002FA1  1  AD 4F 27     		lda L274F
002FA4  1  DD 46 69     		cmp OBJECT_ROOM_6940,X
002FA7  1  F0 68        		beq L300B
002FA9  1  D0 63        		bne L3008
002FAB  1               
002FAB  1               ;------------------------------------------------------------
002FAB  1               ; check room
002FAB  1               ;------------------------------------------------------------
002FAB  1  AD 4F 27     BENSON_2FA5:	lda L274F
002FAE  1  C5 CD        		cmp ROOM_NO_CD
002FB0  1  F0 5F        		beq L300B
002FB2  1  D0 5A        		bne L3008
002FB4  1               
002FB4  1               ;------------------------------------------------------------
002FB4  1               ; test bits ($1D) against L293B
002FB4  1               ;------------------------------------------------------------
002FB4  1  AD 41 29     BENSON_2FAE:	lda L293B
002FB7  1  C8           		iny
002FB8  1  31 1D        		and (BENSON_PTR_LO_1D),Y
002FBA  1  F0 52        		beq L3008
002FBC  1  D0 53        		bne L300B
002FBE  1               
002FBE  1               ;------------------------------------------------------------
002FBE  1               ; is L274E in inventory
002FBE  1               ;------------------------------------------------------------
002FBE  1  AD 4E 27     BENSON_2FB8:	lda L274E
002FC1  1  20 96 38     		jsr CHECK_INVENTORY_3890
002FC4  1  D0 48        		bne L3008
002FC6  1  F0 49        		beq L300B
002FC8  1               
002FC8  1               ;------------------------------------------------------------
002FC8  1               ;
002FC8  1               ;------------------------------------------------------------
002FC8  1  20 E4 30     BENSON_2FC2:	jsr BENSON_30DE
002FCB  1  4C 12 30     		jmp L300C
002FCE  1               
002FCE  1               ;------------------------------------------------------------
002FCE  1               ; compare ($1D),y with current position
002FCE  1               ;------------------------------------------------------------
002FCE  1  C8           BENSON_2FC8:	iny
002FCF  1  B1 1D        		lda (BENSON_PTR_LO_1D),Y
002FD1  1  C8           		iny
002FD2  1  C5 72        		cmp CUR_X_HSB_72
002FD4  1  D0 38        		bne L3008
002FD6  1  B1 1D        		lda (BENSON_PTR_LO_1D),Y
002FD8  1  C5 78        		cmp CUR_Z_HSB_78
002FDA  1  D0 32        		bne L3008
002FDC  1  F0 33        		beq L300B
002FDE  1               
002FDE  1               ;------------------------------------------------------------
002FDE  1               ; compare L274D to GROUND_STRUC_OBJ_TO_DRAW_B5
002FDE  1               ;------------------------------------------------------------
002FDE  1  AD 4D 27     BENSON_2FD8:	lda L274D
002FE1  1  C5 B5        		cmp GROUND_STRUC_OBJ_TO_DRAW_B5
002FE3  1  D0 29        		bne L3008
002FE5  1  F0 2A        		beq L300B
002FE7  1               
002FE7  1               ;------------------------------------------------------------
002FE7  1               ; read key
002FE7  1               ;------------------------------------------------------------
002FE7  1  A5 E9        BENSON_2FE1:	lda NEW_KEY_L00E9
002FE9  1  29 3F        		and #$3F
002FEB  1  C8           		iny
002FEC  1  D1 1D        		cmp (BENSON_PTR_LO_1D),Y
002FEE  1  D0 1E        		bne L3008
002FF0  1  20 F4 5A     		jsr RESET_KEY_L5AEE
002FF3  1  20 01 5B     		jsr SOUND_EFFECT_L5AFB
002FF6  1  4C 11 30     		jmp L300B
002FF9  1               
002FF9  1               ;------------------------------------------------------------
002FF9  1               ; test hi-bit of 1F00,X X=L274D
002FF9  1               ;------------------------------------------------------------
002FF9  1  AE 4D 27     BENSON_2FF3:	ldx L274D
002FFC  1  BD 06 1F     		lda L1F00,X
002FFF  1  30 10        		bmi L300B
003001  1  10 0B        		bpl L3008
003003  1               
003003  1               ;------------------------------------------------------------
003003  1               ; and ($1D) with object attributes,X X=L274E
003003  1               ;------------------------------------------------------------
003003  1  C8           BENSON_2FFD:	iny
003004  1  B1 1D        		lda (BENSON_PTR_LO_1D),Y
003006  1  AE 4E 27     		ldx L274E
003009  1  3D C6 69     		and OBJECT_ATTRIBUTES_69C0,X
00300C  1  D0 03        		bne L300B
00300E  1               
00300E  1               ;------------------------------------------------------------
00300E  1               ;
00300E  1               ;------------------------------------------------------------
00300E  1  38           L3008:		sec
00300F  1  B0 01        		bcs L300C
003011  1               
003011  1               ;------------------------------------------------------------
003011  1               ;
003011  1               ;------------------------------------------------------------
003011  1  18           L300B:		clc
003012  1  6A           L300C:		ror
003013  1  45 E7        		eor L00E7
003015  1  10 0E        		bpl L301F
003017  1  C8           		iny
003018  1  C8           		iny
003019  1  C8           L3013:		iny
00301A  1  98           		tya
00301B  1  18           		clc
00301C  1  65 1D        		adc BENSON_PTR_LO_1D
00301E  1  85 1D        		sta BENSON_PTR_LO_1D
003020  1  90 02        		bcc L301E
003022  1  E6 1E        		inc BENSON_PTR_HIGH_1E
003024  1  60           L301E:		rts
003025  1               
003025  1  A5 E7        L301F:		lda L00E7
003027  1  0A           		asl
003028  1  10 0F        		bpl BENSON_3033
00302A  1               
00302A  1               ;------------------------------------------------------------
00302A  1               ;
00302A  1               ;------------------------------------------------------------
00302A  1  A5 1D        BENSON_3024:	lda BENSON_PTR_LO_1D
00302C  1  18           		clc
00302D  1  69 03        		adc #$03
00302F  1  20 50 30     		jsr BENSON_304A
003032  1  A5 1E        		lda BENSON_PTR_HIGH_1E
003034  1  69 00        L302E:		adc #$00
003036  1  20 50 30     		jsr BENSON_304A
003039  1               
003039  1               ;------------------------------------------------------------
003039  1               ; BENSON_PTR_NEXT
003039  1               ; Get next pointer from benson state machine
003039  1               ;------------------------------------------------------------
003039  1  C8           BENSON_3033:	iny
00303A  1  B1 1D        		lda (BENSON_PTR_LO_1D),Y
00303C  1  AA           		tax
00303D  1  C8           		iny
00303E  1  B1 1D        		lda (BENSON_PTR_LO_1D),Y
003040  1  85 1E        		sta BENSON_PTR_HIGH_1E
003042  1  86 1D        		stx BENSON_PTR_LO_1D
003044  1  60           		rts
003045  1               
003045  1               ;------------------------------------------------------------
003045  1               ;
003045  1               ;------------------------------------------------------------
003045  1  20 59 30     BENSON_303F:	jsr BENSON_3053
003048  1  85 1E        		sta BENSON_PTR_HIGH_1E
00304A  1  20 59 30     		jsr BENSON_3053
00304D  1  85 1D        		sta BENSON_PTR_LO_1D
00304F  1  60           		rts
003050  1               
003050  1               ;------------------------------------------------------------
003050  1               ; sort of stack? push to it
003050  1               ;------------------------------------------------------------
003050  1  A6 E5        BENSON_304A:	ldx BENSON_STACK_PTR_E5
003052  1  9D 43 29     		sta L293D,X
003055  1  E8           		inx
003056  1  86 E5        		stx BENSON_STACK_PTR_E5
003058  1  60           		rts
003059  1               
003059  1               ;------------------------------------------------------------
003059  1               ; stack? pop from it
003059  1               ;------------------------------------------------------------
003059  1  A6 E5        BENSON_3053:	ldx BENSON_STACK_PTR_E5
00305B  1  CA           		dex
00305C  1  BD 43 29     		lda L293D,X
00305F  1  86 E5        		stx BENSON_STACK_PTR_E5
003061  1  60           		rts
003062  1               
003062  1               ;------------------------------------------------------------
003062  1               ; and/or ($1D) to OBJECT_ATTRIBUTES_69C0,X X=L274E
003062  1               ;------------------------------------------------------------
003062  1  AE 4E 27     BENSON_305C:	ldx L274E
003065  1  C8           		iny
003066  1  B1 1D        		lda (BENSON_PTR_LO_1D),Y
003068  1  30 09        		bmi L306D
00306A  1  1D C6 69     		ora OBJECT_ATTRIBUTES_69C0,X
00306D  1  9D C6 69     		sta OBJECT_ATTRIBUTES_69C0,X
003070  1  4C 19 30     		jmp L3013
003073  1  3D C6 69     L306D:		and OBJECT_ATTRIBUTES_69C0,X
003076  1  9D C6 69     		sta OBJECT_ATTRIBUTES_69C0,X
003079  1  4C 19 30     		jmp L3013
00307C  1               
00307C  1               ;------------------------------------------------------------
00307C  1               ; room related message?
00307C  1               ;------------------------------------------------------------
00307C  1  C8           BENSON_3076:	iny
00307D  1  B1 1D        		lda (BENSON_PTR_LO_1D),Y
00307F  1  29 0F        		and #$0F
003081  1  AA           		tax
003082  1  C8           		iny
003083  1  B1 1D        		lda (BENSON_PTR_LO_1D),Y
003085  1  9D 46 27     		sta L2740,X
003088  1  E0 0D        		cpx #$0D
00308A  1  D0 8D        		bne L3013
00308C  1  84 04        		sty TMP_04
00308E  1  A0 00        		ldy #$00
003090  1  48           		pha
003091  1  29 0F        		and #$0F
003093  1  20 AA 30     		jsr BENSON_30A4
003096  1  68           		pla
003097  1  4A           		lsr
003098  1  4A           		lsr
003099  1  4A           		lsr
00309A  1  4A           		lsr
00309B  1  C8           		iny
00309C  1  C8           		iny
00309D  1  20 AA 30     		jsr BENSON_30A4
0030A0  1  09 80        		ora #$80
0030A2  1  99 7F 29     		sta L2979,Y
0030A5  1  A4 04        		ldy TMP_04
0030A7  1  4C 19 30     		jmp L3013
0030AA  1               
0030AA  1               ;------------------------------------------------------------
0030AA  1               ;
0030AA  1               ;------------------------------------------------------------
0030AA  1  AA           BENSON_30A4:	tax
0030AB  1  BD B1 28     		lda L28AB,X
0030AE  1  4A           		lsr
0030AF  1  4A           		lsr
0030B0  1  4A           		lsr
0030B1  1  4A           		lsr
0030B2  1  99 7F 29     		sta L2979,Y
0030B5  1  BD B1 28     		lda L28AB,X
0030B8  1  C8           		iny
0030B9  1  99 7F 29     		sta L2979,Y
0030BC  1  60           		rts
0030BD  1               
0030BD  1               ;------------------------------------------------------------
0030BD  1               ; set a message?
0030BD  1               ;------------------------------------------------------------
0030BD  1  A5 1D        BENSON_30B7:	lda BENSON_PTR_LO_1D
0030BF  1  8D AB 32     		sta L32A4+1
0030C2  1  A5 1E        		lda BENSON_PTR_HIGH_1E
0030C4  1  8D AC 32     		sta L32A4+2
0030C7  1  C8           L30C1:		iny
0030C8  1  B1 1D        		lda (BENSON_PTR_LO_1D),Y
0030CA  1  D0 FB        L30C4:		bne L30C1
0030CC  1  C6 E6        		dec MESSAGE_PENDING_E6
0030CE  1  85 DF        		sta CHAR_CNT_DF
0030D0  1  85 DE        		sta MSG_CHUNK_CNT_DE
0030D2  1  4C 19 30     		jmp L3013
0030D5  1               
0030D5  1               ;------------------------------------------------------------
0030D5  1               ;
0030D5  1               ;------------------------------------------------------------
0030D5  1  A9 00        BENSON_30CF:	lda #$00
0030D7  1  85 E3        		sta TIMER_MSB_E3
0030D9  1  85 E4        		sta TIMER_HSB_E4
0030DB  1  4C 19 30     		jmp L3013
0030DE  1               
0030DE  1               ;------------------------------------------------------------
0030DE  1               ;
0030DE  1               ;------------------------------------------------------------
0030DE  1  20 E4 30     BENSON_30D8:	jsr BENSON_30DE
0030E1  1  4C 19 30     		jmp L3013
0030E4  1               
0030E4  1               ;------------------------------------------------------------
0030E4  1               ; Dynamically call a subroutine
0030E4  1               ;------------------------------------------------------------
0030E4  1               BENSON_30DE:
0030E4  1  C8           		iny
0030E5  1  B1 1D        		lda (BENSON_PTR_LO_1D),Y
0030E7  1  8D F1 30     		sta L30EA+1
0030EA  1  C8           		iny
0030EB  1  B1 1D        		lda (BENSON_PTR_LO_1D),Y
0030ED  1  8D F2 30     		sta L30EA+2
0030F0  1  20 F0 30     L30EA:		jsr L30EA
0030F3  1               
0030F3  1               ;------------------------------------------------------------
0030F3  1               ;
0030F3  1               ;------------------------------------------------------------
0030F3  1  A9 2C        BENSON_30ED:	lda #$2C
0030F5  1  8D 10 31     		sta L310A
0030F8  1  D0 05        		bne L30F9
0030FA  1               
0030FA  1               ;------------------------------------------------------------
0030FA  1               ; add or copy ($1D),Y to L05E3,X
0030FA  1               ; (set or add/sub) money at $600
0030FA  1               ;------------------------------------------------------------
0030FA  1  A9 7D        BENSON_30F4:	lda #$7D
0030FC  1  8D 10 31     		sta L310A
0030FF  1  C8           L30F9:		iny
003100  1  B1 1D        		lda (BENSON_PTR_LO_1D),Y
003102  1  29 0F        		and #$0F
003104  1  0A           		asl
003105  1  0A           		asl
003106  1  AA           		tax
003107  1  A9 04        		lda #$04
003109  1  85 04        		sta TMP_04
00310B  1  F8           		sed
00310C  1  18           		clc
00310D  1  C8           L3107:		iny
00310E  1  B1 1D        		lda (BENSON_PTR_LO_1D),Y
003110  1  2C E3 05     L310A:		bit L05E3
003113  1  9D E3 05     L310D:		sta L05E3,X
003116  1  CA           		dex
003117  1  C6 04        		dec TMP_04
003119  1  D0 F2        		bne L3107
00311B  1  D8           		cld
00311C  1  4C 19 30     		jmp L3013
00311F  1               
00311F  1               ;------------------------------------------------------------
00311F  1               ; decimal add L05E0,X = L05E03,X + L05E3,Y
00311F  1               ;------------------------------------------------------------
00311F  1  C8           BENSON_3119:	iny
003120  1  B1 1D        		lda (BENSON_PTR_LO_1D),Y
003122  1  29 0F        		and #$0F
003124  1  0A           		asl
003125  1  0A           		asl
003126  1  AA           		tax
003127  1  C8           		iny
003128  1  B1 1D        		lda (BENSON_PTR_LO_1D),Y
00312A  1  29 0F        L3124:		and #$0F
00312C  1  0A           		asl
00312D  1  0A           		asl
00312E  1  84 05        		sty TMP_04+1
003130  1  A8           		tay
003131  1  A9 04        		lda #$04
003133  1  85 04        		sta TMP_04
003135  1  F8           		sed
003136  1  18           		clc
003137  1  BD E3 05     L3131:		lda L05E3,X
00313A  1  79 E3 05     		adc L05E3,Y
00313D  1  48           		pha
00313E  1  CA           		dex
00313F  1  88           		dey
003140  1  C6 04        		dec TMP_04
003142  1  D0 F3        		bne L3131
003144  1               
003144  1  A4 05        		ldy TMP_04+1
003146  1  C8           		iny
003147  1  B1 1D        		lda (BENSON_PTR_LO_1D),Y
003149  1  29 0F        		and #$0F
00314B  1  0A           		asl
00314C  1  0A           		asl
00314D  1  AA           		tax
00314E  1  68           		pla
00314F  1  9D E0 05     		sta L05E0,X
003152  1  68           		pla
003153  1  9D E1 05     		sta L05E1,X
003156  1  68           		pla
003157  1  9D E2 05     		sta L05E2,X
00315A  1  68           		pla
00315B  1  9D E3 05     		sta L05E3,X
00315E  1  D8           		cld
00315F  1  4C 19 30     		jmp L3013
003162  1               
003162  1               ;------------------------------------------------------------
003162  1               ; copy L2740 low-nibble to high-nibble
003162  1               ;------------------------------------------------------------
003162  1  C8           BENSON_315C:	iny
003163  1  B1 1D        		lda (BENSON_PTR_LO_1D),Y
003165  1  29 0F        		and #$0F
003167  1  AA           		tax
003168  1  BD 46 27     		lda L2740,X
00316B  1  48           		pha
00316C  1  B1 1D        		lda (BENSON_PTR_LO_1D),Y
00316E  1  4A           		lsr
00316F  1  4A           		lsr
003170  1  4A           		lsr
003171  1  4A           		lsr
003172  1  AA           		tax
003173  1  68           		pla
003174  1  9D 46 27     		sta L2740,X
003177  1  4C 19 30     		jmp L3013
00317A  1               
00317A  1               ;------------------------------------------------------------
00317A  1               ; set bits of ($1D) in L293B
00317A  1               ;------------------------------------------------------------
00317A  1  C8           BENSON_3174:	iny
00317B  1  B1 1D        		lda (BENSON_PTR_LO_1D),Y
00317D  1  0D 41 29     		ora L293B
003180  1  8D 41 29     		sta L293B
003183  1  4C 19 30     		jmp L3013
003186  1               
003186  1               ;------------------------------------------------------------
003186  1               ; reset bits of ($1D) in L293B
003186  1               ;------------------------------------------------------------
003186  1  C8           BENSON_3180:	iny
003187  1  B1 1D        		lda (BENSON_PTR_LO_1D),Y
003189  1  49 FF        		eor #$FF
00318B  1  2D 41 29     		and L293B
00318E  1  8D 41 29     		sta L293B
003191  1  4C 19 30     		jmp L3013
003194  1               
003194  1               ;------------------------------------------------------------
003194  1               ; set value to absolute address
003194  1               ;------------------------------------------------------------
003194  1  C8           BENSON_318E:	iny
003195  1  B1 1D        		lda (BENSON_PTR_LO_1D),Y
003197  1  8D A4 31     		sta L319D+1
00319A  1  C8           		iny
00319B  1  B1 1D        		lda (BENSON_PTR_LO_1D),Y
00319D  1  8D A5 31     		sta L319D+2
0031A0  1  C8           		iny
0031A1  1  B1 1D        		lda (BENSON_PTR_LO_1D),Y
0031A3  1  8D 01 D2     L319D:		sta AUDC1
0031A6  1  4C 19 30     		jmp L3013
0031A9  1               
0031A9  1               ;------------------------------------------------------------
0031A9  1               ; start a message
0031A9  1               ;------------------------------------------------------------
0031A9  1  C8           BENSON_31A3:	iny
0031AA  1  B1 1D        		lda (BENSON_PTR_LO_1D),Y
0031AC  1  10 06        		bpl BENSON_31AE
0031AE  1  29 0F        		and #$0F
0031B0  1  AA           		tax
0031B1  1  BD 46 27     		lda L2740,X
0031B4  1  AA           BENSON_31AE:	tax
0031B5  1  20 30 32     		jsr START_MESSAGE_L322A
0031B8  1  4C 19 30     L31B2:		jmp L3013
0031BB  1               
0031BB  1               ;------------------------------------------------------------
0031BB  1               ; issue random message?
0031BB  1               ;------------------------------------------------------------
0031BB  1  20 B7 53     BENSON_31B5:	jsr GET_RANDOM_L53B1
0031BE  1  C8           		iny
0031BF  1  31 1D        		and (BENSON_PTR_LO_1D),Y
0031C1  1  18           		clc
0031C2  1  C8           		iny
0031C3  1  71 1D        		adc (BENSON_PTR_LO_1D),Y
0031C5  1  D0 ED        		bne BENSON_31AE
0031C7  1               
0031C7  1               ;------------------------------------------------------------
0031C7  1               ;
0031C7  1               ;------------------------------------------------------------
0031C7  1  20 F4 5A     BENSON_31C1:	jsr RESET_KEY_L5AEE
0031CA  1  4C 19 30     		jmp L3013
0031CD  1               
0031CD  1               ;------------------------------------------------------------
0031CD  1               ; signed add L2938 with max
0031CD  1               ;------------------------------------------------------------
0031CD  1  AD 3E 29     BENSON_31C7:	lda L2938
0031D0  1  C8           		iny
0031D1  1  18           		clc
0031D2  1  71 1D        		adc (BENSON_PTR_LO_1D),Y
0031D4  1  50 08        		bvc L31D8
0031D6  1  30 04        		bmi L31D6
0031D8  1  A9 80        		lda #$80
0031DA  1  30 02        		bmi L31D8
0031DC  1  A9 7F        L31D6:		lda #$7F
0031DE  1  8D 3E 29     L31D8:		sta L2938
0031E1  1  4C 19 30     		jmp L3013
0031E4  1               
0031E4  1               ;------------------------------------------------------------
0031E4  1               ;
0031E4  1               ;------------------------------------------------------------
0031E4  1               BENSON_JMP_TAB:
0031E4  1  00 00        		.byte $00,$00					;$00
0031E6  1  BD 30        L31E0:		.word BENSON_30B7				;$01 set a message?
0031E8  1  D5 30        		.word BENSON_30CF				;$02 reset timer
0031EA  1  39 30        L31E4:		.word BENSON_3033				;$03 get next pointer?
0031EC  1  2A 30        		.word BENSON_3024				;$04 push $1D to stack
0031EE  1  45 30        		.word BENSON_303F				;$05 pop $1D from stack
0031F0  1  CE 2F        		.word BENSON_2FC8				;$06 compare ($1D),y with current position
0031F2  1  77 2F        L31EC:		.word BENSON_2F71				;$07 wait for timer
0031F4  1  DE 30        		.word BENSON_30D8				;$08 call subroutine
0031F6  1  C8 2F        		.word BENSON_2FC2				;$09 call sub with return (C)?
0031F8  1  6C 2F        		.word BENSON_2F66				;$0A compare ($1D) to random number
0031FA  1  E7 2F        L31F4:		.word BENSON_2FE1				;$0B check pressed key
0031FC  1  BE 2F        		.word BENSON_2FB8				;$0C check if 274E in inventory
0031FE  1  F3 30        		.word BENSON_30ED				;$0D set money decimal
003200  1  FA 30        		.word BENSON_30F4				;$0E add money decimal
003202  1  7C 30        		.word BENSON_3076				;$0F room related message?
003204  1  7A 31        		.word BENSON_3174				;$10 set bits of ($1D) L293B
003206  1  86 31        		.word BENSON_3180				;$11 reset bits of ($1D) in L293B
003208  1  B4 2F        		.word BENSON_2FAE				;$12 test bits ($1D) against in L293B
00320A  1  AB 2F        		.word BENSON_2FA5				;$13 compare room no in L274F to $CD
00320C  1  A9 31        		.word BENSON_31A3				;$14 send message
00320E  1  1F 31        		.word BENSON_3119				;$15 add decimal 4 bytes
003210  1  CD 31        		.word BENSON_31C7				;$16 signed add L2938 with max
003212  1  8A 2F        		.word BENSON_2F84				;$17 compare to L2938, bit7 flipped
003214  1  57 2F        		.word BENSON_2F51				;$18 compare to absolue value (word, byte)
003216  1  94 31        		.word BENSON_318E				;$19 set value to absolute address
003218  1  F9 2F        		.word BENSON_2FF3				;$1A test hi-bit of 1F00,X X=L274D
00321A  1  BB 31        		.word BENSON_31B5				;$1B issue random message?
00321C  1  C7 31        		.word BENSON_31C1				;$1C reset key pressed
00321E  1  9E 2F        		.word BENSON_2F98				;$1D check if object X=L274E is in room L274F
003220  1  62 31        		.word BENSON_315C				;$1E copy L2740 low-nibble to high-nibble
003222  1  DE 2F        		.word BENSON_2FD8				;$1F compare L274D to GROUND_STRUC_OBJ_TO_DRAW_B5
003224  1  62 30        		.word BENSON_305C				;$20 and/or ($1D) to OBJECT_ATTRIBUTES_69C0,X X=L274E
003226  1  03 30        		.word BENSON_2FFD				;$21 and ($1D) with object attributes,X X=L274E
003228  1  95 2F        L3222:		.word BENSON_2F8F				;$22 check aircraft / walking
00322A  1               
00322A  1  A5 E6        L3224:		lda MESSAGE_PENDING_E6
00322C  1  D0 1A        		bne L3242
00322E  1  E6 E0        L3228:		inc JIFY_CNT_E0
003230  1               
003230  1               ;------------------------------------------------------------
003230  1               ; issue a message if e6 zero
003230  1               ;------------------------------------------------------------
003230  1               START_MESSAGE_L322A:
003230  1  A5 E6        		lda MESSAGE_PENDING_E6				;exit if MESSAGE_PENDING_E6 not zero, message pending?
003232  1  D0 14        		bne L3242
003234  1               
003234  1  BD E0 7D     L322E:		lda L7DE0,X					;CTRL-S = $3B
003237  1  8D AC 32     		sta L32A4+2					;copy pointer to msg structure, high byte
00323A  1  BD A0 7D     		lda L7DA0,X					;lo byte
00323D  1  8D AB 32     		sta L32A4+1
003240  1  A9 00        		lda #$00
003242  1  85 DE        		sta MSG_CHUNK_CNT_DE
003244  1  85 DF        		sta CHAR_CNT_DF
003246  1  C6 E6        		dec MESSAGE_PENDING_E6				;e6 non zero
003248  1  60           L3242:		rts
003249  1               
003249  1               ;------------------------------------------------------------
003249  1               ; called from VBI proc if MESSAGE_PENDING_E6 <> zero
003249  1               ;------------------------------------------------------------
003249  1  E6 E0        L3243:		inc JIFY_CNT_E0					;jiffy count
00324B  1  A5 E0        		lda JIFY_CNT_E0
00324D  1  C9 1A        		cmp #$1A					;<26 jiffys, shift text left
00324F  1  90 0E        		bcc L3259
003251  1               
003251  1  C5 E1        		cmp JIFY_MAX_E1					;max jiffys
003253  1  90 49        		bcc L3298					;all chars shifted, exit
003255  1               
003255  1  A9 00        		lda #$00					;reset jiffy_cnt
003257  1  85 E0        		sta JIFY_CNT_E0
003259  1  C6 E6        		dec MESSAGE_PENDING_E6
00325B  1  F0 41        		beq L3298					;branch if 1
00325D  1  E6 E0        		inc JIFY_CNT_E0
00325F  1               
00325F  1  A2 EA        L3259:		ldx #$EA					;shift chars to left
003261  1  BD 8F 97     L325B:		lda L978F,X
003264  1  9D 8E 97     		sta L978E,X
003267  1  E8           		inx
003268  1  D0 F7        		bne L325B
00326A  1               
00326A  1  A5 FB        		lda TEXT_FILL_BYTE_FB				;fill byte?
00326C  1  8D 8E 98     		sta L988E					;rightmost textfield on screen
00326F  1  A5 E6        		lda MESSAGE_PENDING_E6
003271  1  30 05        		bmi L3272
003273  1               
003273  1  A9 A0        		lda #$A0					;SPACE
003275  1  85 FB        		sta TEXT_FILL_BYTE_FB
003277  1  60           		rts
003278  1               
003278  1  A6 DF        L3272:		ldx CHAR_CNT_DF
00327A  1  F0 26        		beq L329C					;insert new message
00327C  1               
00327C  1  BD 0B 14     L3276:		lda L140B,X					;get a message-text byte, updated by L32BB and others
00327F  1  AA           		tax
003280  1  0A           		asl
003281  1  C9 14        		cmp #$14
003283  1  6A           		ror
003284  1  85 FB        		sta TEXT_FILL_BYTE_FB
003286  1  C9 A0        		cmp #$A0
003288  1  F0 0D        		beq L3291
00328A  1  29 3F        		and #$3F					;make R2-D2 beeps
00328C  1  18           		clc
00328D  1  69 10        		adc #$10
00328F  1  8D 06 D2     		sta AUDF4
003292  1  A9 AF        		lda #$AF
003294  1  8D 07 D2     		sta AUDC4
003297  1  8A           L3291:		txa
003298  1  10 05        		bpl L3299
00329A  1  A9 00        L3294:		lda #$00
00329C  1  85 DF        		sta CHAR_CNT_DF
00329E  1  60           L3298:		rts
00329F  1               
00329F  1  E6 DF        L3299:		inc CHAR_CNT_DF
0032A1  1  60           		rts
0032A2  1               
0032A2  1               ;------------------------------------------------------------
0032A2  1               ; insert new message
0032A2  1               ;------------------------------------------------------------
0032A2  1  A9 A0        L329C:		lda #$A0					;space
0032A4  1  85 FB        		sta TEXT_FILL_BYTE_FB
0032A6  1               
0032A6  1  E6 DE        		inc MSG_CHUNK_CNT_DE
0032A8  1  A6 DE        		ldx MSG_CHUNK_CNT_DE
0032AA  1  BC 79 15     L32A4:		ldy L1574-1,X					;updated by L322E (START_MESSAGE_L322A) and other locations
0032AD  1  F0 25        		beq L32CE					;get byte of message-structure, e.g. $E9
0032AF  1               
0032AF  1  C0 EF        		cpy #$EF
0032B1  1  90 0E        		bcc L32BB
0032B3  1  F0 E5        		beq L3294
0032B5  1  C0 FF        		cpy #$FF
0032B7  1  F0 20        		beq L32D3
0032B9  1  C0 F8        		cpy #$F8
0032BB  1  B0 3B        		bcs L32F2
0032BD  1  B9 48 26     		lda L2648,Y
0032C0  1  A8           		tay
0032C1  1               
0032C1  1  B9 20 7E     L32BB:		lda L7E20,Y					;copy pointer to msg-text to $L3276+1/2
0032C4  1  8D 7D 32     		sta L3276+1
0032C7  1  B9 10 7F     		lda L7F10,Y
0032CA  1  8D 7E 32     		sta L3276+2
0032CD  1  E6 DF        		inc CHAR_CNT_DF
0032CF  1  C0 08        		cpy #$08
0032D1  1  90 A5        		bcc L3272
0032D3  1  60           		rts
0032D4  1               
0032D4  1               ;------------------------------------------------------------
0032D4  1               ;
0032D4  1               ;------------------------------------------------------------
0032D4  1  A0 01        L32CE:		ldy #$01					;signal display to be cleared?
0032D6  1  84 E6        		sty MESSAGE_PENDING_E6
0032D8  1  60           		rts
0032D9  1               
0032D9  1               
0032D9  1               ;------------------------------------------------------------
0032D9  1               ;
0032D9  1               ;------------------------------------------------------------
0032D9  1  AD AB 32     L32D3:		lda L32A4+1
0032DC  1  8D 7D 32     		sta L3276+1
0032DF  1  8D F1 32     		sta L32EA+1
0032E2  1  AD AC 32     		lda L32A4+2
0032E5  1  8D 7E 32     		sta L3276+2
0032E8  1  8D F2 32     		sta L32EA+2
0032EB  1  E8           		inx
0032EC  1  86 DF        		stx CHAR_CNT_DF
0032EE  1  CA           		dex
0032EF  1  E8           L32E9:		inx
0032F0  1  BD A2 07     L32EA:		lda L07A2,X
0032F3  1  10 FA        		bpl L32E9
0032F5  1  86 DE        		stx MSG_CHUNK_CNT_DE
0032F7  1  60           		rts
0032F8  1               
0032F8  1               ;------------------------------------------------------------
0032F8  1               ;
0032F8  1               ;------------------------------------------------------------
0032F8  1  98           L32F2:		tya
0032F9  1  29 07        		and #$07
0032FB  1  0A           		asl
0032FC  1  0A           		asl
0032FD  1  AA           		tax
0032FE  1  0A           		asl
0032FF  1  A8           		tay
003300  1  69 1F        		adc #$1F
003302  1  8D 7D 32     		sta L3276+1
003305  1  A9 06        		lda #$06
003307  1  69 00        		adc #$00
003309  1  8D 7E 32     		sta L3276+2
00330C  1  A9 04        		lda #$04
00330E  1  85 04        		sta TMP_04
003310  1  BD 00 06     L330A:		lda L0600,X
003313  1  29 F0        		and #$F0
003315  1  D0 12        		bne L3323
003317  1  BD 00 06     		lda L0600,X
00331A  1  29 0F        		and #$0F
00331C  1  D0 18        		bne L3330
00331E  1  E8           		inx
00331F  1  C6 04        		dec TMP_04
003321  1  D0 ED        		bne L330A
003323  1  F0 19        		beq L3338
003325  1  BD 00 06     L331F:		lda L0600,X
003328  1  C8           		iny
003329  1  4A           L3323:		lsr
00332A  1  4A           		lsr
00332B  1  4A           		lsr
00332C  1  4A           		lsr
00332D  1  99 20 06     		sta L0620,Y
003330  1  BD 00 06     		lda L0600,X
003333  1  C8           		iny
003334  1  29 0F        		and #$0F
003336  1  99 20 06     L3330:		sta L0620,Y
003339  1  E8           		inx
00333A  1  C6 04        		dec TMP_04
00333C  1  D0 E7        		bne L331F
00333E  1  09 80        L3338:		ora #$80
003340  1  99 20 06     		sta L0620,Y
003343  1  E6 DF        		inc CHAR_CNT_DF
003345  1  60           		rts
003346  1               
003346  1               ;------------------------------------------------------------
003346  1               ;
003346  1               ;------------------------------------------------------------
003346  1  85 06        L3340:		sta MUL_LO_06
003348  1  38           		sec
003349  1  2A           		rol
00334A  1  85 07        		sta MUL_HI_07
00334C  1  A5 72        		lda CUR_X_HSB_72
00334E  1  20 03 34     		jsr L33FD
003351  1  66 08        		ror ZP_08
003353  1  85 04        		sta TMP_04
003355  1  86 17        		stx POINT_LINE_COUNT_17
003357  1  A5 78        		lda CUR_Z_HSB_78
003359  1  20 03 34     		jsr L33FD
00335C  1  66 08        		ror ZP_08
00335E  1  0A           		asl
00335F  1  0A           		asl
003360  1  0A           		asl
003361  1  0A           		asl
003362  1  05 04        		ora TMP_04
003364  1  A0 FF        		ldy #$FF
003366  1  E0 10        		cpx #$10
003368  1  D0 09        		bne L336D
00336A  1  E4 17        		cpx POINT_LINE_COUNT_17
00336C  1  D0 05        		bne L336D
00336E  1  A4 EE        		ldy L00EE
003370  1  F0 58        		beq L33C4
003372  1  A8           		tay
003373  1  84 EE        L336D:		sty L00EE
003375  1  8D EB 33     		sta L33E4+1
003378  1  8D F0 33     		sta L33E9+1
00337B  1  8D F6 33     		sta L33EF+1
00337E  1  8D FB 33     		sta L33F4+1
003381  1  86 18        		stx SCREEN_LINES_18
003383  1  A9 3C        		lda #$3C
003385  1  85 B3        		sta CHUNK_LEN_B3
003387  1  A9 02        		lda #$02
003389  1  85 B4        		sta L00B4
00338B  1  A5 72        		lda CUR_X_HSB_72
00338D  1  29 F0        		and #$F0
00338F  1  D0 06        		bne L3391
003391  1  A5 78        		lda CUR_Z_HSB_78
003393  1  29 F0        		and #$F0
003395  1  F0 0F        		beq L33A0
003397  1  A9 00        L3391:		lda #$00
003399  1  8D BC 01     		sta L01BC
00339C  1  8D BD 01     		sta L01BD
00339F  1  8D BF 01     		sta L01BF
0033A2  1  85 B5        		sta GROUND_STRUC_OBJ_TO_DRAW_B5
0033A4  1  F0 17        		beq L33B7
0033A6  1  A4 B5        L33A0:		ldy GROUND_STRUC_OBJ_TO_DRAW_B5
0033A8  1  B9 06 6C     		lda GROUND_STRUCTURES_LIST_L6C00,Y
0033AB  1  8D BD 01     		sta L01BD
0033AE  1  B9 06 6D     		lda GROUND_STRUCTURES_LIST_L6D00,Y
0033B1  1  8D BC 01     		sta L01BC
0033B4  1  B9 06 6E     		lda GROUND_STRUCTURES_LIST_L6E00,Y
0033B7  1  8D BF 01     		sta L01BF
0033BA  1  B9 06 6F     		lda GROUND_STRUCTURES_LIST_L6F00,Y
0033BD  1  8D BE 01     L33B7:		sta L01BE
0033C0  1  A5 08        		lda ZP_08
0033C2  1  29 C0        		and #$C0
0033C4  1  D0 04        		bne L33C4
0033C6  1  A5 06        		lda MUL_LO_06
0033C8  1  D0 01        		bne L33C5
0033CA  1  60           L33C4:		rts
0033CB  1               
0033CB  1               ;------------------------------------------------------------
0033CB  1               ;
0033CB  1               ;------------------------------------------------------------
0033CB  1  A0 FF        L33C5:		ldy #$FF
0033CD  1  C8           L33C7:		iny
0033CE  1  C4 17        		cpy POINT_LINE_COUNT_17
0033D0  1  D0 18        		bne L33E4
0033D2  1  C6 18        		dec SCREEN_LINES_18
0033D4  1  F0 F4        		beq L33C4
0033D6  1  AD EB 33     		lda L33E4+1
0033D9  1  18           		clc
0033DA  1  69 10        		adc #$10
0033DC  1  8D EB 33     		sta L33E4+1
0033DF  1  8D F0 33     		sta L33E9+1
0033E2  1  8D F6 33     		sta L33EF+1
0033E5  1  8D FB 33     		sta L33F4+1
0033E8  1  A0 00        		ldy #$00
0033EA  1  BE 88 6C     L33E4:		ldx L6C88,Y
0033ED  1  F0 06        		beq L33EF
0033EF  1  B9 88 6D     L33E9:		lda L6D88,Y
0033F2  1  20 47 34     		jsr L3441
0033F5  1  BE 88 6E     L33EF:		ldx L6E88,Y
0033F8  1  F0 D3        		beq L33C7
0033FA  1  B9 88 6F     L33F4:		lda L6F88,Y
0033FD  1  20 47 34     		jsr L3441
003400  1  4C CD 33     		jmp L33C7
003403  1  38           L33FD:		sec
003404  1  E5 06        		sbc MUL_LO_06
003406  1  10 12        		bpl L3414
003408  1  18           		clc
003409  1  65 07        		adc MUL_HI_07
00340B  1  30 23        		bmi L342A
00340D  1  F0 21        		beq L342A
00340F  1  C9 11        		cmp #$11
003411  1  90 02        		bcc L340F
003413  1  A9 10        		lda #$10
003415  1  AA           L340F:		tax
003416  1  A9 00        		lda #$00
003418  1  18           		clc
003419  1  60           		rts
00341A  1               
00341A  1               ;------------------------------------------------------------
00341A  1               ;
00341A  1               ;------------------------------------------------------------
00341A  1  C9 10        L3414:		cmp #$10
00341C  1  B0 12        		bcs L342A
00341E  1  85 05        		sta TMP_04+1
003420  1  A9 10        		lda #$10
003422  1  38           		sec
003423  1  E5 05        		sbc TMP_04+1
003425  1  C5 07        		cmp MUL_HI_07
003427  1  90 02        		bcc L3425
003429  1  A5 07        		lda MUL_HI_07
00342B  1  AA           L3425:		tax
00342C  1  A5 05        		lda TMP_04+1
00342E  1  18           		clc
00342F  1  60           		rts
003430  1               
003430  1               ;------------------------------------------------------------
003430  1               ;
003430  1               ;------------------------------------------------------------
003430  1  38           L342A:		sec
003431  1  60           		rts
003432  1               
003432  1               ;------------------------------------------------------------
003432  1               ;
003432  1               ;------------------------------------------------------------
003432  1  A6 B3        L342C:		ldx CHUNK_LEN_B3
003434  1  DD 80 01     L342E:		cmp L0180,X
003437  1  F0 0C        		beq L343F
003439  1  E8           		inx
00343A  1  E0 40        		cpx #$40
00343C  1  D0 F6        		bne L342E
00343E  1  C6 B3        		dec CHUNK_LEN_B3
003440  1  A6 B3        		ldx CHUNK_LEN_B3
003442  1  9D 80 01     		sta L0180,X
003445  1  8A           L343F:		txa
003446  1  60           		rts
003447  1               
003447  1               ;------------------------------------------------------------
003447  1               ;
003447  1               ;------------------------------------------------------------
003447  1  C5 B5        L3441:		cmp GROUND_STRUC_OBJ_TO_DRAW_B5
003449  1  F0 2E        		beq L3473
00344B  1  E4 B5        		cpx GROUND_STRUC_OBJ_TO_DRAW_B5
00344D  1  F0 2A        		beq L3473
00344F  1  48           		pha
003450  1  8A           		txa
003451  1  20 32 34     		jsr L342C
003454  1  85 04        		sta TMP_04
003456  1  68           		pla
003457  1  20 32 34     		jsr L342C
00345A  1  A6 B4        		ldx L00B4
00345C  1  DD 00 01     L3456:		cmp L0100,X
00345F  1  D0 09        		bne L3464
003461  1  48           		pha
003462  1  A5 04        		lda TMP_04
003464  1  DD 40 01     		cmp L0140,X
003467  1  F0 11        		beq L3474
003469  1  68           		pla
00346A  1  CA           L3464:		dex
00346B  1  D0 EF        		bne L3456
00346D  1  E6 B4        		inc L00B4
00346F  1  A6 B4        		ldx L00B4
003471  1  9D 00 01     		sta L0100,X
003474  1  A5 04        		lda TMP_04
003476  1  9D 40 01     		sta L0140,X
003479  1  60           L3473:		rts
00347A  1               
00347A  1               ;------------------------------------------------------------
00347A  1               ;
00347A  1               ;------------------------------------------------------------
00347A  1  68           L3474:		pla
00347B  1  60           		rts
00347C  1               
00347C  1  BE AE 34     L3476:		ldx L34A8,Y
00347F  1  C8           		iny
003480  1  86 B3        		stx CHUNK_LEN_B3
003482  1  B9 AE 34     L347C:		lda L34A8,Y
003485  1  C8           		iny
003486  1  9D 80 01     		sta L0180,X
003489  1  E8           		inx
00348A  1  E0 40        		cpx #$40
00348C  1  D0 F4        		bne L347C
00348E  1  86 B7        		stx L00B7
003490  1  86 EE        		stx L00EE
003492  1  BE AE 34     		ldx L34A8,Y
003495  1  C8           		iny
003496  1  86 B4        		stx L00B4
003498  1  A2 02        		ldx #$02
00349A  1  E8           L3494:		inx
00349B  1  B9 AE 34     		lda L34A8,Y
00349E  1  C8           		iny
00349F  1  9D 00 01     		sta L0100,X
0034A2  1  B9 AE 34     		lda L34A8,Y
0034A5  1  C8           		iny
0034A6  1  9D 40 01     		sta L0140,X
0034A9  1  E4 B4        		cpx L00B4
0034AB  1  D0 ED        		bne L3494
0034AD  1  60           L34A7:		rts
0034AE  1               
0034AE  1               
0034AE  1  2E 01 0F FF  L34A8:		.byte $2E,$01,$0F,$FF,$F1,$33,$3C,$7C,$73,$04,$34,$0A,$FA,$51,$5F
0034B2  1  F1 33 3C 7C  
0034B6  1  73 04 34 0A  
0034BD  1  75 F5 D1 DC  		.byte $75,$F5,$D1,$DC,$0D,$2E,$2F,$2F,$30,$30,$31,$31,$2E,$32,$33
0034C1  1  0D 2E 2F 2F  
0034C5  1  30 30 31 31  
0034CC  1  33 34 34 35  		.byte $33,$34,$34,$35,$35,$32,$36,$37,$38,$39,$3A,$3B
0034D0  1  35 32 36 37  
0034D4  1  38 39 3A 3B  
0034D8  1               
0034D8  1               ;------------------------------------------------------------
0034D8  1               ;
0034D8  1               ;------------------------------------------------------------
0034D8  1               DRAW_MAP_LINES_L34D2:
0034D8  1  20 C3 53     		jsr BLACK_LINES_L53BD
0034DB  1  A5 EF        		lda L00EF
0034DD  1  F0 01        		beq L34DA
0034DF  1  60           		rts
0034E0  1  A9 00        L34DA:		lda #$00
0034E2  1  85 05        		sta TMP_04+1
0034E4  1  38           		sec
0034E5  1  E5 74        		sbc CUR_Y_MSB_74
0034E7  1  AA           		tax
0034E8  1  A9 00        		lda #$00
0034EA  1  E5 75        		sbc CUR_Y_HSB_75
0034EC  1  20 89 42     		jsr L4283
0034EF  1  85 52        		sta PNT_Y_LO_52
0034F1  1  86 53        		stx PNT_Y_HI_53
0034F3  1  A4 B3        		ldy CHUNK_LEN_B3
0034F5  1  84 17        		sty POINT_LINE_COUNT_17
0034F7  1  B9 80 01     L34F1:		lda L0180,Y
0034FA  1  F0 06        		beq L34FC
0034FC  1  20 69 4A     		jsr L4A63
0034FF  1  20 4A 4B     		jsr ROTATE_PERS_L4B44
003502  1  E6 17        L34FC:		inc POINT_LINE_COUNT_17
003504  1  A4 17        		ldy POINT_LINE_COUNT_17
003506  1  C0 40        L3500:		cpy #$40
003508  1  D0 ED        		bne L34F1
00350A  1  A4 B4        		ldy L00B4
00350C  1  88           		dey
00350D  1  88           		dey
00350E  1  F0 11        		beq L351B
003510  1  84 17        L350A:		sty POINT_LINE_COUNT_17
003512  1  BE 02 01     		ldx L0102,Y
003515  1  B9 42 01     		lda L0142,Y
003518  1  A8           		tay
003519  1  20 54 3E     		jsr LINE_DRAW_L42AE
00351C  1  A4 17        		ldy POINT_LINE_COUNT_17
00351E  1  88           		dey
00351F  1  D0 EF        		bne L350A
003521  1  A5 CA        L351B:		lda LIFT_UP_DOWN_CA
003523  1  D0 04        		bne L3523
003525  1  A5 75        		lda CUR_Y_HSB_75
003527  1  D0 01        		bne L3524
003529  1  60           L3523:		rts
00352A  1  AE BC 01     L3524:		ldx L01BC
00352D  1  F0 07        		beq L3530
00352F  1  A2 3C        		ldx #$3C
003531  1  A0 3D        		ldy #$3D
003533  1  20 54 3E     		jsr LINE_DRAW_L42AE
003536  1  AE BE 01     L3530:		ldx L01BE
003539  1  F0 EE        		beq L3523
00353B  1  A2 3E        		ldx #$3E
00353D  1  A0 3F        		ldy #$3F
00353F  1  4C 54 3E     		jmp LINE_DRAW_L42AE
003542  1               
003542  1               ;------------------------------------------------------------
003542  1               ;
003542  1               ;------------------------------------------------------------
003542  1               SETUP_ROOM_L353C:
003542  1  A6 06        		ldx MUL_LO_06					;room number
003544  1  D0 34        		bne L3574					;if zero, fall from the colony craft
003546  1               
003546  1  86 A6        		stx PLANET_UNDERGROUND_A6			;outside
003548  1  86 CD        		stx ROOM_NO_CD					;room0
00354A  1  20 F3 37     		jsr OBJ_DRAW_LIST_37ED
00354D  1  A9 09        		lda #$09					;falling!
00354F  1  85 A7        		sta CRAFT_ID_WALKING_A7
003551  1  20 8F 41     		jsr COPY_SHIP_DATA_L4189
003554  1  20 05 59     		jsr SET_COLOR_OUTSIDE_58FF
003557  1               
003557  1  A2 08        		ldx #$08					;set current position
003559  1  BD 71 35     L3553:		lda L356B,X
00355C  1  95 70        		sta CUR_X_LSB_70,X
00355E  1  CA           		dex
00355F  1  10 F8        		bpl L3553
003561  1               
003561  1  C6 22        		dec FLIP_SCREEN_22
003563  1  A9 00        		lda #$00
003565  1  85 C8        		sta room_change_L00C8
003567  1  20 A3 55     		jsr DRAW_SCREEN_OUTDOOR_L559D
00356A  1  A9 7F        		lda #$7F
00356C  1  85 C8        		sta room_change_L00C8
00356E  1  4C 84 39     		jmp L397E
003571  1               
003571  1  C0 67 08 80  L356B:		.byte $C0,$67,$08,$80,$F4,$40,$00,$70,$08
003575  1  F4 40 00 70  
003579  1  08           
00357A  1               
00357A  1               ;------------------------------------------------------------
00357A  1               ; X holds the room number
00357A  1               ;------------------------------------------------------------
00357A  1  A9 E0        L3574:		lda #$E0
00357C  1  85 8B        		sta L008B
00357E  1  BD 06 63     		lda ROOM_STRUCT_PTR_LO_L6300,X
003581  1  85 19        L357B:		sta PTR_LO_19
003583  1  BD C6 63     		lda ROOM_STRUCT_PTR_HI_L63C0,X
003586  1  85 1A        		sta PTR_HI_1A
003588  1  A0 00        		ldy #$00
00358A  1  B1 19        		lda (PTR_LO_19),Y
00358C  1  10 3E        		bpl L35C6					;bit7 set = teleporter?
00358E  1               
00358E  1  E0 72        		cpx #$72
003590  1  D0 0B        		bne L3597
003592  1  20 B7 53     		jsr GET_RANDOM_L53B1
003595  1  29 0E        		and #$0E
003597  1  18           		clc
003598  1  69 0A        		adc #$0A
00359A  1  A8           		tay
00359B  1  D0 0E        		bne L35A5
00359D  1  A5 CD        L3597:		lda ROOM_NO_CD
00359F  1  A0 0A        		ldy #$0A
0035A1  1  D1 19        		cmp (PTR_LO_19),Y
0035A3  1  D0 06        		bne L35A5
0035A5  1  C8           		iny
0035A6  1  C8           		iny
0035A7  1  D1 19        		cmp (PTR_LO_19),Y
0035A9  1  F0 21        		beq L35C6
0035AB  1               
0035AB  1  B1 19        L35A5:		lda (PTR_LO_19),Y
0035AD  1  48           		pha
0035AE  1  C8           		iny
0035AF  1  B1 19        		lda (PTR_LO_19),Y
0035B1  1  85 04        		sta TMP_04
0035B3  1  A0 05        		ldy #$05
0035B5  1  B1 19        		lda (PTR_LO_19),Y
0035B7  1  29 8F        		and #$8F
0035B9  1  05 04        		ora TMP_04
0035BB  1  91 19        		sta (PTR_LO_19),Y
0035BD  1  C8           		iny
0035BE  1  68           		pla
0035BF  1  91 19        		sta (PTR_LO_19),Y
0035C1  1  A9 1F        		lda #$1F					;laboratory teleporter
0035C3  1  85 F0        		sta L00F0
0035C5  1  E0 7F        		cpx #$7F					;laboratory
0035C7  1  D0 03        		bne L35C6					;no switch room?
0035C9  1  20 D4 37     		jsr FLIP_VIEW_FLAG_37CE
0035CC  1               
0035CC  1               
0035CC  1               ; room 1
0035CC  1               ; 10 4c 10 30 3a 82 58 10 0c 02 09 0b 10 02 59 05
0035CC  1               ; 00 00
0035CC  1               ; room 2
0035CC  1               ; 10 4c 10 22 28 06 75 08 00 83 96 10 04 82 98 10
0035CC  1               ; 01 82 97 10 06 22 71 04 10 99 4A 00 06 09 48 04
0035CC  1               ; 00 00
0035CC  1               
0035CC  1               
0035CC  1               ; 0  1  2  3  4  5  6  7  8  9  a  b  d  d
0035CC  1               ; 08 a2 84 8a 00 22 03 04 00 12 20 04 04 00
0035CC  1               ;
0035CC  1               ; 00	width (X)
0035CC  1               ; 01	bit0-2 = height (Y)
0035CC  1               ; 02	bit(0-6) = depth (Z); bit7=1 send message?
0035CC  1               ; 03	room color
0035CC  1               ; 04	line color
0035CC  1               ; 05	bit7 CUR_Z_LSB, !bit7 CUR_X_LSB
0035CC  1               ; 07	CUR_X_MSB
0035CC  1               ; 08	CUR_Z_MSB
0035CC  1               
0035CC  1  A4 07        L35C6:		ldy MUL_HI_07					;Y=7
0035CE  1  86 CD        		stx ROOM_NO_CD
0035D0  1  B1 19        		lda (PTR_LO_19),Y
0035D2  1  85 71        		sta CUR_X_MSB_71
0035D4  1  C8           		iny						;Y=8
0035D5  1  B1 19        		lda (PTR_LO_19),Y
0035D7  1  85 77        		sta CUR_Z_MSB_77
0035D9  1  88           		dey
0035DA  1  88           		dey
0035DB  1  88           		dey
0035DC  1  B1 19        		lda (PTR_LO_19),Y				;Y=5
0035DE  1  29 80        		and #$80
0035E0  1  85 76        		sta CUR_Z_LSB_76
0035E2  1  49 80        		eor #$80
0035E4  1  85 70        		sta CUR_X_LSB_70
0035E6  1  20 F3 37     L35E0:		jsr OBJ_DRAW_LIST_37ED				;fill object-to-draw list for room
0035E9  1               
0035E9  1  A9 00        		lda #$00
0035EB  1  85 72        		sta CUR_X_HSB_72
0035ED  1  85 78        		sta CUR_Z_HSB_78
0035EF  1  85 F6        		sta MESSAGE_TO_SEND_F6
0035F1  1  A0 3F        		ldy #$3F
0035F3  1  99 06 1D     L35ED:		sta GROUND_STRUCTURE_X_LSB_1D00,Y		;clear all struct positions
0035F6  1  99 46 1D     		sta GROUND_STRUCTURE_X_MSB_1D40,Y
0035F9  1  99 40 9F     		sta GROUND_STRUCTURE_X_HSB_9F40,Y
0035FC  1  99 86 1D     		sta GROUND_STRUCTURE_Y_LSB_1D80,Y
0035FF  1  99 C6 1D     		sta GROUND_STRUCTURE_Y_MSB_1DC0,Y
003602  1  99 80 9F     		sta GROUND_STRUCTURE_Y_HSB_9F80,Y
003605  1  99 06 1E     		sta GROUND_STRUCTURE_Z_LSB_1E00,Y
003608  1  99 46 1E     		sta GROUND_STRUCTURE_Z_MSB_1E40,Y
00360B  1  99 C0 9F     		sta GROUND_STRUCTURE_Z_HSB_9FC0,Y
00360E  1  88           		dey
00360F  1  10 E2        		bpl L35ED
003611  1               
003611  1  A0 0C        		ldy #$0C
003613  1  B9 BB 37     L360D:		lda L37B6-1,Y
003616  1  99 85 1E     		sta ROOM_DATA_1E80-1,Y
003619  1  B9 C7 37     		lda L37C2-1,Y
00361C  1  99 C5 1E     		sta ROOM_DATA_1EC0-1,Y
00361F  1  88           		dey
003620  1  D0 F1        		bne L360D
003622  1               
003622  1  B1 19        		lda (PTR_LO_19),Y				;Y=0
003624  1  29 7F        		and #$7F
003626  1  8D 46 1D     		sta GROUND_STRUCTURE_X_MSB_1D40
003629  1  8D 47 1D     		sta GROUND_STRUCTURE_X_MSB_1D40+1
00362C  1  8D 4A 1D     		sta GROUND_STRUCTURE_X_MSB_1D40+4
00362F  1  8D 4B 1D     		sta GROUND_STRUCTURE_X_MSB_1D40+5
003632  1               
003632  1  C8           		iny						;Y=1
003633  1  B1 19        		lda (PTR_LO_19),Y
003635  1  29 07        		and #$07
003637  1  8D C6 1D     		sta GROUND_STRUCTURE_Y_MSB_1DC0
00363A  1  8D C7 1D     		sta GROUND_STRUCTURE_Y_MSB_1DC0+1
00363D  1  8D C8 1D     		sta GROUND_STRUCTURE_Y_MSB_1DC0+2
003640  1  8D C9 1D     		sta GROUND_STRUCTURE_Y_MSB_1DC0+3
003643  1               
003643  1  C8           		iny						;Y=2
003644  1  B1 19        		lda (PTR_LO_19),Y
003646  1  29 7F        		and #$7F
003648  1  8D 46 1E     		sta GROUND_STRUCTURE_Z_MSB_1E40
00364B  1  8D 49 1E     		sta GROUND_STRUCTURE_Z_MSB_1E40+3
00364E  1  8D 4A 1E     		sta GROUND_STRUCTURE_Z_MSB_1E40+4
003651  1  8D 4D 1E     		sta GROUND_STRUCTURE_Z_MSB_1E40+7
003654  1               
003654  1  A9 0B        		lda #$0B					;12 lines?
003656  1  85 6F        		sta LINE_CNT_6F
003658  1  A9 07        		lda #$07
00365A  1  85 6E        		sta ZP_6E
00365C  1               
00365C  1  C8           		iny						;Y=3
00365D  1  B1 19        		lda (PTR_LO_19),Y
00365F  1  85 C2        		sta ROOM_COLOR_C2				;room color
003661  1  C8           		iny						;Y=4
003662  1  B1 19        		lda (PTR_LO_19),Y
003664  1  85 C3        		sta LINE_COLOR_C3				;line color
003666  1               
003666  1  C8           L3660:		iny						;Y=5
003667  1  B1 19        		lda (PTR_LO_19),Y
003669  1  F0 1E        		beq L3683
00366B  1  10 43        		bpl L36AA
00366D  1  C9 80        		cmp #$80
00366F  1  D0 43        		bne L36AE
003671  1               
003671  1  A9 10        		lda #$10					;obj 16 photon emitter
003673  1  20 96 38     		jsr CHECK_INVENTORY_3890
003676  1  F0 11        		beq L3683					;yes, in inventory
003678  1               
003678  1  20 A1 38     		jsr L389B					;or in to-draw list?
00367B  1  F0 0C        		beq L3683					;yes
00367D  1               
00367D  1  A9 00        		lda #$00					;otherwise make room dark, no photon emitter
00367F  1  85 C0        		sta BACKGND_COLOR_C0
003681  1  85 C2        		sta ROOM_COLOR_C2
003683  1  85 C3        		sta LINE_COLOR_C3
003685  1               
003685  1  A9 01        		lda #$01
003687  1  85 F6        		sta MESSAGE_TO_SEND_F6
003689  1               
003689  1  A9 FF        L3683:		lda #$FF
00368B  1  85 96        		sta L0096
00368D  1  A0 01        		ldy #$01					;Y=1
00368F  1  B1 19        		lda (PTR_LO_19),Y
003691  1  4A           		lsr
003692  1  4A           		lsr
003693  1  4A           		lsr
003694  1  AA           		tax
003695  1  F0 0E        		beq L369F
003697  1  C8           		iny						;Y=2
003698  1  B1 19        		lda (PTR_LO_19),Y
00369A  1  10 07        		bpl L369D					;bit7 set = send message?
00369C  1  8A           		txa
00369D  1  20 13 2F     		jsr BENSON_2F0D					;send room related message?
0036A0  1  4C A5 36     		jmp L369F
0036A3  1  86 F6        L369D:		stx MESSAGE_TO_SEND_F6
0036A5  1  20 1D 38     L369F:		jsr L3817
0036A8  1  A9 00        		lda #$00
0036AA  1  85 F5        		sta SOUND_F5
0036AC  1  8D 03 D2     		sta AUDC2
0036AF  1  60           		rts
0036B0  1               
0036B0  1               ;------------------------------------------------------------
0036B0  1               ; set room vertices?
0036B0  1               ;------------------------------------------------------------
0036B0  1  A2 1D        L36AA:		ldx #$1D
0036B2  1  D0 02        		bne L36B0
0036B4  1               
0036B4  1  A2 1E        L36AE: 		ldx #$1E					;set hi-byte
0036B6  1  8E D9 36     L36B0: 		stx L36D1+2
0036B9  1  29 0F        		and #$0F
0036BB  1  AA           		tax
0036BC  1  BD AC 37     		lda L37A6,X
0036BF  1  AA           		tax
0036C0  1  C8           		iny
0036C1  1  C8           		iny
0036C2  1  B1 19        		lda (PTR_LO_19),Y
0036C4  1  85 06        		sta MUL_LO_06
0036C6  1  C8           		iny
0036C7  1  B1 19        		lda (PTR_LO_19),Y
0036C9  1  85 07        		sta MUL_HI_07
0036CB  1  84 AB        		sty L00AB
0036CD  1  A4 6E        		ldy ZP_6E
0036CF  1  BD 0B 37     L36C9: 		lda L3705,X
0036D2  1  C9 FF        		cmp #$FF
0036D4  1  F0 19        		beq L36E9
0036D6  1  C8           		iny
0036D7  1  99 06 1D     L36D1: 		sta GROUND_STRUCTURE_X_LSB_1D00,Y
0036DA  1  E8           L36D4: 		inx
0036DB  1  BD 0B 37     		lda L3705,X
0036DE  1  99 86 1D     		sta GROUND_STRUCTURE_Y_LSB_1D80,Y
0036E1  1  A5 06        		lda MUL_LO_06
0036E3  1  99 46 1D     		sta GROUND_STRUCTURE_X_MSB_1D40,Y
0036E6  1  A5 07        		lda MUL_HI_07
0036E8  1  99 46 1E     L36E2: 		sta GROUND_STRUCTURE_Z_MSB_1E40,Y
0036EB  1  E8           L36E5: 		inx
0036EC  1  4C CF 36     		jmp L36C9
0036EF  1               
0036EF  1               ;------------------------------------------------------------
0036EF  1               ;
0036EF  1               ;------------------------------------------------------------
0036EF  1  A6 6F        L36E9: 		ldx LINE_CNT_6F
0036F1  1  E6 6E        		inc ZP_6E
0036F3  1  A5 6E        		lda ZP_6E
0036F5  1  E8           L36EF: 		inx
0036F6  1  9D 86 1E     		sta ROOM_DATA_1E80,X
0036F9  1  E6 6E        		inc ZP_6E
0036FB  1  A5 6E        L36F5: 		lda ZP_6E
0036FD  1  9D C6 1E     L36F7: 		sta ROOM_DATA_1EC0,X
003700  1  C4 6E        		cpy ZP_6E
003702  1  D0 F1        		bne L36EF
003704  1  A4 AB        		ldy L00AB
003706  1  86 6F        		stx LINE_CNT_6F
003708  1  4C 66 36     L3702: 		jmp L3660
00370B  1               
00370B  1               ;------------------------------------------------------------
00370B  1               ;
00370B  1               ;------------------------------------------------------------
00370B  1  50 00 50 C0  L3705: 		.byte $50,$00,$50,$C0,$B0,$C0,$B0,$00,$FF
00370F  1  B0 C0 B0 00  
003713  1  FF           
003714  1  50 00 50 C0  		.byte $50,$00,$50,$C0,$B0,$C0,$B0,$00,$B0,$60,$80,$A0,$50,$60,$B0,$60,$FF
003718  1  B0 C0 B0 00  
00371C  1  B0 60 80 A0  
003725  1  50 00 50 C0  		.byte $50,$00,$50,$C0,$B0,$C0
003729  1  B0 C0        
00372B  1  B0 00 80 00  		.byte $B0,$00,$80,$00,$80,$A0,$70,$80,$90,$80,$80,$A0,$FF,$50,$00,$50
00372F  1  80 A0 70 80  
003733  1  90 80 80 A0  
00373B  1  C0 B0 C0 B0  		.byte $C0,$B0,$C0,$B0,$00,$80,$00,$70,$20,$90,$20,$80,$00,$80,$A0,$FF
00373F  1  00 80 00 70  
003743  1  20 90 20 80  
00374B  1  50 C0 B0 00  		.byte $50,$C0,$B0,$00,$B0,$C0,$50,$C0,$50,$00,$B0,$C0,$FF,$50,$00,$50
00374F  1  B0 C0 50 C0  
003753  1  50 00 B0 C0  
00375B  1  C0 B0 C0 B0  		.byte $C0,$B0,$C0,$B0,$00,$50,$C0,$FF,$30,$00,$80,$C0,$D0,$00,$FF,$40
00375F  1  00 50 C0 FF  
003763  1  30 00 80 C0  
00376B  1  00 60 C0 A0  		.byte $00,$60,$C0,$A0,$C0,$C0,$00,$FF,$48,$00,$25,$6B,$80,$AC,$DB,$6B
00376F  1  C0 C0 00 FF  
003773  1  48 00 25 6B  
00377B  1  B8 00 FF 50  		.byte $B8,$00,$FF,$50,$00,$50,$A0,$80,$C0,$B0,$A0,$B0,$00,$FF,$60,$00
00377F  1  00 50 A0 80  
003783  1  C0 B0 A0 B0  
00378B  1  40 C0 C0 C0  		.byte $40,$C0,$C0,$C0,$A0,$00,$FF,$60,$00,$40,$60,$60,$C0,$A0,$C0,$C0
00378F  1  A0 00 FF 60  
003793  1  00 40 60 60  
00379B  1  60 A0 00 FF  		.byte $60,$A0,$00,$FF,$50,$00,$50,$80,$70,$C0,$90,$C0,$B0,$80,$B0,$00
00379F  1  50 00 50 80  
0037A3  1  70 C0 90 C0  
0037AB  1  FF           		.byte $FF
0037AC  1               
0037AC  1  00 00 00 09  L37A6:		.byte $00,$00,$00,$09,$1A,$2D,$40,$4D,$00,$58,$5F,$68,$73,$7E,$87,$94
0037B0  1  1A 2D 40 4D  
0037B4  1  00 58 5F 68  
0037BC  1               
0037BC  1  00 01 02 03  L37B6:		.byte $00,$01,$02,$03,$00,$01,$02,$03,$04,$05,$06,$07
0037C0  1  00 01 02 03  
0037C4  1  04 05 06 07  
0037C8  1  01 02 03 00  L37C2:		.byte $01,$02,$03,$00,$04,$05,$06,$07,$05,$06,$07,$04
0037CC  1  04 05 06 07  
0037D0  1  05 06 07 04  
0037D4  1               
0037D4  1               L37C1		= $37C1
0037D4  1               L37B3		= $37B3
0037D4  1               
0037D4  1               ;------------------------------------------------------------
0037D4  1               ; Laboratory Teleporter taken
0037D4  1               ;------------------------------------------------------------
0037D4  1               FLIP_VIEW_FLAG_37CE:
0037D4  1  A5 F1        		lda SPECIAL_VIEW_FLAG_F1
0037D6  1  49 01        		eor #$01
0037D8  1  85 F1        		sta SPECIAL_VIEW_FLAG_F1
0037DA  1               
0037DA  1  A6 EB        		ldx NUM_INVENTORY_ITEMS_EB			;flip bit 6 of all items
0037DC  1  F0 0E        		beq L37E6
0037DE  1  BC 31 29     L37D8:		ldy INVENTORY_LIST_L292B,X			;at least it was intended to do so
0037E1  1  BD C6 69     		lda OBJECT_ATTRIBUTES_69C0,X			;should by Y?
0037E4  1  49 40        		eor #$40
0037E6  1  9D C6 69     		sta OBJECT_ATTRIBUTES_69C0,X
0037E9  1  CA           		dex
0037EA  1  D0 F2        		bne L37D8
0037EC  1  A2 7F        L37E6:		ldx #$7F
0037EE  1  A0 07        		ldy #$07
0037F0  1  86 F0        		stx L00F0
0037F2  1  60           		rts
0037F3  1               
0037F3  1               ;------------------------------------------------------------
0037F3  1               ; Fill object_to_draw list at ground?
0037F3  1               ; board, land, crash
0037F3  1               ;------------------------------------------------------------
0037F3  1               OBJ_DRAW_LIST_37ED:
0037F3  1  A9 00        		lda #$00
0037F5  1  AE EE 69     		ldx L69E8					;Sights attributes
0037F8  1  10 02        		bpl L37F6					;not active
0037FA  1  A9 66        		lda #$66
0037FC  1  8D B5 9A     L37F6:		sta L9AB5
0037FF  1               
0037FF  1  A6 CD        		ldx ROOM_NO_CD
003801  1  A4 B2        		ldy CHUNK_CNT_B2				;$3F normally?
003803  1  86 04        		stx TMP_04
003805  1  A2 00        		ldx #$00
003807  1  A5 04        L3801:		lda TMP_04
003809  1  D9 46 69     L3803:		cmp OBJECT_ROOM_6940,Y
00380C  1  D0 05        		bne L380D
00380E  1  E8           		inx
00380F  1  98           		tya
003810  1  9D 86 69     		sta OBJECT_DRAW_LIST_6980,X
003813  1  88           L380D:		dey
003814  1  10 F1        		bpl L3801
003816  1  86 B0        		stx NUM_OBJS_TO_DRAW_B0
003818  1  A9 0E        		lda #$0E
00381A  1  85 C0        		sta BACKGND_COLOR_C0
00381C  1  60           		rts
00381D  1               
00381D  1               ;------------------------------------------------------------
00381D  1               ;
00381D  1               ;------------------------------------------------------------
00381D  1  A9 00        L3817:		lda #$00
00381F  1  85 AC        		sta WALL_COLLISION_AC				;clear collision
003821  1  A6 71        		ldx CUR_X_MSB_71
003823  1  30 08        		bmi L3827
003825  1  D0 13        		bne L3834
003827  1  A5 70        		lda CUR_X_LSB_70
003829  1  C9 20        		cmp #$20
00382B  1  B0 0D        		bcs L3834
00382D  1  A9 20        L3827:		lda #$20
00382F  1  85 70        		sta CUR_X_LSB_70
003831  1  A9 00        		lda #$00
003833  1  85 71        		sta CUR_X_MSB_71
003835  1  85 72        		sta CUR_X_HSB_72
003837  1  AA           		tax
003838  1  C6 AC        		dec WALL_COLLISION_AC
00383A  1  A4 77        L3834:		ldy CUR_Z_MSB_77
00383C  1  30 08        		bmi L3840
00383E  1  D0 13        		bne L384D
003840  1  A5 76        		lda CUR_Z_LSB_76
003842  1  C9 20        L383C:		cmp #$20
003844  1  B0 0D        		bcs L384D
003846  1  A9 20        L3840:		lda #$20
003848  1  85 76        		sta CUR_Z_LSB_76
00384A  1  A9 00        		lda #$00
00384C  1  85 77        		sta CUR_Z_MSB_77
00384E  1  85 78        		sta CUR_Z_HSB_78
003850  1  A8           		tay
003851  1  C6 AC        		dec WALL_COLLISION_AC
003853  1  E8           L384D:		inx
003854  1  EC 46 1D     		cpx GROUND_STRUCTURE_X_MSB_1D40
003857  1  90 14        		bcc L3867
003859  1  D0 06        		bne L385B
00385B  1  A5 70        		lda CUR_X_LSB_70
00385D  1  C9 DF        		cmp #$DF
00385F  1  90 0C        		bcc L3867
003861  1  AE 46 1D     L385B:		ldx GROUND_STRUCTURE_X_MSB_1D40
003864  1  CA           		dex
003865  1  86 71        		stx CUR_X_MSB_71
003867  1  A9 DF        		lda #$DF
003869  1  85 70        		sta CUR_X_LSB_70
00386B  1  C6 AC        		dec WALL_COLLISION_AC
00386D  1  C8           L3867:		iny
00386E  1  CC 46 1E     		cpy GROUND_STRUCTURE_Z_MSB_1E40
003871  1  90 14        		bcc L3881
003873  1  D0 06        		bne L3875
003875  1  A5 76        		lda CUR_Z_LSB_76
003877  1  C9 DF        		cmp #$DF
003879  1  90 0C        		bcc L3881
00387B  1  AC 46 1E     L3875:		ldy GROUND_STRUCTURE_Z_MSB_1E40
00387E  1  88           		dey
00387F  1  84 77        		sty CUR_Z_MSB_77
003881  1  A9 DF        		lda #$DF
003883  1  85 76        		sta CUR_Z_LSB_76
003885  1  C6 AC        		dec WALL_COLLISION_AC
003887  1  A5 AC        L3881:		lda WALL_COLLISION_AC
003889  1  F0 08        		beq L388D
00388B  1  A6 F7        		ldx ONLY_ONCE_F7
00388D  1  D0 04        		bne L388D
00388F  1  A2 37        		ldx #$37
003891  1  86 F5        		stx SOUND_F5
003893  1  85 F7        L388D:		sta ONLY_ONCE_F7
003895  1  60           		rts
003896  1               
003896  1               ;------------------------------------------------------------
003896  1               ; check if object number in A is in inventory list
003896  1               ;------------------------------------------------------------
003896  1               CHECK_INVENTORY_3890:
003896  1  A6 EB        		ldx NUM_INVENTORY_ITEMS_EB
003898  1  CA           L3892:		dex
003899  1  30 05        		bmi L389A
00389B  1  DD 32 29     		cmp INVENTORY_LIST_L292C,X
00389E  1  D0 F8        		bne L3892
0038A0  1  60           L389A:		rts
0038A1  1               
0038A1  1               ;------------------------------------------------------------
0038A1  1               ; check if object number in A is in the object-to-draw-list
0038A1  1               ;------------------------------------------------------------
0038A1  1  A6 B0        L389B:		ldx NUM_OBJS_TO_DRAW_B0
0038A3  1  CA           L389D:		dex
0038A4  1  30 05        		bmi L38A5
0038A6  1  DD 81 69     		cmp OBJ_TO_DRAW_LIST_L6981,X
0038A9  1  D0 F8        		bne L389D
0038AB  1  60           L38A5:		rts
0038AC  1               
0038AC  1               ;------------------------------------------------------------
0038AC  1               ; "locked" message
0038AC  1               ;------------------------------------------------------------
0038AC  1  A2 00        L38A6:		ldx #$00					;"locked"
0038AE  1  20 30 32     		jsr START_MESSAGE_L322A
0038B1  1  18           L38AB:		clc
0038B2  1  60           		rts
0038B3  1               
0038B3  1               ;------------------------------------------------------------
0038B3  1               ;
0038B3  1               ;------------------------------------------------------------
0038B3  1  A5 F0        L38AD:      	lda L00F0
0038B5  1  D0 FA        		bne L38AB
0038B7  1  A0 03        		ldy #$03
0038B9  1  C8           L38B3:      	iny
0038BA  1  C8           L38B4:      	iny
0038BB  1  B1 19        		lda (PTR_LO_19),Y
0038BD  1  85 07        		sta MUL_HI_07
0038BF  1  0A           		asl
0038C0  1  F0 EF        		beq L38AB
0038C2  1  C8           		iny
0038C3  1  B1 19        		lda (PTR_LO_19),Y
0038C5  1  85 06        		sta MUL_LO_06
0038C7  1  A5 07        		lda MUL_HI_07
0038C9  1  29 80        		and #$80
0038CB  1  18           		clc
0038CC  1  65 70        		adc CUR_X_LSB_70
0038CE  1  A5 71        		lda CUR_X_MSB_71
0038D0  1  69 00        		adc #$00
0038D2  1  C8           		iny
0038D3  1  D1 19        		cmp (PTR_LO_19),Y
0038D5  1  D0 E2        		bne L38B3
0038D7  1  A5 76        		lda CUR_Z_LSB_76
0038D9  1  38           		sec
0038DA  1  E9 40        		sbc #$40
0038DC  1  45 07        		eor MUL_HI_07
0038DE  1  10 D9        		bpl L38B3
0038E0  1  A5 07        		lda MUL_HI_07
0038E2  1  29 80        		and #$80
0038E4  1  49 80        		eor #$80
0038E6  1  18           		clc
0038E7  1  65 76        		adc CUR_Z_LSB_76
0038E9  1  A5 77        		lda CUR_Z_MSB_77
0038EB  1  69 00        		adc #$00
0038ED  1  C8           		iny
0038EE  1  D1 19        		cmp (PTR_LO_19),Y
0038F0  1  D0 C8        		bne L38B4
0038F2  1  A5 70        		lda CUR_X_LSB_70
0038F4  1  38           		sec
0038F5  1  E9 28        		sbc #$28
0038F7  1  45 07        		eor MUL_HI_07
0038F9  1  30 BF        		bmi L38B4
0038FB  1  A5 2A        		lda YAW_LO_2A
0038FD  1  0A           		asl
0038FE  1  A5 2B        		lda YAW_HI_2B
003900  1  69 02        		adc #$02
003902  1  85 04        		sta TMP_04
003904  1  4A           		lsr
003905  1  6A           		ror
003906  1  45 07        		eor MUL_HI_07
003908  1  30 B0        		bmi L38B4
00390A  1  AD F6 69     		lda L69F0
00390D  1  30 0E        L3907:      	bmi L3917
00390F  1  A5 07        		lda MUL_HI_07
003911  1  29 0F        		and #$0F
003913  1  C9 08        		cmp #$08
003915  1  90 06        		bcc L3917
003917  1  AA           		tax
003918  1  BD CE 69     		lda L69C8,X
00391B  1  10 8F        		bpl L38A6
00391D  1  A5 07        L3917:      	lda MUL_HI_07
00391F  1  30 07        		bmi L3922
003921  1  A4 76        		ldy CUR_Z_LSB_76
003923  1  A5 77        		lda CUR_Z_MSB_77
003925  1  4C 2C 39     		jmp L3926
003928  1               
003928  1               ;------------------------------------------------------------
003928  1               ;
003928  1               ;------------------------------------------------------------
003928  1  A4 70        L3922:      	ldy CUR_X_LSB_70
00392A  1  A5 71        		lda CUR_X_MSB_71
00392C  1  D0 09        L3926:      	bne L3931
00392E  1  98           		tya
00392F  1  2A           		rol
003930  1  2A           		rol
003931  1  2A           		rol
003932  1  49 02        		eor #$02
003934  1  4C 39 39     		jmp L3933
003937  1               
003937  1               ;------------------------------------------------------------
003937  1               ;
003937  1               ;------------------------------------------------------------
003937  1  A9 00        L3931:      	lda #$00
003939  1  45 04        L3933:      	eor TMP_04
00393B  1  4A           		lsr
00393C  1  4A           		lsr
00393D  1  6A           		ror
00393E  1  09 7F        L3938:      	ora #$7F
003940  1  85 C8        		sta room_change_L00C8				;room change 00-no, $7f door bottom-top, $ff top-down
003942  1  A5 07        		lda MUL_HI_07
003944  1  4A           		lsr
003945  1  4A           		lsr
003946  1  29 1C        		and #$1C
003948  1  18           		clc
003949  1  69 07        		adc #$07
00394B  1  85 07        		sta MUL_HI_07
00394D  1  38           		sec
00394E  1  60           L3948:      	rts
00394F  1               
00394F  1               ;------------------------------------------------------------
00394F  1               ;
00394F  1               ;------------------------------------------------------------
00394F  1  01 02 04 08  		.byte $01,$02,$04,$08,$10,$20,$40,$80
003953  1  10 20 40 80  
003957  1               
003957  1               L394D		= $394D
003957  1               
003957  1               ;------------------------------------------------------------
003957  1               ;
003957  1               ;------------------------------------------------------------
003957  1  A5 CA        L3951:      	lda LIFT_UP_DOWN_CA
003959  1  D0 F3        		bne L3948						;rts
00395B  1               
00395B  1  A9 00        		lda #$00
00395D  1  A2 20        		ldx #$20
00395F  1  A4 75        		ldy CUR_Y_HSB_75
003961  1  D0 08        		bne L3965
003963  1  AA           		tax
003964  1  A4 74        		ldy CUR_Y_MSB_74
003966  1  84 05        		sty TMP_04+1
003968  1  20 E4 4F     		jsr BIT24_TO_FP_L4FDE
00396B  1  85 8A        L3965:      	sta L008A
00396D  1  8A           		txa
00396E  1  30 03        		bmi L396D
003970  1  38           		sec
003971  1  E9 10        		sbc #$10
003973  1  85 8B        L396D:      	sta L008B
003975  1  A5 83        L396F:      	lda L0083
003977  1  C5 72        		cmp CUR_X_HSB_72
003979  1  D0 09        		bne L397E
00397B  1  A5 85        		lda L0085
00397D  1  C5 78        		cmp CUR_Z_HSB_78
00397F  1  D0 03        		bne L397E
003981  1  4C A9 39     		jmp L39A3
003984  1               
003984  1               ;------------------------------------------------------------
003984  1               ;
003984  1               ;------------------------------------------------------------
003984  1  A9 FF        L397E:      	lda #$FF
003986  1  85 B7        		sta L00B7
003988  1  A5 78        		lda CUR_Z_HSB_78
00398A  1  05 72        		ora CUR_X_HSB_72
00398C  1  29 F0        		and #$F0
00398E  1  F0 04        		beq L398E
003990  1  A9 00        		lda #$00
003992  1  F0 0E        		beq L399C
003994  1  A5 78        L398E:      	lda CUR_Z_HSB_78
003996  1  0A           		asl
003997  1  0A           		asl
003998  1  0A           		asl
003999  1  0A           		asl
00399A  1  85 04        		sta TMP_04
00399C  1  A5 72        		lda CUR_X_HSB_72
00399E  1  29 0F        		and #$0F
0039A0  1  05 04        		ora TMP_04
0039A2  1  85 B5        L399C:      	sta GROUND_STRUC_OBJ_TO_DRAW_B5
0039A4  1  F0 03        		beq L39A3
0039A6  1  20 EC 39     		jsr L39E6
0039A9  1  A5 75        L39A3:      	lda CUR_Y_HSB_75
0039AB  1  85 04        		sta TMP_04
0039AD  1  C9 20        		cmp #$20
0039AF  1  90 08        		bcc L39B3
0039B1  1  A0 00        		ldy #$00
0039B3  1  20 7C 34     		jsr L3476
0039B6  1  4C D7 39     		jmp L39D1
0039B9  1               
0039B9  1               ;------------------------------------------------------------
0039B9  1               ;
0039B9  1               ;------------------------------------------------------------
0039B9  1  A5 74        L39B3:      	lda CUR_Y_MSB_74
0039BB  1  46 04        		lsr TMP_04
0039BD  1  6A           		ror
0039BE  1  46 04        		lsr TMP_04
0039C0  1  6A           		ror
0039C1  1  46 04        		lsr TMP_04
0039C3  1  6A           		ror
0039C4  1  A6 04        		ldx TMP_04
0039C6  1  F0 02        		beq L39C4
0039C8  1  A9 FF        		lda #$FF
0039CA  1  AA           L39C4:      	tax
0039CB  1  BD 06 6A     		lda GROUND_STRUCTURES_LIST_L6A00,X
0039CE  1  C5 B7        		cmp L00B7
0039D0  1  F0 05        		beq L39D1
0039D2  1  85 B7        		sta L00B7
0039D4  1  20 46 33     		jsr L3340
0039D7  1  A5 87        L39D1:      	lda L0087
0039D9  1  85 6E        		sta ZP_6E
0039DB  1  A5 89        		lda L0089
0039DD  1  85 6F        		sta LINE_CNT_6F
0039DF  1  A5 72        		lda CUR_X_HSB_72
0039E1  1  85 83        		sta L0083
0039E3  1  A5 75        		lda CUR_Y_HSB_75
0039E5  1  85 84        		sta L0084
0039E7  1  A5 78        		lda CUR_Z_HSB_78
0039E9  1  85 85        		sta L0085
0039EB  1  60           		rts
0039EC  1               
0039EC  1               ;------------------------------------------------------------
0039EC  1               ;
0039EC  1               ;------------------------------------------------------------
0039EC  1  AA           L39E6:		tax
0039ED  1  BD 06 66     		lda STRUCTURE_POINTER_LO_L6600,X
0039F0  1  85 00        		sta MEM_PTR_LO_00
0039F2  1  BD 06 67     		lda STRUCTURE_POINTER_HI_L6700,X
0039F5  1  85 01        		sta MEM_PTR_HI_01
0039F7  1  BD 06 1F     		lda L1F00,X
0039FA  1  85 F2        		sta L00F2
0039FC  1  A0 00        		ldy #$00
0039FE  1  B1 00        		lda (MEM_PTR_LO_00),Y
003A00  1  85 86        		sta L0086
003A02  1  85 87        		sta L0087
003A04  1  C8           		iny
003A05  1  B1 00        		lda (MEM_PTR_LO_00),Y
003A07  1  85 88        		sta L0088
003A09  1  85 89        		sta L0089
003A0B  1  C8           		iny
003A0C  1  B1 00        		lda (MEM_PTR_LO_00),Y
003A0E  1  85 96        		sta L0096
003A10  1  C8           		iny
003A11  1  B1 00        		lda (MEM_PTR_LO_00),Y
003A13  1  85 9D        		sta NUM_ROT_POINTS_L009D
003A15  1  F0 18        		beq L3A29
003A17  1  AA           		tax
003A18  1  29 0F        		and #$0F
003A1A  1  18           		clc
003A1B  1  69 01        		adc #$01
003A1D  1  85 9D        		sta NUM_ROT_POINTS_L009D
003A1F  1  8A           		txa
003A20  1  29 F0        		and #$F0
003A22  1  4A           		lsr
003A23  1  85 A0        		sta L00A0
003A25  1  C8           		iny
003A26  1  B1 00        		lda (MEM_PTR_LO_00),Y
003A28  1  85 9E        		sta L009E
003A2A  1  C8           		iny
003A2B  1  B1 00        		lda (MEM_PTR_LO_00),Y
003A2D  1  85 9F        		sta L009F
003A2F  1  A2 FF        L3A29:		ldx #$FF
003A31  1  E8           L3A2B:		inx
003A32  1  C8           		iny
003A33  1  B1 00        		lda (MEM_PTR_LO_00),Y
003A35  1  F0 15        		beq L3A46
003A37  1  48           		pha
003A38  1  4A           		lsr
003A39  1  4A           		lsr
003A3A  1  4A           		lsr
003A3B  1  4A           		lsr
003A3C  1  9D 80 1E     		sta L1E7F+1,X
003A3F  1  68           		pla
003A40  1  29 0F        L3A3A:		and #$0F
003A42  1  9D C0 1E     		sta L1EC0,X
003A45  1  E4 89        		cpx L0089
003A47  1  D0 E8        		bne L3A2B
003A49  1  F0 11        		beq L3A56
003A4B  1  E8           L3A45:		inx
003A4C  1  C8           L3A46:		iny
003A4D  1  B1 00        		lda (MEM_PTR_LO_00),Y
003A4F  1  9D 80 1E     		sta L1E7F+1,X
003A52  1  C8           		iny
003A53  1  B1 00        		lda (MEM_PTR_LO_00),Y
003A55  1  9D C0 1E     		sta L1EC0,X
003A58  1  E4 89        		cpx L0089
003A5A  1  D0 EF        		bne L3A45
003A5C  1  A5 87        L3A56:		lda L0087
003A5E  1  85 17        		sta POINT_LINE_COUNT_17
003A60  1  A2 FF        		ldx #$FF
003A62  1  E8           L3A5C:		inx
003A63  1  E4 9D        		cpx NUM_ROT_POINTS_L009D
003A65  1  F0 4D        		beq L3AAE
003A67  1  A5 72        		lda CUR_X_HSB_72
003A69  1  9D 40 9F     		sta GROUND_STRUCTURE_X_HSB_9F40,X
003A6C  1  A5 78        		lda CUR_Z_HSB_78
003A6E  1  9D C0 9F     		sta GROUND_STRUCTURE_Z_HSB_9FC0,X
003A71  1  A9 00        		lda #$00
003A73  1  9D 86 1D     		sta GROUND_STRUCTURE_Y_LSB_1D80,X
003A76  1  C8           		iny
003A77  1  B1 00        		lda (MEM_PTR_LO_00),Y
003A79  1  86 08        		stx ZP_08
003A7B  1  A2 00        		ldx #$00
003A7D  1  86 05        		stx TMP_04+1
003A7F  1  20 E4 4F     		jsr BIT24_TO_FP_L4FDE
003A82  1  48           		pha
003A83  1  8A           		txa
003A84  1  A6 08        		ldx ZP_08
003A86  1  38           		sec
003A87  1  E9 28        		sbc #$28
003A89  1  9D B6 20     		sta L20B0,X
003A8C  1  68           		pla
003A8D  1  9D A6 20     		sta L20A0,X
003A90  1  C8           		iny
003A91  1  B1 00        		lda (MEM_PTR_LO_00),Y
003A93  1  9D C6 1D     		sta GROUND_STRUCTURE_Y_MSB_1DC0,X
003A96  1  C8           		iny
003A97  1  B1 00        		lda (MEM_PTR_LO_00),Y
003A99  1  A2 00        		ldx #$00
003A9B  1  86 05        		stx TMP_04+1
003A9D  1  20 E4 4F     		jsr BIT24_TO_FP_L4FDE
003AA0  1  48           		pha
003AA1  1  8A           		txa
003AA2  1  A6 08        		ldx ZP_08
003AA4  1  38           		sec
003AA5  1  E9 28        		sbc #$28
003AA7  1  9D D6 20     		sta L20D0,X
003AAA  1  68           		pla
003AAB  1  9D C6 20     		sta L20C0,X
003AAE  1  C6 17        		dec POINT_LINE_COUNT_17
003AB0  1  4C 62 3A     		jmp L3A5C
003AB3  1               
003AB3  1               ;------------------------------------------------------------
003AB3  1               ;
003AB3  1               ;------------------------------------------------------------
003AB3  1  E8           L3AAD:		inx
003AB4  1  A5 72        L3AAE:		lda CUR_X_HSB_72
003AB6  1  9D 40 9F     		sta GROUND_STRUCTURE_X_HSB_9F40,X
003AB9  1  A5 78        		lda CUR_Z_HSB_78
003ABB  1  9D C0 9F     		sta GROUND_STRUCTURE_Z_HSB_9FC0,X
003ABE  1  A9 00        		lda #$00
003AC0  1  9D 06 1D     		sta GROUND_STRUCTURE_X_LSB_1D00,X
003AC3  1  9D 86 1D     		sta GROUND_STRUCTURE_Y_LSB_1D80,X
003AC6  1  9D 06 1E     		sta GROUND_STRUCTURE_Z_LSB_1E00,X
003AC9  1  20 04 3B     		jsr L3AFE
003ACC  1  9D 46 1D     		sta GROUND_STRUCTURE_X_MSB_1D40,X
003ACF  1  20 04 3B     		jsr L3AFE
003AD2  1  9D 46 1E     		sta GROUND_STRUCTURE_Z_MSB_1E40,X
003AD5  1  A5 04        		lda TMP_04
003AD7  1  F0 1C        		beq L3AEF
003AD9  1  29 0F        		and #$0F
003ADB  1  C9 0F        		cmp #$0F
003ADD  1  D0 16        		bne L3AEF
003ADF  1  C8           		iny
003AE0  1  B1 00        		lda (MEM_PTR_LO_00),Y
003AE2  1  10 11        		bpl L3AEF
003AE4  1  0A           		asl
003AE5  1  0A           		asl
003AE6  1  26 04        		rol TMP_04
003AE8  1  0A           		asl
003AE9  1  26 04        		rol TMP_04
003AEB  1  0A           		asl
003AEC  1  26 04        		rol TMP_04
003AEE  1  9D 86 1D     		sta GROUND_STRUCTURE_Y_LSB_1D80,X
003AF1  1  A5 04        		lda TMP_04
003AF3  1  29 07        		and #$07
003AF5  1  9D C6 1D     L3AEF:		sta GROUND_STRUCTURE_Y_MSB_1DC0,X
003AF8  1  C6 17        		dec POINT_LINE_COUNT_17
003AFA  1  10 B7        		bpl L3AAD
003AFC  1  A5 F2        		lda L00F2
003AFE  1  10 03        		bpl L3AFD
003B00  1  20 1D 3B     L3AFA:		jsr L3B17
003B03  1  60           L3AFD:		rts
003B04  1               
003B04  1               ;------------------------------------------------------------
003B04  1               ;
003B04  1               ;------------------------------------------------------------
003B04  1  C8           L3AFE:    	iny
003B05  1  B1 00        L3AFF:    	lda (MEM_PTR_LO_00),Y
003B07  1  0A           		asl
003B08  1  26 04        		rol TMP_04
003B0A  1  0A           		asl
003B0B  1  26 04        		rol TMP_04
003B0D  1  4A           		lsr
003B0E  1  4A           		lsr
003B0F  1  F0 0B        		beq L3B16
003B11  1  C9 3F        		cmp #$3F
003B13  1  D0 04        		bne L3B13
003B15  1  A9 FF        		lda #$FF
003B17  1  D0 03        		bne L3B16
003B19  1  18           L3B13:    	clc
003B1A  1  69 60        		adc #$60
003B1C  1  60           L3B16:    	rts
003B1D  1               
003B1D  1               ;------------------------------------------------------------
003B1D  1               ;
003B1D  1               ;------------------------------------------------------------
003B1D  1  20 23 3B     L3B17:    	jsr L3B1D
003B20  1  D0 FB        		bne L3B17
003B22  1  60           		rts
003B23  1               
003B23  1               ;------------------------------------------------------------
003B23  1               ;
003B23  1               ;------------------------------------------------------------
003B23  1  A6 87        L3B1D:    	ldx L0087
003B25  1  A0 00        		ldy #$00
003B27  1  BD C6 1D     L3B21:    	lda GROUND_STRUCTURE_Y_MSB_1DC0,X
003B2A  1  F0 1E        		beq L3B44
003B2C  1  88           		dey
003B2D  1  DE C6 1D     		dec GROUND_STRUCTURE_Y_MSB_1DC0,X
003B30  1  BD 46 1D     		lda GROUND_STRUCTURE_X_MSB_1D40,X
003B33  1  10 05        		bpl L3B34
003B35  1  DE 46 1D     		dec GROUND_STRUCTURE_X_MSB_1D40,X
003B38  1  D0 03        		bne L3B37
003B3A  1  FE 46 1D     L3B34:    	inc GROUND_STRUCTURE_X_MSB_1D40,X
003B3D  1  BD 46 1E     L3B37:    	lda GROUND_STRUCTURE_Z_MSB_1E40,X
003B40  1  10 05        L3B3A:		bpl L3B41
003B42  1  DE 46 1E     		dec GROUND_STRUCTURE_Z_MSB_1E40,X
003B45  1  D0 03        		bne L3B44
003B47  1  FE 46 1E     L3B41:    	inc GROUND_STRUCTURE_Z_MSB_1E40,X
003B4A  1  CA           L3B44:    	dex
003B4B  1  10 DA        		bpl L3B21
003B4D  1  98           		tya
003B4E  1  60           		rts
003B4F  1               
003B4F  1               ;------------------------------------------------------------
003B4F  1               ;
003B4F  1               ;------------------------------------------------------------
003B4F  1               ROTATE_GROUND_STRUCTURE_L3B49:
003B4F  1  A5 6E        		lda ZP_6E
003B51  1  85 17        		sta POINT_LINE_COUNT_17
003B53  1  20 BC 49     L3B4D:		jsr TRANSLATE_GROUND_STRUCTURE_POINT_L49B6
003B56  1  20 4A 4B     		jsr ROTATE_PERS_L4B44
003B59  1  C6 17        		dec POINT_LINE_COUNT_17
003B5B  1  10 F6        		bpl L3B4D
003B5D  1  60           		rts
003B5E  1               
003B5E  1               ;------------------------------------------------------------
003B5E  1               ;
003B5E  1               ;------------------------------------------------------------
003B5E  1               DRAW_STRUCTURE_L3B58:
003B5E  1  A5 6F        		lda LINE_CNT_6F
003B60  1  85 17        		sta POINT_LINE_COUNT_17
003B62  1  20 C3 53     		jsr BLACK_LINES_L53BD
003B65  1  A4 17        L3B5F:		ldy POINT_LINE_COUNT_17
003B67  1  C4 96        		cpy L0096
003B69  1  D0 03        		bne L3B68
003B6B  1  20 BD 53     		jsr WHITE_LINES_L53B7
003B6E  1  BE 80 1E     L3B68:		ldx L1E7F+1,Y
003B71  1  B9 C0 1E     		lda L1EC0,Y
003B74  1  A8           		tay
003B75  1  20 54 3E     		jsr LINE_DRAW_L42AE
003B78  1  C6 17        		dec POINT_LINE_COUNT_17
003B7A  1  10 E9        		bpl L3B5F
003B7C  1  60           		rts
003B7D  1               
003B7D  1               ;------------------------------------------------------------
003B7D  1               ;
003B7D  1               ;------------------------------------------------------------
003B7D  1               DRAW_OBJECTS_L3B77:
003B7D  1  A5 E9        		lda NEW_KEY_L00E9
003B7F  1  85 B6        		sta L00B6
003B81  1  C9 2D        		cmp #$2D					; 'T' take something
003B83  1  F0 04        		beq L3B83
003B85  1  C9 15        		cmp #$15					; 'B' board
003B87  1  D0 03        		bne L3B86
003B89  1               
003B89  1  20 F4 5A     L3B83:		jsr RESET_KEY_L5AEE
003B8C  1               
003B8C  1  A4 B0        L3B86:		ldy NUM_OBJS_TO_DRAW_B0
003B8E  1  F0 0E        		beq L3B98
003B90  1  84 B1        		sty L00B1
003B92  1  BE 86 69     L3B8C:		ldx OBJECT_DRAW_LIST_6980,Y			; go through object draw list
003B95  1  20 9F 3B     		jsr L3B99					; check if board or take is possible
003B98  1  C6 B1        		dec L00B1
003B9A  1  A4 B1        		ldy L00B1
003B9C  1  D0 F4        		bne L3B8C
003B9E  1  60           L3B98:		rts
003B9F  1               
003B9F  1               ;------------------------------------------------------------
003B9F  1               ;
003B9F  1               ;------------------------------------------------------------
003B9F  1  86 AD        L3B99:		stx OBJECT_NUMBER_AD
003BA1  1  BD 06 68     		lda OBJECT_SHAPE_POINTER_LO_L6800,X
003BA4  1  85 1B        		sta OBJ_SHAPE_PTR_LO_1B
003BA6  1  BD 46 68     		lda OBJECT_SHAPE_POINTER_HI_L6840,X
003BA9  1  85 1C        		sta OBJ_SHAPE_PTR_HI_1C
003BAB  1  20 CE 3D     		jsr L3DC8					;compute distance
003BAE  1  20 71 3C     		jsr L3C6B					;check if in range for take or board
003BB1  1  B0 01        		bcs L3BAE
003BB3  1  60           L3BAD:		rts
003BB4  1               
003BB4  1               ;------------------------------------------------------------
003BB4  1               ;
003BB4  1               ;------------------------------------------------------------
003BB4  1  A2 00        L3BAE:		ldx #$00
003BB6  1  86 17        		stx POINT_LINE_COUNT_17
003BB8  1  A0 01        		ldy #$01
003BBA  1  20 11 3E     		jsr CALC_ABS_DIST_L3E0B
003BBD  1  90 42        		bcc L3BFB
003BBF  1  A5 DA        		lda DIF_Y_HSB_DA
003BC1  1  10 09        		bpl L3BC6
003BC3  1  A4 B7        		ldy L00B7
003BC5  1  A2 00        		ldx #$00
003BC7  1  20 11 3E     		jsr CALC_ABS_DIST_L3E0B
003BCA  1  B0 E7        		bcs L3BAD
003BCC  1  A5 D5        L3BC6:		lda DIF_X_LSB_D5
003BCE  1  85 05        		sta TMP_04+1
003BD0  1  A6 D6        		ldx DIF_X_MSB_D6
003BD2  1  A5 D7        		lda DIF_X_HSB_D7
003BD4  1  20 E4 4F     		jsr BIT24_TO_FP_L4FDE
003BD7  1  85 50        		sta PNT_X_LO_50
003BD9  1  86 51        		stx PNT_X_HI_51
003BDB  1  A5 D8        		lda DIF_Y_LSB_D8
003BDD  1  85 05        		sta TMP_04+1
003BDF  1  A6 D9        		ldx DIF_Y_MSB_D9
003BE1  1  A5 DA        		lda DIF_Y_HSB_DA
003BE3  1  20 89 42     		jsr L4283
003BE6  1  85 52        		sta PNT_Y_LO_52
003BE8  1  86 53        		stx PNT_Y_HI_53
003BEA  1  A5 DB        		lda DIF_Z_LSB_DB
003BEC  1  85 05        		sta TMP_04+1
003BEE  1  A6 DC        		ldx DIF_Z_MSB_DC
003BF0  1  A5 DD        		lda DIF_Z_HSB_DD
003BF2  1  20 E4 4F     		jsr BIT24_TO_FP_L4FDE
003BF5  1  85 54        		sta PNT_Z_LO_54
003BF7  1  86 55        		stx PNT_Z_HI_55
003BF9  1  20 4A 4B     		jsr ROTATE_PERS_L4B44
003BFC  1  A2 00        		ldx #$00
003BFE  1  4C 90 53     		jmp L538A
003C01  1               
003C01  1               ;------------------------------------------------------------
003C01  1               ;
003C01  1               ;------------------------------------------------------------
003C01  1  A5 D6        L3BFB:		lda DIF_X_MSB_D6
003C03  1  38           		sec
003C04  1  E9 08        		sbc #$08
003C06  1  85 D6        		sta DIF_X_MSB_D6
003C08  1  B0 02        		bcs L3C06
003C0A  1  C6 D7        		dec DIF_X_HSB_D7
003C0C  1  A5 D9        L3C06:		lda DIF_Y_MSB_D9
003C0E  1  38           		sec
003C0F  1  E9 08        		sbc #$08
003C11  1  85 D9        		sta DIF_Y_MSB_D9
003C13  1  B0 02        		bcs L3C11
003C15  1  C6 DA        		dec DIF_Y_HSB_DA
003C17  1  A5 DC        L3C11:		lda DIF_Z_MSB_DC
003C19  1  38           		sec
003C1A  1  E9 08        		sbc #$08
003C1C  1  85 DC        L3C16:		sta DIF_Z_MSB_DC
003C1E  1  B0 02        		bcs L3C1C
003C20  1  C6 DD        L3C1A:		dec DIF_Z_HSB_DD
003C22  1  A0 00        L3C1C:		ldy #$00
003C24  1  84 17        		sty POINT_LINE_COUNT_17
003C26  1  B1 1B        L3C20:		lda (OBJ_SHAPE_PTR_LO_1B),Y
003C28  1  85 AE        		sta L00AE
003C2A  1  84 AB        		sty L00AB
003C2C  1  20 0D 4A     L3C26:		jsr L4A07
003C2F  1  20 4A 4B     L3C29:		jsr ROTATE_PERS_L4B44
003C32  1  A5 17        		lda POINT_LINE_COUNT_17
003C34  1  E6 17        L3C2E:		inc POINT_LINE_COUNT_17
003C36  1  C5 AE        		cmp L00AE
003C38  1  D0 F2        		bne L3C26
003C3A  1  E6 AB        		inc L00AB
003C3C  1  A4 AB        		ldy L00AB
003C3E  1  B1 1B        		lda (OBJ_SHAPE_PTR_LO_1B),Y
003C40  1  85 17        L3C3A:		sta POINT_LINE_COUNT_17
003C42  1  10 14        L3C3C:		bpl L3C52
003C44  1  A4 AB        L3C3E:		ldy L00AB
003C46  1  C8           		iny
003C47  1  B1 1B        		lda (OBJ_SHAPE_PTR_LO_1B),Y
003C49  1  AA           		tax
003C4A  1  C8           		iny
003C4B  1  B1 1B        		lda (OBJ_SHAPE_PTR_LO_1B),Y
003C4D  1  84 AB        		sty L00AB
003C4F  1  A8           		tay
003C50  1  20 54 3E     		jsr LINE_DRAW_L42AE
003C53  1  C6 17        		dec POINT_LINE_COUNT_17
003C55  1  30 ED        		bmi L3C3E
003C57  1  60           		rts
003C58  1               
003C58  1               ;------------------------------------------------------------
003C58  1               ;
003C58  1               ;------------------------------------------------------------
003C58  1  A4 AB        L3C52:		ldy L00AB
003C5A  1  C8           		iny
003C5B  1  84 AB        		sty L00AB
003C5D  1  B1 1B        		lda (OBJ_SHAPE_PTR_LO_1B),Y
003C5F  1  AA           		tax
003C60  1  29 0F        		and #$0F
003C62  1  A8           		tay
003C63  1  8A           		txa
003C64  1  4A           		lsr
003C65  1  4A           		lsr
003C66  1  4A           		lsr
003C67  1  4A           		lsr
003C68  1  AA           		tax
003C69  1  20 54 3E     		jsr LINE_DRAW_L42AE
003C6C  1  C6 17        		dec POINT_LINE_COUNT_17
003C6E  1  10 E8        		bpl L3C52
003C70  1  60           		rts
003C71  1               
003C71  1               ;------------------------------------------------------------
003C71  1               ;
003C71  1               ;------------------------------------------------------------
003C71  1               
003C71  1  A5 B6        L3C6B:		lda L00B6
003C73  1  C9 2D        		cmp #$2D					;'T' Take
003C75  1  D0 4F        		bne PLOT_POINT_POSSIBLY_L3CC0
003C77  1               
003C77  1  A2 01        		ldx #$01					;object in range?
003C79  1  A0 00        		ldy #$00
003C7B  1  20 11 3E     		jsr CALC_ABS_DIST_L3E0B
003C7E  1  B0 44        		bcs L3CBE					;no
003C80  1               
003C80  1  A6 AD        		ldx OBJECT_NUMBER_AD
003C82  1  AD F5 69     		lda L69EF					;kitchen sink in inventory?
003C85  1  30 13        		bmi L3C94					;yes, take it
003C87  1               
003C87  1  BD C6 69     		lda OBJECT_ATTRIBUTES_69C0,X			;check if takeable at all?
003C8A  1  29 10        		and #$10
003C8C  1  D0 36        		bne L3CBE					;bit4 set, not takeable
003C8E  1               
003C8E  1  AD E1 69     		lda L69DB					;Anti Grav?
003C91  1  30 07        		bmi L3C94					;yes, take it
003C93  1               
003C93  1  BD C6 69     		lda OBJECT_ATTRIBUTES_69C0,X
003C96  1  29 20        		and #$20
003C98  1  D0 25        		bne L3CB9					;bit5 set, too heavy
003C9A  1               
003C9A  1  8A           L3C94:		txa
003C9B  1  A6 EB        		ldx NUM_INVENTORY_ITEMS_EB
003C9D  1  E8           		inx
003C9E  1  E0 0B        		cpx #$0B
003CA0  1  B0 22        		bcs L3CBE
003CA2  1  86 EB        		stx NUM_INVENTORY_ITEMS_EB
003CA4  1  9D 31 29     		sta INVENTORY_LIST_L292B,X			;store object number in inventory list
003CA7  1  AA           		tax
003CA8  1  BD C6 69     		lda OBJECT_ATTRIBUTES_69C0,X			;mark in object attributes
003CAB  1  09 80        		ora #$80
003CAD  1  9D C6 69     		sta OBJECT_ATTRIBUTES_69C0,X
003CB0  1               
003CB0  1  20 28 3D     		jsr L3D22
003CB3  1               
003CB3  1  A9 FF        L3CAD:		lda #$FF
003CB5  1  85 B6        		sta L00B6
003CB7  1  9D 46 69     		sta OBJECT_ROOM_6940,X				;no, room, $ff=boarded
003CBA  1  20 F3 37     		jsr OBJ_DRAW_LIST_37ED
003CBD  1  18           		clc
003CBE  1  60           		rts
003CBF  1               
003CBF  1  A2 02        L3CB9:		ldx #$02					;issue "too heavy" message? $1424 in $32A5/6
003CC1  1  20 30 32     		jsr START_MESSAGE_L322A
003CC4  1  38           L3CBE:		sec
003CC5  1  60           		rts
003CC6  1               
003CC6  1               ;------------------------------------------------------------
003CC6  1               ;
003CC6  1               ;------------------------------------------------------------
003CC6  1               PLOT_POINT_POSSIBLY_L3CC0:					;title is wrong
003CC6  1  C9 15        		cmp #$15					;'B' - board
003CC8  1  D0 FA        		bne L3CBE
003CCA  1               
003CCA  1  A5 A7        		lda CRAFT_ID_WALKING_A7
003CCC  1  10 F6        		bpl L3CBE					;flying
003CCE  1               
003CCE  1  A5 AD        		lda OBJECT_NUMBER_AD
003CD0  1  C9 08        		cmp #$08
003CD2  1  B0 F0        		bcs L3CBE					;no ship
003CD4  1               
003CD4  1  A2 02        		ldx #$02
003CD6  1  A0 00        		ldy #$00
003CD8  1  20 11 3E     		jsr CALC_ABS_DIST_L3E0B
003CDB  1  B0 E7        		bcs L3CBE
003CDD  1  A6 AD        		ldx OBJECT_NUMBER_AD
003CDF  1  BD C6 69     		lda OBJECT_ATTRIBUTES_69C0,X
003CE2  1  20 28 3D     		jsr L3D22
003CE5  1  A6 AD        		ldx OBJECT_NUMBER_AD
003CE7  1  BD 86 68     		lda OBJ_X_LSB_L6880,X
003CEA  1  85 70        		sta CUR_X_LSB_70
003CEC  1  BD 86 64     		lda OBJ_X_MSB_L6480,X
003CEF  1  85 71        		sta CUR_X_MSB_71
003CF1  1  BD 46 65     		lda OBJ_X_HSB_L6540,X
003CF4  1  85 72        		sta CUR_X_HSB_72
003CF6  1  BD 06 69     		lda OBJ_Z_LSB_L6900,X
003CF9  1  85 76        		sta CUR_Z_LSB_76
003CFB  1  BD 06 65     		lda OBJ_Z_MSB_L6500,X
003CFE  1  85 77        		sta CUR_Z_MSB_77
003D00  1  BD C6 65     		lda OBJ_Z_HSB_L65C0,X
003D03  1  85 78        		sta CUR_Z_HSB_78
003D05  1  BD A0 70     		lda L70A0,X
003D08  1  4A           		lsr
003D09  1  6A           		ror
003D0A  1  6A           		ror
003D0B  1  6A           		ror
003D0C  1  A8           		tay
003D0D  1  29 03        		and #$03
003D0F  1  85 2B        		sta YAW_HI_2B
003D11  1  98           		tya
003D12  1  6A           		ror
003D13  1  29 F0        		and #$F0
003D15  1  85 2A        		sta YAW_LO_2A
003D17  1  86 A7        L3D11:		stx CRAFT_ID_WALKING_A7
003D19  1  8A           		txa
003D1A  1  20 8F 41     L3D14:		jsr COPY_SHIP_DATA_L4189
003D1D  1  20 0E 47     L3D17:		jsr SETUP_ROTATION_MATRIX_L4708
003D20  1  20 C7 3D     		jsr SET_SPEED_ZERO_3DC1
003D23  1  A6 AD        		ldx OBJECT_NUMBER_AD
003D25  1  4C B3 3C     L3D1F:		jmp L3CAD
003D28  1               
003D28  1               ;------------------------------------------------------------
003D28  1               ;
003D28  1               ;------------------------------------------------------------
003D28  1  29 0C        L3D22:		and #$0C					;mask out bit 3/2 of object attributes
003D2A  1  F0 0E        		beq L3D34					;if both zero,
003D2C  1               
003D2C  1  4A           		lsr						;bit 4 sero?
003D2D  1  4A           		lsr
003D2E  1  4A           		lsr
003D2F  1  F0 05        		beq L3D30
003D31  1               
003D31  1  20 2A 32     		jsr L3224
003D34  1  90 04        		bcc L3D34
003D36  1  8A           L3D30:		txa
003D37  1  20 13 2F     		jsr BENSON_2F0D
003D3A  1               
003D3A  1  A6 AD        L3D34:		ldx OBJECT_NUMBER_AD
003D3C  1  4C 01 5B     		jmp SOUND_EFFECT_L5AFB
003D3F  1  A4 A7        L3D39:		ldy CRAFT_ID_WALKING_A7
003D41  1  10 01        		bpl L3D3E
003D43  1  60           L3D3D:		rts						;walking
003D44  1               
003D44  1               ;------------------------------------------------------------
003D44  1               ;
003D44  1               ;------------------------------------------------------------
003D44  1  A5 7D        L3D3E:		lda L007D					;flying, but what is 7D? meaning?
003D46  1  F0 FB        		beq L3D3D
003D48  1               
003D48  1  A9 00        		lda #$00
003D4A  1  85 28        		sta PITCH_LO_28
003D4C  1  85 26        		sta ROLL_LO_26
003D4E  1  85 27        		sta ROLL_HI_27
003D50  1  20 C7 3D     		jsr SET_SPEED_ZERO_3DC1
003D53  1  A9 02        		lda #$02
003D55  1  85 29        		sta PITCH_HI_29
003D57  1  A9 80        		lda #$80					;walking
003D59  1  85 A7        		sta CRAFT_ID_WALKING_A7
003D5B  1  C0 09        		cpy #$09
003D5D  1  F0 E4        		beq L3D3D					;falling, rts
003D5F  1               
003D5F  1  B0 31        		bcs L3D8C
003D61  1  A5 2B        		lda YAW_HI_2B
003D63  1  85 04        		sta TMP_04
003D65  1  A5 2A        		lda YAW_LO_2A
003D67  1  46 04        		lsr TMP_04
003D69  1  6A           		ror
003D6A  1  46 04        		lsr TMP_04
003D6C  1  6A           		ror
003D6D  1  4A           		lsr
003D6E  1  4A           		lsr
003D6F  1  99 A0 70     		sta L70A0,Y
003D72  1  4C 92 3D     		jmp L3D8C
003D75  1               
003D75  1               ;------------------------------------------------------------
003D75  1               ; drop an object
003D75  1               ;------------------------------------------------------------
003D75  1  AD FE 69     L3D6F:		lda L69F8
003D78  1  30 04        		bmi L3D78
003D7A  1  A5 7D        		lda L007D
003D7C  1  F0 C5        		beq L3D3D
003D7E  1  A6 EB        L3D78:		ldx NUM_INVENTORY_ITEMS_EB
003D80  1  F0 C1        		beq L3D3D
003D82  1  C6 EB        		dec NUM_INVENTORY_ITEMS_EB
003D84  1  BC 31 29     		ldy INVENTORY_LIST_L292B,X
003D87  1  B9 C6 69     		lda OBJECT_ATTRIBUTES_69C0,Y
003D8A  1  29 7F        		and #$7F
003D8C  1  99 C6 69     		sta OBJECT_ATTRIBUTES_69C0,Y
003D8F  1  20 01 5B     		jsr SOUND_EFFECT_L5AFB
003D92  1               
003D92  1  A5 CD        L3D8C:		lda ROOM_NO_CD
003D94  1  99 46 69     		sta OBJECT_ROOM_6940,Y
003D97  1  A5 70        		lda CUR_X_LSB_70
003D99  1  99 86 68     		sta OBJ_X_LSB_L6880,Y
003D9C  1  A5 71        		lda CUR_X_MSB_71
003D9E  1  99 86 64     		sta OBJ_X_MSB_L6480,Y
003DA1  1  A5 72        		lda CUR_X_HSB_72
003DA3  1  99 46 65     		sta OBJ_X_HSB_L6540,Y
003DA6  1  A5 76        		lda CUR_Z_LSB_76
003DA8  1  99 06 69     		sta OBJ_Z_LSB_L6900,Y
003DAB  1  A5 77        		lda CUR_Z_MSB_77
003DAD  1  99 06 65     		sta OBJ_Z_MSB_L6500,Y
003DB0  1  A5 78        		lda CUR_Z_HSB_78
003DB2  1  99 C6 65     		sta OBJ_Z_HSB_L65C0,Y
003DB5  1  A9 00        		lda #$00
003DB7  1  99 C6 68     		sta OBJ_Y_LSB_L68C0,Y
003DBA  1  A5 74        		lda CUR_Y_MSB_74
003DBC  1  99 C6 64     		sta OBJ_Y_MSB_L64C0,Y
003DBF  1  A5 75        		lda CUR_Y_HSB_75
003DC1  1  99 86 65     		sta OBJ_Y_HSB_L6580,Y
003DC4  1  4C F3 37     		jmp OBJ_DRAW_LIST_37ED
003DC7  1               
003DC7  1               ;------------------------------------------------------------
003DC7  1               ;
003DC7  1               ;------------------------------------------------------------
003DC7  1               SET_SPEED_ZERO_3DC1:
003DC7  1  A9 88        		lda #$88
003DC9  1  85 ED        		sta SPEED_FP_ED
003DCB  1  85 25        		sta ZP_25
003DCD  1  60           		rts
003DCE  1               
003DCE  1               ;------------------------------------------------------------
003DCE  1               ;
003DCE  1               ;------------------------------------------------------------
003DCE  1  38           L3DC8:		sec
003DCF  1  BD 86 68     		lda OBJ_X_LSB_L6880,X
003DD2  1  E5 70        		sbc CUR_X_LSB_70
003DD4  1  85 D5        		sta DIF_X_LSB_D5
003DD6  1  BD 86 64     		lda OBJ_X_MSB_L6480,X
003DD9  1  E5 71        		sbc CUR_X_MSB_71
003DDB  1  85 D6        		sta DIF_X_MSB_D6
003DDD  1  BD 46 65     		lda OBJ_X_HSB_L6540,X
003DE0  1  E5 72        		sbc CUR_X_HSB_72
003DE2  1  85 D7        		sta DIF_X_HSB_D7
003DE4  1  38           		sec
003DE5  1  BD C6 68     		lda OBJ_Y_LSB_L68C0,X
003DE8  1  E5 73        		sbc CUR_Y_LSB_73
003DEA  1  85 D8        		sta DIF_Y_LSB_D8
003DEC  1  BD C6 64     		lda OBJ_Y_MSB_L64C0,X
003DEF  1  E5 74        		sbc CUR_Y_MSB_74
003DF1  1  85 D9        		sta DIF_Y_MSB_D9
003DF3  1  BD 86 65     		lda OBJ_Y_HSB_L6580,X
003DF6  1  E5 75        		sbc CUR_Y_HSB_75
003DF8  1  85 DA        		sta DIF_Y_HSB_DA
003DFA  1  38           		sec
003DFB  1  BD 06 69     		lda OBJ_Z_LSB_L6900,X
003DFE  1  E5 76        		sbc CUR_Z_LSB_76
003E00  1  85 DB        		sta DIF_Z_LSB_DB
003E02  1  BD 06 65     		lda OBJ_Z_MSB_L6500,X
003E05  1  E5 77        		sbc CUR_Z_MSB_77
003E07  1  85 DC        		sta DIF_Z_MSB_DC
003E09  1  BD C6 65     		lda OBJ_Z_HSB_L65C0,X
003E0C  1  E5 78        		sbc CUR_Z_HSB_78
003E0E  1  85 DD        		sta DIF_Z_HSB_DD
003E10  1  60           		rts
003E11  1               
003E11  1               ;------------------------------------------------------------
003E11  1               ;
003E11  1               ;------------------------------------------------------------
003E11  1               CALC_ABS_DIST_L3E0B:
003E11  1  86 06        		stx MUL_LO_06
003E13  1  84 07        		sty MUL_HI_07
003E15  1  A5 D5        		lda DIF_X_LSB_D5
003E17  1  A6 D6        		ldx DIF_X_MSB_D6
003E19  1  A4 D7        L3E13:		ldy DIF_X_HSB_D7
003E1B  1  20 35 3E     		jsr ABS_DIFF_L3E2F
003E1E  1  B0 14        		bcs L3E2E
003E20  1  A5 D8        		lda DIF_Y_LSB_D8
003E22  1  A6 D9        		ldx DIF_Y_MSB_D9
003E24  1  A4 DA        L3E1E:		ldy DIF_Y_HSB_DA
003E26  1  20 35 3E     L3E20:		jsr ABS_DIFF_L3E2F
003E29  1  B0 09        		bcs L3E2E
003E2B  1  A5 DB        		lda DIF_Z_LSB_DB
003E2D  1  A6 DC        		ldx DIF_Z_MSB_DC
003E2F  1  A4 DD        		ldy DIF_Z_HSB_DD
003E31  1  20 35 3E     		jsr ABS_DIFF_L3E2F
003E34  1  60           L3E2E:		rts
003E35  1               
003E35  1               ;------------------------------------------------------------
003E35  1               ;
003E35  1               ;------------------------------------------------------------
003E35  1               ABS_DIFF_L3E2F:
003E35  1  10 15        		bpl L3E46
003E37  1  49 FF        		eor #$FF
003E39  1  48           		pha
003E3A  1  8A           		txa
003E3B  1  49 FF        		eor #$FF
003E3D  1  AA           		tax
003E3E  1  98           		tya
003E3F  1  49 FF        		eor #$FF
003E41  1  A8           		tay
003E42  1  68           		pla
003E43  1  18           		clc
003E44  1  69 01        L3E3E:		adc #$01
003E46  1  90 04        		bcc L3E46
003E48  1  E8           		inx
003E49  1  D0 01        		bne L3E46
003E4B  1  C8           		iny
003E4C  1  38           L3E46:		sec
003E4D  1  8A           		txa
003E4E  1  E5 06        		sbc MUL_LO_06
003E50  1  98           		tya
003E51  1  E5 07        		sbc MUL_HI_07
003E53  1  60           		rts
003E54  1               
003E54  1               ;------------------------------------------------------------
003E54  1               ;
003E54  1               ;------------------------------------------------------------
003E54  1               LINE_DRAW_L42AE:
003E54  1  BD 00 9F     		lda POINT_CLASS_L9F00,X
003E57  1  F0 25        		beq POINT_X_INFRONT_L3E78
003E59  1  30 17        		bmi POINT_X_BEHIND_L3E6C
003E5B  1  B9 00 9F     		lda POINT_CLASS_L9F00,Y
003E5E  1  F0 12        		beq POINT_X_BEHIND_L3E6C
003E60  1  30 1C        		bmi POINT_X_INFRONT_L3E78
003E62  1  B9 40 9D     		lda Z_ROT_TAB_HI_L9D40,Y
003E65  1  49 80        		eor #$80
003E67  1  85 04        		sta TMP_04
003E69  1  BD 40 9D     		lda Z_ROT_TAB_HI_L9D40,X
003E6C  1  49 80        		eor #$80
003E6E  1  C5 04        		cmp TMP_04
003E70  1  B0 0C        		bcs POINT_X_INFRONT_L3E78
003E72  1               
003E72  1               POINT_X_BEHIND_L3E6C:
003E72  1  98           		tya
003E73  1  86 04        		stx TMP_04
003E75  1  AA           		tax
003E76  1  A4 04        		ldy TMP_04
003E78  1  BD 00 9F     		lda POINT_CLASS_L9F00,X
003E7B  1  10 01        		bpl POINT_X_INFRONT_L3E78
003E7D  1  60           		rts
003E7E  1               
003E7E  1               ;------------------------------------------------------------
003E7E  1               ;
003E7E  1               ;------------------------------------------------------------
003E7E  1               POINT_X_INFRONT_L3E78:
003E7E  1  BD 00 9F     		lda POINT_CLASS_L9F00,X
003E81  1  85 6C        		sta POINT_CLASSIFY_ST_6C
003E83  1  30 1E        		bmi POINT_X_ROT_COPY_L3E9D
003E85  1               
003E85  1  BD 80 9E     		lda HOR_SCREEN_POS_9E80,X
003E88  1  85 68        		sta LINE_START_HOR_68
003E8A  1  BD C0 9E     		lda VER_SCREEN_POS_9EC0,X
003E8D  1  85 69        		sta LINE_START_VER_69
003E8F  1  BD C0 9D     		lda H_PERS_FP_LO_L9DC0,X
003E92  1  85 5C        		sta H_PERS_FP_LO_ST_5C
003E94  1  BD 80 9D     		lda H_PERS_FP_HI_L9D80,X
003E97  1  85 5D        		sta H_PERS_FP_HI_ST_5D
003E99  1  BD 00 9E     		lda V_PERS_FP_LO_L9E00,X
003E9C  1  85 5E        		sta V_PERS_FP_LO_ST_5E
003E9E  1  BD 40 9E     		lda V_PERS_FP_HI_L9E40,X
003EA1  1  85 5F        		sta V_PERS_FP_HI_ST_5F
003EA3  1               
003EA3  1               POINT_X_ROT_COPY_L3E9D:
003EA3  1  BD 00 9C     		lda X_ROT_TAB_LO_L9C00,X
003EA6  1  85 50        		sta PNT_X_LO_50
003EA8  1  BD 40 9C     		lda X_ROT_TAB_HI_L9C40,X
003EAB  1  85 51        		sta PNT_X_HI_51
003EAD  1  BD 80 9C     		lda Y_ROT_TAB_LO_L9C80,X
003EB0  1  85 52        		sta PNT_Y_LO_52
003EB2  1  BD C0 9C     		lda Y_ROT_TAB_HI_L9CC0,X
003EB5  1  85 53        		sta PNT_Y_HI_53
003EB7  1  BD 00 9D     		lda Z_ROT_TAB_LO_L9D00,X
003EBA  1  85 54        		sta PNT_Z_LO_54
003EBC  1  BD 40 9D     		lda Z_ROT_TAB_HI_L9D40,X
003EBF  1  85 55        		sta PNT_Z_HI_55
003EC1  1  B9 00 9F     		lda POINT_CLASS_L9F00,Y
003EC4  1  85 6D        		sta POINT_CLASSIFY_EN_6D
003EC6  1  30 1E        		bmi POINT_Y_ROT_COPY_L3EE0
003EC8  1               
003EC8  1  B9 80 9E     		lda HOR_SCREEN_POS_9E80,Y
003ECB  1  85 6A        		sta PERS_HOR_6A
003ECD  1  B9 C0 9E     		lda VER_SCREEN_POS_9EC0,Y
003ED0  1  85 6B        		sta PERS_VER_6B
003ED2  1  B9 C0 9D     		lda H_PERS_FP_LO_L9DC0,Y
003ED5  1  85 60        		sta H_PERS_FP_LO_EN_60
003ED7  1  B9 80 9D     		lda H_PERS_FP_HI_L9D80,Y
003EDA  1  85 61        		sta H_PERS_FP_HI_EN_61
003EDC  1  B9 00 9E     		lda V_PERS_FP_LO_L9E00,Y
003EDF  1  85 62        		sta V_PERS_FP_LO_EN_62
003EE1  1  B9 40 9E     		lda V_PERS_FP_HI_L9E40,Y
003EE4  1  85 63        		sta V_PERS_FP_HI_EN_63
003EE6  1               
003EE6  1               POINT_Y_ROT_COPY_L3EE0:
003EE6  1  B9 00 9C     		lda X_ROT_TAB_LO_L9C00,Y
003EE9  1  85 56        		sta X_ROTATION_LO_56
003EEB  1  B9 40 9C     		lda X_ROT_TAB_HI_L9C40,Y
003EEE  1  85 57        		sta X_ROTATION_HI_57
003EF0  1  B9 80 9C     		lda Y_ROT_TAB_LO_L9C80,Y
003EF3  1  85 58        		sta Y_ROTATION_LO_58
003EF5  1  B9 C0 9C     		lda Y_ROT_TAB_HI_L9CC0,Y
003EF8  1  85 59        		sta Y_ROTATION_HI_59
003EFA  1  B9 00 9D     		lda Z_ROT_TAB_LO_L9D00,Y
003EFD  1  85 5A        		sta Z_ROTATION_LO_5A
003EFF  1  B9 40 9D     		lda Z_ROT_TAB_HI_L9D40,Y
003F02  1  85 5B        		sta Z_ROTATION_HI_5B
003F04  1  A5 6D        		lda POINT_CLASSIFY_EN_6D
003F06  1  10 03        		bpl CALC_HOR_VER_DIFFS_SLOPE_L3F05
003F08  1  4C 7D 3F     		jmp Z_CLIP_LINE_L3F77
003F0B  1               
003F0B  1               ;------------------------------------------------------------
003F0B  1               ;
003F0B  1               ;------------------------------------------------------------
003F0B  1               CALC_HOR_VER_DIFFS_SLOPE_L3F05:
003F0B  1  A6 5C        		ldx H_PERS_FP_LO_ST_5C
003F0D  1  A5 5D        		lda H_PERS_FP_HI_ST_5D
003F0F  1  49 01        		eor #$01
003F11  1  86 06        		stx MUL_LO_06
003F13  1  85 07        L3F0D:		sta MUL_HI_07
003F15  1  A6 60        		ldx H_PERS_FP_LO_EN_60
003F17  1  A4 61        		ldy H_PERS_FP_HI_EN_61
003F19  1  20 5F 4E     		jsr FP_ADD_L4E59
003F1C  1  86 08        L3F16:		stx ZP_08
003F1E  1  84 09        		sty ZP_09
003F20  1  98           		tya
003F21  1  0A           		asl
003F22  1  29 02        		and #$02
003F24  1  85 65        L3F1E:		sta LINE_TYPE_POINTER_65
003F26  1  A6 5E        		ldx V_PERS_FP_LO_ST_5E
003F28  1  A5 5F        		lda V_PERS_FP_HI_ST_5F
003F2A  1  49 01        		eor #$01
003F2C  1  86 06        		stx MUL_LO_06
003F2E  1  85 07        		sta MUL_HI_07
003F30  1  A6 62        		ldx V_PERS_FP_LO_EN_62
003F32  1  A4 63        		ldy V_PERS_FP_HI_EN_63
003F34  1  20 5F 4E     		jsr FP_ADD_L4E59
003F37  1  86 0A        		stx ZP_0A
003F39  1  84 0B        		sty ZP_0B
003F3B  1  98           		tya
003F3C  1  29 01        		and #$01
003F3E  1  05 65        		ora LINE_TYPE_POINTER_65
003F40  1  85 65        		sta LINE_TYPE_POINTER_65
003F42  1  A6 08        		ldx ZP_08
003F44  1  A4 09        L3F3E:		ldy ZP_09
003F46  1  20 18 4E     		jsr FP_DIV_L4E12
003F49  1  86 66        		stx MLTTMP
003F4B  1  84 67        		sty MLTTMP+1
003F4D  1  98           		tya
003F4E  1  30 15        		bmi L3F5F
003F50  1  A5 65        		lda LINE_TYPE_POINTER_65
003F52  1  09 04        		ora #$04
003F54  1  85 65        		sta LINE_TYPE_POINTER_65
003F56  1  A6 08        		ldx ZP_08
003F58  1  A4 09        		ldy ZP_09
003F5A  1  86 06        		stx MUL_LO_06
003F5C  1  84 07        		sty MUL_HI_07
003F5E  1  A6 0A        		ldx ZP_0A
003F60  1  A4 0B        		ldy ZP_0B
003F62  1  20 18 4E     		jsr FP_DIV_L4E12
003F65  1  98           L3F5F:		tya
003F66  1  30 07        		bmi L3F69
003F68  1  A9 FF        		lda #$FF
003F6A  1  85 64        		sta LINE_FRACTION_64
003F6C  1  4C 06 40     		jmp GET_LINE_TYPE_4000
003F6F  1               
003F6F  1               ;------------------------------------------------------------
003F6F  1               ;
003F6F  1               ;------------------------------------------------------------
003F6F  1  18           L3F69:		clc
003F70  1  69 20        		adc #$20
003F72  1  29 FC        		and #$FC
003F74  1  A8           		tay
003F75  1  20 7B 4F     		jsr BIT16_TO_FP_L4F75
003F78  1  84 64        		sty LINE_FRACTION_64
003F7A  1  4C 06 40     		jmp GET_LINE_TYPE_4000
003F7D  1               
003F7D  1               ;------------------------------------------------------------
003F7D  1               ;
003F7D  1               ;------------------------------------------------------------
003F7D  1               Z_CLIP_LINE_L3F77:
003F7D  1  A6 5A        		ldx Z_ROTATION_LO_5A
003F7F  1  A5 5B        		lda Z_ROTATION_HI_5B
003F81  1  49 01        		eor #$01
003F83  1  86 06        L3F7D:		stx MUL_LO_06
003F85  1  85 07        		sta MUL_HI_07
003F87  1  A6 54        		ldx PNT_Z_LO_54
003F89  1  A4 55        		ldy PNT_Z_HI_55
003F8B  1  20 18 4E     		jsr FP_DIV_L4E12
003F8E  1  86 08        		stx ZP_08
003F90  1  84 09        		sty ZP_09
003F92  1  A6 50        		ldx PNT_X_LO_50
003F94  1  A4 51        		ldy PNT_X_HI_51
003F96  1  20 DE 4D     		jsr FP_MUL_L4DD8
003F99  1  A6 56        		ldx X_ROTATION_LO_56
003F9B  1  A4 57        		ldy X_ROTATION_HI_57
003F9D  1  20 5F 4E     		jsr FP_ADD_L4E59
003FA0  1  86 0A        		stx ZP_0A
003FA2  1  84 0B        		sty ZP_0B
003FA4  1  98           		tya
003FA5  1  45 55        		eor PNT_Z_HI_55
003FA7  1  0A           		asl
003FA8  1  29 02        		and #$02
003FAA  1  85 65        		sta LINE_TYPE_POINTER_65
003FAC  1  A6 08        		ldx ZP_08
003FAE  1  A4 09        		ldy ZP_09
003FB0  1  86 06        		stx MUL_LO_06
003FB2  1  84 07        		sty MUL_HI_07
003FB4  1  A6 52        		ldx PNT_Y_LO_52
003FB6  1  A4 53        		ldy PNT_Y_HI_53
003FB8  1  20 DE 4D     		jsr FP_MUL_L4DD8
003FBB  1  A6 58        		ldx Y_ROTATION_LO_58
003FBD  1  A4 59        		ldy Y_ROTATION_HI_59
003FBF  1  20 5F 4E     		jsr FP_ADD_L4E59
003FC2  1  86 08        		stx ZP_08
003FC4  1  84 09        		sty ZP_09
003FC6  1  98           		tya
003FC7  1  45 55        		eor PNT_Z_HI_55
003FC9  1  29 01        		and #$01
003FCB  1  05 65        		ora LINE_TYPE_POINTER_65
003FCD  1  85 65        		sta LINE_TYPE_POINTER_65
003FCF  1  A6 0A        		ldx ZP_0A
003FD1  1  A4 0B        		ldy ZP_0B
003FD3  1  20 18 4E     		jsr FP_DIV_L4E12
003FD6  1  86 66        		stx MLTTMP
003FD8  1  84 67        		sty MLTTMP+1
003FDA  1  98           L3FD4:		tya
003FDB  1  30 15        		bmi L3FEC
003FDD  1  A5 65        		lda LINE_TYPE_POINTER_65
003FDF  1  09 04        		ora #$04
003FE1  1  85 65        		sta LINE_TYPE_POINTER_65
003FE3  1  A6 0A        		ldx ZP_0A
003FE5  1  A4 0B        		ldy ZP_0B
003FE7  1  86 06        		stx MUL_LO_06
003FE9  1  84 07        		sty MUL_HI_07
003FEB  1  A6 08        		ldx ZP_08
003FED  1  A4 09        		ldy ZP_09
003FEF  1  20 18 4E     		jsr FP_DIV_L4E12
003FF2  1  98           L3FEC:		tya
003FF3  1  30 06        		bmi L3FF5
003FF5  1  A9 FF        		lda #$FF
003FF7  1  85 64        		sta LINE_FRACTION_64
003FF9  1  D0 0B        		bne GET_LINE_TYPE_4000
003FFB  1  18           L3FF5:		clc
003FFC  1  69 20        		adc #$20
003FFE  1  29 FC        		and #$FC
004000  1  A8           		tay
004001  1  20 7B 4F     		jsr BIT16_TO_FP_L4F75
004004  1  84 64        		sty LINE_FRACTION_64
004006  1               
004006  1               ;------------------------------------------------------------
004006  1               ;
004006  1               ;------------------------------------------------------------
004006  1               GET_LINE_TYPE_4000:
004006  1  A6 65        		ldx LINE_TYPE_POINTER_65
004008  1  BC 57 6B     		ldy L6B57,X
00400B  1  84 65        		sty LINE_TYPE_POINTER_65
00400D  1  B9 BF 6B     		lda L6BBE+1,Y
004010  1  85 02        		sta ZP_02
004012  1  B9 C7 6B     		lda L6BC5+2,Y
004015  1  85 03        		sta ZP_03
004017  1  A5 6D        		lda POINT_CLASSIFY_EN_6D
004019  1  F0 0A        		beq L401F
00401B  1  B9 5F 6B     		lda L6B5E+1,Y
00401E  1  85 6A        		sta PERS_HOR_6A
004020  1  B9 67 6B     		lda L6B67,Y
004023  1  85 6B        		sta PERS_VER_6B
004025  1  A5 6C        L401F:		lda POINT_CLASSIFY_ST_6C
004027  1  D0 03        		bne L4026
004029  1  4C 83 41     		jmp L417D
00402C  1               
00402C  1               ;------------------------------------------------------------
00402C  1               ;
00402C  1               ;------------------------------------------------------------
00402C  1  A5 5F        L4026:		lda V_PERS_FP_HI_ST_5F
00402E  1  0A           		asl
00402F  1  0A           		asl
004030  1  29 04        		and #$04
004032  1  05 6C        		ora POINT_CLASSIFY_ST_6C
004034  1  85 04        		sta TMP_04
004036  1  A5 5D        		lda H_PERS_FP_HI_ST_5D
004038  1  0A           		asl
004039  1  0A           		asl
00403A  1  0A           		asl
00403B  1  29 08        		and #$08
00403D  1  05 04        		ora TMP_04
00403F  1  AA           		tax
004040  1  98           		tya
004041  1  1D 6F 6B     		ora L6B6F,X
004044  1  4A           		lsr
004045  1  AA           		tax
004046  1  BD 7F 6B     		lda L6B7E+1,X
004049  1  D0 01        		bne L4046
00404B  1  60           		rts
00404C  1               
00404C  1               ;------------------------------------------------------------
00404C  1               ;
00404C  1               ;------------------------------------------------------------
00404C  1  85 6C        L4046:		sta POINT_CLASSIFY_ST_6C
00404E  1  A5 6D        		lda POINT_CLASSIFY_EN_6D
004050  1  30 20        		bmi L406C
004052  1  A5 63        		lda V_PERS_FP_HI_EN_63
004054  1  0A           		asl
004055  1  0A           		asl
004056  1  29 04        		and #$04
004058  1  05 6D        		ora POINT_CLASSIFY_EN_6D
00405A  1  85 04        		sta TMP_04
00405C  1  A5 61        		lda H_PERS_FP_HI_EN_61
00405E  1  0A           		asl
00405F  1  0A           		asl
004060  1  0A           		asl
004061  1  29 08        		and #$08
004063  1  05 04        		ora TMP_04
004065  1  AA           		tax
004066  1  98           		tya
004067  1  1D 6F 6B     		ora L6B6F,X
00406A  1  4A           		lsr
00406B  1  AA           		tax
00406C  1  BD 9F 6B     		lda L6B9F,X
00406F  1  D0 01        		bne L406C
004071  1  60           		rts
004072  1               
004072  1               ;------------------------------------------------------------
004072  1               ;
004072  1               ;------------------------------------------------------------
004072  1  A5 6C        L406C:		lda POINT_CLASSIFY_ST_6C
004074  1  29 01        		and #$01
004076  1  F0 3F        		beq L40B1
004078  1  A6 90        		ldx L0090
00407A  1  A5 91        		lda L0091
00407C  1  38           		sec
00407D  1  E5 1F        		sbc FOCUS_1F
00407F  1  86 06        		stx MUL_LO_06
004081  1  85 07        		sta MUL_HI_07
004083  1  A6 5C        		ldx H_PERS_FP_LO_ST_5C
004085  1  A5 5D        		lda H_PERS_FP_HI_ST_5D
004087  1  49 01        		eor #$01
004089  1  A8           		tay
00408A  1  20 5F 4E     		jsr FP_ADD_L4E59
00408D  1  A6 66        		ldx MLTTMP
00408F  1  A4 67        		ldy MLTTMP+1
004091  1  20 DE 4D     		jsr FP_MUL_L4DD8
004094  1  A6 5E        		ldx V_PERS_FP_LO_ST_5E
004096  1  A4 5F        		ldy V_PERS_FP_HI_ST_5F
004098  1  20 5F 4E     		jsr FP_ADD_L4E59
00409B  1  98           		tya
00409C  1  18           		clc
00409D  1  65 1F        		adc FOCUS_1F
00409F  1  70 16        		bvs L40B1
0040A1  1  A8           		tay
0040A2  1  20 4B 4F     		jsr FP_TO_8BIT_4F45
0040A5  1  B0 10        		bcs L40B1
0040A7  1  18           		clc
0040A8  1  65 8D        		adc L008D
0040AA  1  C9 98        		cmp #$98
0040AC  1  B0 09        		bcs L40B1
0040AE  1  85 69        		sta LINE_START_VER_69
0040B0  1  A9 9F        		lda #$9F
0040B2  1  85 68        		sta LINE_START_HOR_68
0040B4  1  4C 83 41     		jmp L417D
0040B7  1               
0040B7  1               ;------------------------------------------------------------
0040B7  1               ;
0040B7  1               ;------------------------------------------------------------
0040B7  1  A5 6C        L40B1:		lda POINT_CLASSIFY_ST_6C
0040B9  1  29 02        		and #$02
0040BB  1  F0 3F        		beq L40F6
0040BD  1  A6 94        		ldx L0094
0040BF  1  A5 95        		lda L0095
0040C1  1  38           		sec
0040C2  1  E5 1F        		sbc FOCUS_1F
0040C4  1  86 06        		stx MUL_LO_06
0040C6  1  85 07        		sta MUL_HI_07
0040C8  1  A6 5E        		ldx V_PERS_FP_LO_ST_5E
0040CA  1  A5 5F        		lda V_PERS_FP_HI_ST_5F
0040CC  1  49 01        		eor #$01
0040CE  1  A8           		tay
0040CF  1  20 5F 4E     		jsr FP_ADD_L4E59
0040D2  1  A6 66        		ldx MLTTMP
0040D4  1  A4 67        		ldy MLTTMP+1
0040D6  1  20 18 4E     		jsr FP_DIV_L4E12
0040D9  1  A6 5C        		ldx H_PERS_FP_LO_ST_5C
0040DB  1  A4 5D        		ldy H_PERS_FP_HI_ST_5D
0040DD  1  20 5F 4E     		jsr FP_ADD_L4E59
0040E0  1  98           		tya
0040E1  1  18           		clc
0040E2  1  65 1F        		adc FOCUS_1F
0040E4  1  70 16        		bvs L40F6
0040E6  1  A8           		tay
0040E7  1  20 4B 4F     		jsr FP_TO_8BIT_4F45
0040EA  1  B0 10        		bcs L40F6
0040EC  1  18           		clc
0040ED  1  65 8C        		adc L008C
0040EF  1  C9 A0        		cmp #$A0
0040F1  1  B0 09        		bcs L40F6
0040F3  1  85 68        		sta LINE_START_HOR_68
0040F5  1  A9 97        		lda #$97
0040F7  1  85 69        		sta LINE_START_VER_69
0040F9  1  4C 83 41     		jmp L417D
0040FC  1               
0040FC  1               ;------------------------------------------------------------
0040FC  1               ;
0040FC  1               ;------------------------------------------------------------
0040FC  1  A5 6C        L40F6:		lda POINT_CLASSIFY_ST_6C
0040FE  1  29 04        		and #$04
004100  1  F0 3F        		beq L413B
004102  1  A6 8E        		ldx L008E
004104  1  A5 8F        		lda L008F
004106  1  38           		sec
004107  1  E5 1F        		sbc FOCUS_1F
004109  1  86 06        		stx MUL_LO_06
00410B  1  85 07        		sta MUL_HI_07
00410D  1  A6 5C        		ldx H_PERS_FP_LO_ST_5C
00410F  1  A5 5D        		lda H_PERS_FP_HI_ST_5D
004111  1  49 01        		eor #$01
004113  1  A8           		tay
004114  1  20 5F 4E     		jsr FP_ADD_L4E59
004117  1  A6 66        		ldx MLTTMP
004119  1  A4 67        		ldy MLTTMP+1
00411B  1  20 DE 4D     		jsr FP_MUL_L4DD8
00411E  1  A6 5E        		ldx V_PERS_FP_LO_ST_5E
004120  1  A4 5F        		ldy V_PERS_FP_HI_ST_5F
004122  1  20 5F 4E     		jsr FP_ADD_L4E59
004125  1  98           		tya
004126  1  18           L4120:		clc
004127  1  65 1F        		adc FOCUS_1F
004129  1  70 16        		bvs L413B
00412B  1  A8           		tay
00412C  1  20 4B 4F     		jsr FP_TO_8BIT_4F45
00412F  1  B0 10        		bcs L413B
004131  1  18           		clc
004132  1  65 8D        		adc L008D
004134  1  C9 98        		cmp #$98
004136  1  B0 09        		bcs L413B
004138  1  85 69        		sta LINE_START_VER_69
00413A  1  A9 00        		lda #$00
00413C  1  85 68        		sta LINE_START_HOR_68
00413E  1  4C 83 41     		jmp L417D
004141  1               
004141  1               ;------------------------------------------------------------
004141  1               ;
004141  1               ;------------------------------------------------------------
004141  1  A5 6C        L413B:		lda POINT_CLASSIFY_ST_6C
004143  1  29 08        		and #$08
004145  1  F0 47        L413F:		beq L4188
004147  1  A6 92        		ldx L0092
004149  1  A5 93        L4143:		lda L0093
00414B  1  38           L4145:		sec
00414C  1  E5 1F        		sbc FOCUS_1F
00414E  1  86 06        L4148:		stx MUL_LO_06
004150  1  85 07        		sta MUL_HI_07
004152  1  A6 5E        L414C:		ldx V_PERS_FP_LO_ST_5E
004154  1  A5 5F        		lda V_PERS_FP_HI_ST_5F
004156  1  49 01        L4150:		eor #$01
004158  1  A8           		tay
004159  1  20 5F 4E     L4153:		jsr FP_ADD_L4E59
00415C  1  A6 66        L4156:		ldx MLTTMP
00415E  1  A4 67        L4158:		ldy MLTTMP+1
004160  1  20 18 4E     		jsr FP_DIV_L4E12
004163  1  A6 5C        		ldx H_PERS_FP_LO_ST_5C
004165  1  A4 5D        		ldy H_PERS_FP_HI_ST_5D
004167  1  20 5F 4E     		jsr FP_ADD_L4E59
00416A  1  98           		tya
00416B  1  18           		clc
00416C  1  65 1F        		adc FOCUS_1F
00416E  1  70 1E        		bvs L4188
004170  1  A8           		tay
004171  1  20 4B 4F     		jsr FP_TO_8BIT_4F45
004174  1  B0 18        		bcs L4188
004176  1  18           		clc
004177  1  65 8C        		adc L008C
004179  1  C9 A0        		cmp #$A0
00417B  1  B0 11        		bcs L4188
00417D  1  85 68        		sta LINE_START_HOR_68
00417F  1  A9 00        		lda #$00
004181  1  85 69        		sta LINE_START_VER_69
004183  1               
004183  1  A6 68        L417D:		ldx LINE_START_HOR_68
004185  1  A4 69        		ldy LINE_START_VER_69
004187  1  A9 80        		lda #$80
004189  1  85 06        		sta MUL_LO_06
00418B  1  6C 02 00     		jmp (ZP_02)
00418E  1               
00418E  1  60           L4188:		rts
00418F  1               
00418F  1               ;------------------------------------------------------------
00418F  1               ; copy 16 bytes ship data to $73C0
00418F  1               ;------------------------------------------------------------
00418F  1               COPY_SHIP_DATA_L4189:
00418F  1  0A           		asl
004190  1  0A           		asl
004191  1  0A           		asl
004192  1  0A           		asl
004193  1  AA           L418D:		tax
004194  1  A0 00        		ldy #$00
004196  1  BD A3 41     L4190:		lda SHIPS_TABLE_L419D,X
004199  1  99 C0 73     		sta SHIP_DATA_L73C0,Y
00419C  1  E8           		inx
00419D  1  C8           		iny
00419E  1  C0 10        		cpy #$10
0041A0  1  D0 F4        		bne L4190
0041A2  1  60           		rts
0041A3  1               
0041A3  1               
0041A3  1               ;------------------------------------------------------------
0041A3  1               ; ship data, 16 byte each
0041A3  1               ; copied to SHIP_DATA_L73C0
0041A3  1               ; byte 0/1 pointer to movement routine
0041A3  1               ; 2: Y_MSB
0041A3  1               ; 3: Roll
0041A3  1               ; 4: Pitch_Hi
0041A3  1               ; 5: Yaw
0041A3  1               ; 6: Pitch_Lo
0041A3  1               ; 7: ?
0041A3  1               ; 8:
0041A3  1               ; A/B: Pitch?
0041A3  1               ; C/D:
0041A3  1               ; E/F:
0041A3  1               ;------------------------------------------------------------
0041A3  1               SHIPS_TABLE_L419D:
0041A3  1  07 43 E0 FC  		.byte $07,$43,$E0,$FC,$00,$00,$08,$08,$00,$FC,$00,$FC,$10,$5A,$D0,$FC
0041A7  1  00 00 08 08  
0041AB  1  00 FC 00 FC  
0041B3  1  07 43 E0 FC  		.byte $07,$43,$E0,$FC,$00,$00,$08,$08,$00,$FC,$00,$FC,$10,$0A,$90,$F8
0041B7  1  00 00 08 08  
0041BB  1  00 FC 00 FC  
0041C3  1  ED 42 00 C0  		.byte $ED,$42,$00,$C0,$00,$10,$00,$00,$00,$F8,$00,$FC,$10,$01,$90,$F4
0041C7  1  00 10 00 00  
0041CB  1  00 F8 00 FC  
0041D3  1  07 43 C8 FC  		.byte $07,$43,$C8,$FC,$00,$04,$0C,$08,$00,$00,$80,$FC,$10,$5A,$90,$F4
0041D7  1  00 04 0C 08  
0041DB  1  00 00 80 FC  
0041E3  1  07 43 E0 FC  		.byte $07,$43,$E0,$FC,$00,$04,$08,$88,$00,$00,$00,$F8,$10,$01,$90,$F8
0041E7  1  00 04 08 88  
0041EB  1  00 00 00 F8  
0041F3  1  ED 42 E0 FC  		.byte $ED,$42,$E0,$FC,$00,$00,$00,$00,$00,$FC,$00,$FC,$10,$01,$D0,$FC
0041F7  1  00 00 00 00  
0041FB  1  00 FC 00 FC  
004203  1  07 43 E0 FC  		.byte $07,$43,$E0,$FC,$00,$00,$08,$08,$00,$FC,$00,$FC,$10,$5A,$90,$FC
004207  1  00 00 08 08  
00420B  1  00 FC 00 FC  
004213  1  4D 42 E0 FC  		.byte $4D,$42,$E0,$FC,$00,$00,$08,$08,$00,$FC,$00,$FC,$10,$01,$90,$FC
004217  1  00 00 08 08  
00421B  1  00 FC 00 FC  
004223  1  07 43 00 C0  		.byte $07,$43,$00,$C0,$00,$10,$01,$08,$00,$00,$00,$F8,$00,$00,$00,$00
004227  1  00 10 01 08  
00422B  1  00 00 00 F8  
004233  1  AE 42 2F 10  		.byte $AE,$42,$2F,$10,$15,$0D,$00,$00,$00,$00,$00,$00,$00,$00,$00,$00
004237  1  15 0D 00 00  
00423B  1  00 00 00 00  
004243  1  56 42 20 08  		.byte $56,$42,$20,$08,$00,$00,$00,$00,$00,$00,$00,$00,$00,$00,$00,$00
004247  1  00 00 00 00  
00424B  1  00 00 00 00  
004253  1               
004253  1               L421F		= $421F
004253  1               ;------------------------------------------------------------
004253  1               ;
004253  1               ;------------------------------------------------------------
004253  1  4C 2A 50     		JMP $502A
004256  1               
004256  1               ;------------------------------------------------------------
004256  1               ;
004256  1               ;------------------------------------------------------------
004256  1  A5 75        		lda CUR_Y_HSB_75
004258  1  F0 54        		beq $42AE
00425A  1  10 FE        		bpl $425A
00425C  1  A5 75        		lda CUR_Y_HSB_75
00425E  1  4A           		lsr
00425F  1  4A           		lsr
004260  1  4A           L425A:		lsr
004261  1  AA           		tax
004262  1  A5 74        		lda CUR_Y_MSB_74
004264  1  38           		sec
004265  1  FD 8E 42     		sbc $428E,X
004268  1  85 74        		sta CUR_Y_MSB_74
00426A  1  A5 75        		lda CUR_Y_HSB_75
00426C  1  FD 9E 42     		sbc $429E,X
00426F  1  85 75        		sta CUR_Y_HSB_75
004271  1  D0 0D        		bne $4280
004273  1               
004273  1  A9 4C        		lda #$4C
004275  1  CD 83 42     		cmp $4283
004278  1  F0 06        		beq $4280
00427A  1  8D 83 42     		sta $4283
00427D  1  A9 06        		lda #$06
00427F  1  85 75        		sta CUR_Y_HSB_75
004281  1  A9 50        		lda #$50
004283  1  8D C0 73     		sta SHIP_DATA_L73C0
004286  1  4C C6 42     L4280:		jmp $42C6
004289  1               
004289  1               ;------------------------------------------------------------
004289  1               ;
004289  1               ;------------------------------------------------------------
004289  1  4C DE 4F     L4283:		jmp $4FDE
00428C  1               
00428C  1               ;------------------------------------------------------------
00428C  1               ;
00428C  1               ;------------------------------------------------------------
00428C  1  48           		pha
00428D  1  8A           		txa
00428E  1  18           		clc
00428F  1  69 0C        		adc #$0C
004291  1  AA           		tax
004292  1  68           		pla
004293  1  60           		rts
004294  1               
004294  1               ;------------------------------------------------------------
004294  1               ;
004294  1               ;------------------------------------------------------------
004294  1  40           		RTI
004295  1               
004295  1  80 00 80 00  		.byte $80,$00,$80,$00,$80,$00,$80,$00,$80,$00,$80,$00,$80,$00,$00,$00
004299  1  80 00 80 00  
00429D  1  80 00 80 00  
0042A5  1  00 01 01 02  		.byte $00,$01,$01,$02,$02,$03,$03,$04,$04,$05,$05,$06,$06,$07,$08
0042A9  1  02 03 03 04  
0042AD  1  04 05 05 06  
0042B4  1               ;------------------------------------------------------------
0042B4  1               ;
0042B4  1               ;------------------------------------------------------------
0042B4  1  A5 74        L42AE:		lda CUR_Y_MSB_74
0042B6  1  38           		sec
0042B7  1  ED C2 73     		sbc L73C2
0042BA  1  85 74        		sta CUR_Y_MSB_74
0042BC  1  A5 75        		lda CUR_Y_HSB_75
0042BE  1  E9 00        		sbc #$00
0042C0  1  85 75        		sta CUR_Y_HSB_75
0042C2  1  10 08        		bpl L42C6
0042C4  1  A9 00        L42BE:		lda #$00
0042C6  1  85 F9        		sta AT_COLONY_CRAFT_00F9
0042C8  1  38           		sec
0042C9  1  4C A5 44     L42C3:		jmp L449F
0042CC  1               
0042CC  1               ;------------------------------------------------------------
0042CC  1               ;
0042CC  1               ;------------------------------------------------------------
0042CC  1  A5 26        L42C6:		lda ROLL_LO_26
0042CE  1  18           		clc
0042CF  1  6D C3 73     		adc L73C3
0042D2  1  85 26        		sta ROLL_LO_26
0042D4  1  90 02        		bcc L42D2
0042D6  1  E6 27        		inc ROLL_HI_27
0042D8  1  A5 28        L42D2:		lda PITCH_LO_28
0042DA  1  18           		clc
0042DB  1  6D C4 73     		adc L73C4
0042DE  1  85 28        		sta PITCH_LO_28
0042E0  1  90 02        		bcc L42DE
0042E2  1  E6 29        		inc PITCH_HI_29
0042E4  1  A5 2A        L42DE:		lda YAW_LO_2A
0042E6  1  18           		clc
0042E7  1  6D C5 73     		adc L73C5
0042EA  1  85 2A        		sta YAW_LO_2A
0042EC  1  90 02        		bcc L42EA
0042EE  1  E6 2B        		inc YAW_HI_2B
0042F0  1  4C 21 45     L42EA:		jmp L451B
0042F3  1               
0042F3  1               ;------------------------------------------------------------
0042F3  1               ;
0042F3  1               ;------------------------------------------------------------
0042F3  1  A9 00        		lda #$00
0042F5  1  8D C6 73     		sta L73C6
0042F8  1  A9 3F        		lda #$3F
0042FA  1  85 73        		sta CUR_Y_LSB_73
0042FC  1  20 0D 43     		jsr L4307
0042FF  1  A5 7D        		lda L007D
004301  1  D0 09        		bne L4306
004303  1  C6 75        		dec CUR_Y_HSB_75
004305  1  10 05        L42FF:		bpl L4306
004307  1  85 75        L4301:		sta CUR_Y_HSB_75
004309  1  4C C4 42     		jmp L42BE
00430C  1  60           L4306:		rts
00430D  1               
00430D  1               
00430D  1               
00430D  1               ;------------------------------------------------------------
00430D  1               ; Movement
00430D  1               ;------------------------------------------------------------
00430D  1  A5 CA        L4307:		lda LIFT_UP_DOWN_CA					;lift up/down
00430F  1  F0 03        		beq L430E						;no
004311  1  4C 40 46     		jmp L463A
004314  1               
004314  1  A6 20        L430E:		ldx ZP_20
004316  1  A4 21        		ldy ZP_21
004318  1  86 06        		stx MUL_LO_06
00431A  1  84 07        		sty MUL_HI_07
00431C  1  AE C2 73     		ldx L73C2
00431F  1  AC C3 73     		ldy L73C3
004322  1  20 DE 4D     		jsr FP_MUL_L4DD8
004325  1  86 20        L431F:		stx ZP_20
004327  1  84 21        		sty ZP_21
004329  1               
004329  1  A9 04        		lda #$04						;joystick left?
00432B  1  24 7E        		bit JOYA_7E
00432D  1  D0 0D        		bne L4336						;no
00432F  1  AE C4 73     		ldx L73C4
004332  1  AC C5 73     		ldy L73C5
004335  1  20 5F 4E     		jsr FP_ADD_L4E59
004338  1  86 20        		stx ZP_20
00433A  1  84 21        		sty ZP_21
00433C  1               
00433C  1  A9 08        L4336:		lda #$08						;joystick right?
00433E  1  24 7E        		bit JOYA_7E
004340  1  D0 0E        		bne L434A
004342  1  AE C4 73     		ldx L73C4
004345  1  AC C5 73     		ldy L73C5
004348  1  C8           		iny
004349  1  20 5F 4E     L4343:		jsr FP_ADD_L4E59
00434C  1  86 20        		stx ZP_20
00434E  1  84 21        L4348:		sty ZP_21
004350  1               
004350  1  A9 01        L434A:		lda #$01						;joystick forward?
004352  1  24 7E        		bit JOYA_7E
004354  1  D0 10        L434E:		bne L4360
004356  1  A5 28        		lda PITCH_LO_28
004358  1  18           		clc
004359  1  6D C6 73     		adc L73C6
00435C  1  85 28        		sta PITCH_LO_28
00435E  1  A5 29        		lda PITCH_HI_29
004360  1  69 00        		adc #$00
004362  1  29 03        		and #$03
004364  1  85 29        		sta PITCH_HI_29
004366  1               
004366  1  A9 02        L4360:		lda #$02						;joystick back?
004368  1  24 7E        		bit JOYA_7E
00436A  1  D0 10        		bne L4376
00436C  1               
00436C  1  38           		sec
00436D  1  A5 28        		lda PITCH_LO_28
00436F  1  ED C6 73     		sbc L73C6
004372  1  85 28        		sta PITCH_LO_28
004374  1  A5 29        		lda PITCH_HI_29
004376  1  E9 00        		sbc #$00
004378  1  29 03        		and #$03
00437A  1  85 29        		sta PITCH_HI_29
00437C  1  A6 EC        L4376:		ldx SPEED_FP_EC
00437E  1  A5 ED        		lda SPEED_FP_ED
004380  1  AC E2 69     		ldy L69DC
004383  1  10 09        		bpl L4388
004385  1  A4 A7        		ldy CRAFT_ID_WALKING_A7
004387  1  C0 01        		cpy #$01
004389  1  D0 03        		bne L4388
00438B  1  18           		clc
00438C  1  69 04        		adc #$04
00438E  1  86 06        L4388:		stx MUL_LO_06
004390  1  85 07        		sta MUL_HI_07
004392  1  AE CE 73     		ldx L73CE
004395  1  AC CF 73     		ldy L73CF
004398  1  20 DE 4D     		jsr FP_MUL_L4DD8
00439B  1  A6 24        		ldx ZP_24
00439D  1  A4 25        		ldy ZP_25
00439F  1  20 5F 4E     		jsr FP_ADD_L4E59
0043A2  1  AC CB 73     		ldy L73CB
0043A5  1  AE CA 73     		ldx L73CA
0043A8  1  20 DE 4D     		jsr FP_MUL_L4DD8
0043AB  1  86 24        		stx ZP_24
0043AD  1  84 25        		sty ZP_25
0043AF  1  A6 36        		ldx COS_PITCH_LO_36
0043B1  1  A4 37        		ldy COS_PITCH_HI_37
0043B3  1  86 06        		stx MUL_LO_06
0043B5  1  84 07        		sty MUL_HI_07
0043B7  1  A6 3C        		ldx COS_YAW_LO_3C
0043B9  1  A4 3D        		ldy COS_YAW_HI_3D
0043BB  1  20 DE 4D     		jsr FP_MUL_L4DD8
0043BE  1  A6 24        		ldx ZP_24
0043C0  1  A4 25        		ldy ZP_25
0043C2  1  20 DE 4D     		jsr FP_MUL_L4DD8
0043C5  1  20 7B 4F     		jsr BIT16_TO_FP_L4F75
0043C8  1  98           		tya
0043C9  1  18           		clc
0043CA  1  65 76        		adc CUR_Z_LSB_76
0043CC  1  85 76        		sta CUR_Z_LSB_76
0043CE  1  A0 00        		ldy #$00
0043D0  1  8A           		txa
0043D1  1  10 02        		bpl L43CF
0043D3  1  A0 FF        		ldy #$FF
0043D5  1  65 77        L43CF:		adc CUR_Z_MSB_77
0043D7  1  85 77        		sta CUR_Z_MSB_77
0043D9  1  98           L43D3:		tya
0043DA  1  65 78        		adc CUR_Z_HSB_78
0043DC  1  85 78        		sta CUR_Z_HSB_78
0043DE  1  A6 36        		ldx COS_PITCH_LO_36
0043E0  1  A4 37        		ldy COS_PITCH_HI_37
0043E2  1  86 06        		stx MUL_LO_06
0043E4  1  84 07        		sty MUL_HI_07
0043E6  1  A6 3A        		ldx SIN_YAW_LO_3A
0043E8  1  A4 3B        		ldy SIN_YAW_HI_3B
0043EA  1  20 DE 4D     		jsr FP_MUL_L4DD8
0043ED  1  A6 24        		ldx ZP_24
0043EF  1  A4 25        		ldy ZP_25
0043F1  1  20 DE 4D     		jsr FP_MUL_L4DD8
0043F4  1  20 7B 4F     		jsr BIT16_TO_FP_L4F75
0043F7  1  98           		tya
0043F8  1  18           		clc
0043F9  1  65 70        		adc CUR_X_LSB_70
0043FB  1  85 70        		sta CUR_X_LSB_70
0043FD  1  A0 00        		ldy #$00
0043FF  1  8A           		txa
004400  1  10 02        		bpl L43FE
004402  1  A0 FF        		ldy #$FF
004404  1  65 71        L43FE:		adc CUR_X_MSB_71
004406  1  85 71        		sta CUR_X_MSB_71
004408  1  98           		tya
004409  1  65 72        		adc CUR_X_HSB_72
00440B  1  85 72        		sta CUR_X_HSB_72
00440D  1  A5 7D        		lda L007D
00440F  1  F0 1C        		beq L4427
004411  1               
004411  1  A5 F9        		lda AT_COLONY_CRAFT_00F9
004413  1  F0 05        		beq L4414
004415  1               
004415  1  20 33 45     		jsr COLONY_CRAFT_L452D
004418  1  B0 13        		bcs L4427
00441A  1               
00441A  1  A5 25        L4414:		lda ZP_25
00441C  1  49 80        		eor #$80
00441E  1  C9 9C        		cmp #$9C
004420  1  B0 0B        		bcs L4427
004422  1  A9 00        		lda #$00					;level ship at colony craft
004424  1  85 28        		sta PITCH_LO_28
004426  1  A9 02        L4420:		lda #$02
004428  1  85 29        		sta PITCH_HI_29
00442A  1  4C F8 44     		jmp L44F2
00442D  1               
00442D  1               ;------------------------------------------------------------
00442D  1               ;
00442D  1               ;------------------------------------------------------------
00442D  1  A6 34        L4427:		ldx SIN_PITCH_LO_34
00442F  1  A4 35        		ldy SIN_PITCH_HI_35
004431  1  86 06        		stx MUL_LO_06
004433  1  84 07        		sty MUL_HI_07
004435  1  A6 24        		ldx ZP_24
004437  1  A4 25        		ldy ZP_25
004439  1  20 DE 4D     		jsr FP_MUL_L4DD8
00443C  1  98           		tya
00443D  1  AC C9 73     		ldy L73C9
004440  1  4A           		lsr
004441  1  B0 1E        		bcs L445B
004443  1  AD CD 73     		lda L73CD
004446  1  AE E2 69     L4440:		ldx L69DC
004449  1  10 08        		bpl L444D
00444B  1  A6 A7        L4445:		ldx CRAFT_ID_WALKING_A7
00444D  1  E0 01        		cpx #$01
00444F  1  D0 02        		bne L444D
004451  1  A9 5A        		lda #$5A
004453  1  38           L444D:		sec
004454  1  E5 75        		sbc CUR_Y_HSB_75
004456  1  10 09        		bpl L445B
004458  1  0A           		asl
004459  1  10 04        		bpl L4459
00445B  1  0A           		asl
00445C  1  A8           		tay
00445D  1  30 02        		bmi L445B
00445F  1  A0 88        L4459:		ldy #$88
004461  1  AE C8 73     L445B:		ldx L73C8
004464  1  20 DE 4D     		jsr FP_MUL_L4DD8
004467  1  20 7B 4F     		jsr BIT16_TO_FP_L4F75
00446A  1  98           		tya
00446B  1  18           		clc
00446C  1  65 73        		adc CUR_Y_LSB_73
00446E  1  85 73        		sta CUR_Y_LSB_73
004470  1  8A           		txa
004471  1  65 74        		adc CUR_Y_MSB_74
004473  1  85 74        		sta CUR_Y_MSB_74
004475  1  8A           		txa
004476  1  10 04        		bpl L4476
004478  1  A9 FF        		lda #$FF
00447A  1  30 02        		bmi L4478
00447C  1  A9 00        L4476:		lda #$00
00447E  1  65 75        L4478:		adc CUR_Y_HSB_75
004480  1  85 75        		sta CUR_Y_HSB_75
004482  1  30 0C        		bmi L448A
004484  1  D0 52        		bne L44D2
004486  1  A5 74        		lda CUR_Y_MSB_74
004488  1  D0 63        		bne L44E7
00448A  1  A5 73        		lda CUR_Y_LSB_73
00448C  1  C9 40        		cmp #$40
00448E  1  B0 5D        		bcs L44E7
004490  1  A5 07        L448A:		lda MUL_HI_07
004492  1  49 80        		eor #$80
004494  1  C9 A0        		cmp #$A0
004496  1  B0 0D        		bcs L449F
004498  1  A5 29        		lda PITCH_HI_29
00449A  1  4A           		lsr
00449B  1  85 04        		sta TMP_04
00449D  1  A5 28        		lda PITCH_LO_28
00449F  1  6A           		ror
0044A0  1  46 04        		lsr TMP_04
0044A2  1  6A           		ror
0044A3  1  C9 A0        		cmp #$A0
0044A5  1  08           L449F:		php
0044A6  1  A9 00        		lda #$00
0044A8  1  85 74        		sta CUR_Y_MSB_74
0044AA  1  85 75        		sta CUR_Y_HSB_75
0044AC  1  85 26        L44A6:		sta ROLL_LO_26
0044AE  1  85 27        		sta ROLL_HI_27
0044B0  1  A9 3F        		lda #$3F
0044B2  1  85 7D        		sta L007D
0044B4  1  85 73        		sta CUR_Y_LSB_73
0044B6  1  A5 29        		lda PITCH_HI_29
0044B8  1  29 02        		and #$02
0044BA  1  F0 11        		beq L44C7
0044BC  1  85 29        		sta PITCH_HI_29
0044BE  1  A9 00        		lda #$00
0044C0  1  85 28        		sta PITCH_LO_28
0044C2  1  A2 09        		ldx #$09
0044C4  1  BD 1F 42     L44BE:		lda L421F,X
0044C7  1  9D C2 73     		sta L73C2,X
0044CA  1  CA           		dex
0044CB  1  10 F7        		bpl L44BE
0044CD  1  28           L44C7:		plp
0044CE  1  90 28        		bcc L44F2
0044D0  1  20 3F 3D     		jsr L3D39
0044D3  1  A9 02        		lda #$02
0044D5  1  85 F8        		sta CRASH_F8
0044D7  1  60           		rts
0044D8  1               
0044D8  1               ;------------------------------------------------------------
0044D8  1               ;
0044D8  1               ;------------------------------------------------------------
0044D8  1  C9 40        L44D2:		cmp #$40
0044DA  1  D0 11        		bne L44E7
0044DC  1  20 33 45     		jsr COLONY_CRAFT_L452D
0044DF  1  B0 0C        		bcs L44E7
0044E1  1               
0044E1  1  A9 FF        		lda #$FF
0044E3  1  85 74        		sta CUR_Y_MSB_74
0044E5  1  85 F9        		sta AT_COLONY_CRAFT_00F9
0044E7  1  18           		clc
0044E8  1  08           		php
0044E9  1  A9 00        		lda #$00
0044EB  1  F0 BF        		beq L44A6
0044ED  1               
0044ED  1  A9 00        L44E7:		lda #$00
0044EF  1  85 7D        		sta L007D
0044F1  1  85 F9        		sta AT_COLONY_CRAFT_00F9
0044F3  1  A5 A7        		lda CRAFT_ID_WALKING_A7
0044F5  1  20 8F 41     		jsr COPY_SHIP_DATA_L4189
0044F8  1  A6 20        L44F2:		ldx ZP_20
0044FA  1  A4 21        		ldy ZP_21
0044FC  1  20 7B 4F     		jsr BIT16_TO_FP_L4F75
0044FF  1  8A           		txa
004500  1  0A           		asl
004501  1  98           		tya
004502  1  65 2A        		adc YAW_LO_2A
004504  1  85 2A        		sta YAW_LO_2A
004506  1  8A           		txa
004507  1  65 2B        		adc YAW_HI_2B
004509  1  85 2B        		sta YAW_HI_2B
00450B  1  A5 7D        		lda L007D
00450D  1  D0 12        		bne L451B
00450F  1  A6 20        		ldx ZP_20
004511  1  AD C7 73     		lda L73C7
004514  1  30 03        		bmi L4513
004516  1  18           		clc
004517  1  65 21        		adc ZP_21
004519  1  A8           L4513:		tay
00451A  1  20 7B 4F     		jsr BIT16_TO_FP_L4F75
00451D  1  84 26        		sty ROLL_LO_26
00451F  1  86 27        		stx ROLL_HI_27
004521  1  A5 F2        L451B:		lda L00F2
004523  1  30 0D        		bmi L452C
004525  1  A5 97        L451F:		lda L0097
004527  1  18           		clc
004528  1  65 A0        		adc L00A0
00452A  1  85 97        		sta L0097
00452C  1  A5 98        		lda L0098
00452E  1  69 00        		adc #$00
004530  1  85 98        		sta L0098
004532  1  60           L452C:		rts
004533  1               
004533  1               ;------------------------------------------------------------
004533  1               ; return carry-clear if we are at COLONY_CRAFT
004533  1               ;------------------------------------------------------------
004533  1               COLONY_CRAFT_L452D:
004533  1  A5 72        		lda CUR_X_HSB_72
004535  1  C9 08        		cmp #$08
004537  1  D0 20        		bne L4553
004539  1  A5 78        		lda CUR_Z_HSB_78
00453B  1  C9 08        		cmp #$08
00453D  1  D0 1A        		bne L4553
00453F  1  A5 71        		lda CUR_X_MSB_71
004541  1  38           		sec
004542  1  E9 68        		sbc #$68
004544  1  C9 10        		cmp #$10
004546  1  B0 11        		bcs L4553
004548  1  A5 77        L4542:		lda CUR_Z_MSB_77
00454A  1  38           L4544:		sec
00454B  1  E9 68        L4545:		sbc #$68
00454D  1  C9 10        L4547:		cmp #$10
00454F  1  B0 08        		bcs L4553
004551  1  A5 74        L454B:		lda CUR_Y_MSB_74
004553  1  C9 FC        		cmp #$FC
004555  1  90 02        		bcc L4553
004557  1  18           		clc
004558  1  60           L4552:		rts
004559  1  38           L4553:		sec
00455A  1  60           L4554:		rts
00455B  1               
00455B  1               ;------------------------------------------------------------
00455B  1               ; SPECIAL_VIEW_FLAG logic, e.g. joystick invert
00455B  1               ;------------------------------------------------------------
00455B  1  A5 F1        L4555:      	lda SPECIAL_VIEW_FLAG_F1
00455D  1  F0 07        		beq L4560
00455F  1  A6 7E        		ldx JOYA_7E					;invert left - right
004561  1  BD 71 45     		lda L456B,X
004564  1  85 7E        		sta JOYA_7E
004566  1  A5 A6        L4560:      	lda PLANET_UNDERGROUND_A6
004568  1  D0 17        		bne JOYSTICK_UNDERGROUND_L457B			;1=underground
00456A  1  A5 A7        		lda CRAFT_ID_WALKING_A7
00456C  1  30 13        		bmi JOYSTICK_UNDERGROUND_L457B			;$80 = walking
00456E  1  6C C0 73     		jmp (SHIP_DATA_L73C0)				;$4307
004571  1               
004571  1               		;	0   1   2   3   4   5   6   7   8   9   a   b   c   d   e   f
004571  1  00 01 02 03  L456B:		.byte $00,$01,$02,$03,$08,$09,$0A,$0B,$04,$05,$06,$07,$0C,$0D,$0E,$0F
004575  1  08 09 0A 0B  
004579  1  04 05 06 07  
004581  1               
004581  1               ;------------------------------------------------------------
004581  1               ; Joystick underground
004581  1               ;------------------------------------------------------------
004581  1               JOYSTICK_UNDERGROUND_L457B:
004581  1  A5 CA        		lda LIFT_UP_DOWN_CA
004583  1  F0 03        		beq L4582
004585  1  4C 40 46     		jmp L463A
004588  1               
004588  1  A5 A7        L4582:		lda CRAFT_ID_WALKING_A7
00458A  1  10 16        		bpl L459C
00458C  1               
00458C  1  A9 01        		lda #$01					;flying
00458E  1  24 7E        		bit JOYA_7E
004590  1  D0 05        		bne L4591
004592  1  A9 01        		lda #$01
004594  1  20 E3 45     		jsr L45DD
004597  1  A9 02        L4591:		lda #$02
004599  1  24 7E        		bit JOYA_7E
00459B  1  D0 05        		bne L459C
00459D  1  A9 00        		lda #$00
00459F  1  20 E3 45     		jsr L45DD
0045A2  1               
0045A2  1  A9 04        L459C:		lda #$04
0045A4  1  24 7E        		bit JOYA_7E
0045A6  1  D0 0F        		bne L45B1
0045A8  1  A5 2A        		lda YAW_LO_2A
0045AA  1  18           		clc
0045AB  1  65 AA        		adc YAW_WALK_AA
0045AD  1  85 2A        		sta YAW_LO_2A
0045AF  1  A5 2B        		lda YAW_HI_2B
0045B1  1  69 00        		adc #$00
0045B3  1  29 03        		and #$03
0045B5  1  85 2B        		sta YAW_HI_2B
0045B7  1  A9 08        L45B1:		lda #$08
0045B9  1  24 7E        		bit JOYA_7E
0045BB  1  D0 0F        		bne L45C6
0045BD  1  A5 2A        		lda YAW_LO_2A
0045BF  1  38           		sec
0045C0  1  E5 AA        		sbc YAW_WALK_AA
0045C2  1  85 2A        		sta YAW_LO_2A
0045C4  1  A5 2B        		lda YAW_HI_2B
0045C6  1  E9 00        		sbc #$00
0045C8  1  29 03        		and #$03
0045CA  1  85 2B        L45C4:		sta YAW_HI_2B
0045CC  1               
0045CC  1  A5 F9        L45C6:		lda AT_COLONY_CRAFT_00F9
0045CE  1  F0 10        		beq L45DA
0045D0  1               
0045D0  1  20 33 45     		jsr COLONY_CRAFT_L452D
0045D3  1  90 0B        		bcc L45DA					;at colony craft
0045D5  1               
0045D5  1  A9 09        		lda #$09					;falling down
0045D7  1  85 A7        		sta CRAFT_ID_WALKING_A7
0045D9  1  20 8F 41     		jsr COPY_SHIP_DATA_L4189
0045DC  1  A9 00        		lda #$00
0045DE  1  85 A6        		sta PLANET_UNDERGROUND_A6
0045E0  1  4C 21 45     L45DA:		jmp L451B
0045E3  1               
0045E3  1               
0045E3  1               ;------------------------------------------------------------
0045E3  1               ;
0045E3  1               ;------------------------------------------------------------
0045E3  1  48           L45DD:		pha
0045E4  1  A6 A8        		ldx L00A8
0045E6  1  45 A9        		eor L00A9
0045E8  1  86 06        		stx MUL_LO_06
0045EA  1  85 07        		sta MUL_HI_07
0045EC  1  A6 3C        		ldx COS_YAW_LO_3C
0045EE  1  A4 3D        		ldy COS_YAW_HI_3D
0045F0  1  20 DE 4D     		jsr FP_MUL_L4DD8
0045F3  1  20 7B 4F     		jsr BIT16_TO_FP_L4F75
0045F6  1  98           		tya
0045F7  1  18           		clc
0045F8  1  65 76        		adc CUR_Z_LSB_76
0045FA  1  85 76        		sta CUR_Z_LSB_76
0045FC  1  8A           		txa
0045FD  1  65 77        		adc CUR_Z_MSB_77
0045FF  1  85 77        		sta CUR_Z_MSB_77
004601  1  8A           		txa
004602  1  10 04        		bpl L4602
004604  1  A9 FF        		lda #$FF
004606  1  30 02        		bmi L4604
004608  1  A9 00        L4602:		lda #$00
00460A  1  65 78        L4604:		adc CUR_Z_HSB_78
00460C  1  85 78        		sta CUR_Z_HSB_78
00460E  1  68           		pla
00460F  1  A6 A8        		ldx L00A8
004611  1  45 A9        		eor L00A9
004613  1  86 06        		stx MUL_LO_06
004615  1  85 07        		sta MUL_HI_07
004617  1  A6 3A        		ldx SIN_YAW_LO_3A
004619  1  A4 3B        		ldy SIN_YAW_HI_3B
00461B  1  20 DE 4D     		jsr FP_MUL_L4DD8
00461E  1  20 7B 4F     		jsr BIT16_TO_FP_L4F75
004621  1  98           		tya
004622  1  18           		clc
004623  1  65 70        		adc CUR_X_LSB_70
004625  1  85 70        		sta CUR_X_LSB_70
004627  1  8A           		txa
004628  1  65 71        		adc CUR_X_MSB_71
00462A  1  85 71        		sta CUR_X_MSB_71
00462C  1  8A           		txa
00462D  1  10 04        		bpl L462D
00462F  1  A9 FF        		lda #$FF
004631  1  30 02        		bmi L462F
004633  1  A9 00        L462D:		lda #$00
004635  1  65 72        L462F:		adc CUR_X_HSB_72
004637  1  85 72        		sta CUR_X_HSB_72
004639  1  A5 AF        		lda L00AF
00463B  1  F0 02        		beq L4639
00463D  1  C6 AF        		dec L00AF
00463F  1  60           L4639:		rts
004640  1               
004640  1               ;------------------------------------------------------------
004640  1               ; lift up/down
004640  1               ;------------------------------------------------------------
004640  1  A5 CB        L463A:		lda L00CB
004642  1  48           		pha
004643  1  A0 DD        		ldy #$DD
004645  1  20 9F 4D     		jsr A_TIMES_Y_4D99
004648  1  0A           		asl
004649  1  18           		clc
00464A  1  69 80        		adc #$80
00464C  1  85 73        		sta CUR_Y_LSB_73
00464E  1  A5 CC        		lda L00CC
004650  1  AA           		tax
004651  1  69 00        		adc #$00
004653  1  4A           		lsr
004654  1  66 73        		ror CUR_Y_LSB_73
004656  1  85 74        		sta CUR_Y_MSB_74
004658  1  68           		pla
004659  1  C5 CB        		cmp L00CB
00465B  1  D0 E3        		bne L463A					;who could changed it?
00465D  1               
00465D  1  A9 00        		lda #$00
00465F  1  85 75        		sta CUR_Y_HSB_75
004661  1  A5 74        		lda CUR_Y_MSB_74
004663  1  C9 06        		cmp #$06
004665  1  90 0A        		bcc L466B
004667  1  A5 74        		lda CUR_Y_MSB_74
004669  1  E9 07        		sbc #$07
00466B  1  85 74        		sta CUR_Y_MSB_74
00466D  1  B0 02        		bcs L466B
00466F  1  C6 75        		dec CUR_Y_HSB_75
004671  1  A5 CA        L466B:		lda LIFT_UP_DOWN_CA
004673  1  30 3E        		bmi L46AD					;lift down
004675  1  A5 73        		lda CUR_Y_LSB_73
004677  1  18           		clc
004678  1  69 26        		adc #$26
00467A  1  85 73        		sta CUR_Y_LSB_73
00467C  1  90 06        		bcc L467E
00467E  1  E6 74        		inc CUR_Y_MSB_74
004680  1  D0 02        		bne L467E
004682  1  E6 75        		inc CUR_Y_HSB_75
004684  1  A5 A6        L467E:		lda PLANET_UNDERGROUND_A6
004686  1  F0 70        		beq L46F2
004688  1  E0 0C        		cpx #$0C
00468A  1  D0 6C        		bne L46F2
00468C  1  A9 00        		lda #$00
00468E  1  85 A6        		sta PLANET_UNDERGROUND_A6
004690  1  85 70        		sta CUR_X_LSB_70
004692  1  85 76        		sta CUR_Z_LSB_76
004694  1  A9 71        		lda #$71
004696  1  85 71        		sta CUR_X_MSB_71
004698  1  85 77        		sta CUR_Z_MSB_77
00469A  1  A6 CD        		ldx ROOM_NO_CD
00469C  1  BD 07 5B     		lda HANGAR_POS_5B02-1,X
00469F  1  85 72        		sta CUR_X_HSB_72
0046A1  1  BD 0F 5B     		lda L5B09,X
0046A4  1  85 78        		sta CUR_Z_HSB_78
0046A6  1  20 84 39     		jsr L397E
0046A9  1  A9 00        		lda #$00
0046AB  1  85 CD        		sta ROOM_NO_CD
0046AD  1  20 F3 37     		jsr OBJ_DRAW_LIST_37ED
0046B0  1  4C 05 59     		jmp SET_COLOR_OUTSIDE_58FF
0046B3  1               
0046B3  1               ;------------------------------------------------------------
0046B3  1               ; list down
0046B3  1               ;------------------------------------------------------------
0046B3  1  A5 73        L46AD:		lda CUR_Y_LSB_73
0046B5  1  38           		sec
0046B6  1  E9 06        		sbc #$06
0046B8  1  85 73        		sta CUR_Y_LSB_73
0046BA  1  B0 0A        		bcs L46C0
0046BC  1  A5 74        		lda CUR_Y_MSB_74
0046BE  1  E9 00        		sbc #$00
0046C0  1  85 74        		sta CUR_Y_MSB_74
0046C2  1  B0 02        		bcs L46C0
0046C4  1  C6 75        		dec CUR_Y_HSB_75
0046C6  1  A5 A6        L46C0:		lda PLANET_UNDERGROUND_A6
0046C8  1  D0 1E        		bne L46E2
0046CA  1               
0046CA  1  E0 08        L46C4:		cpx #$08					;we are going down
0046CC  1  D0 2A        		bne L46F2
0046CE  1  A6 CD        		ldx ROOM_NO_CD
0046D0  1  A0 07        		ldy #$07
0046D2  1  86 06        		stx MUL_LO_06
0046D4  1  84 07        		sty MUL_HI_07
0046D6  1  20 42 35     		jsr SETUP_ROOM_L353C
0046D9  1  A9 08        		lda #$08
0046DB  1  85 71        		sta CUR_X_MSB_71
0046DD  1  85 77        		sta CUR_Z_MSB_77
0046DF  1  A9 01        		lda #$01
0046E1  1  85 A6        		sta PLANET_UNDERGROUND_A6
0046E3  1  A9 00        		lda #$00
0046E5  1  85 F9        		sta AT_COLONY_CRAFT_00F9
0046E7  1  60           		rts
0046E8  1               
0046E8  1               ;------------------------------------------------------------
0046E8  1               ;
0046E8  1               ;------------------------------------------------------------
0046E8  1  A5 74        L46E2:		lda CUR_Y_MSB_74
0046EA  1  D0 0B        		bne L46F1
0046EC  1  A5 73        		lda CUR_Y_LSB_73
0046EE  1  30 07        		bmi L46F1
0046F0  1  20 56 62     		jsr L6250
0046F3  1  A9 80        		lda #$80
0046F5  1  85 73        		sta CUR_Y_LSB_73
0046F7  1  60           L46F1:		rts
0046F8  1               
0046F8  1               ;------------------------------------------------------------
0046F8  1               ;
0046F8  1               ;------------------------------------------------------------
0046F8  1  A5 A6        L46F2:		lda PLANET_UNDERGROUND_A6
0046FA  1  D0 FB        		bne L46F1
0046FC  1  A5 F9        		lda AT_COLONY_CRAFT_00F9
0046FE  1  F0 F7        		beq L46F1
004700  1  A5 74        		lda CUR_Y_MSB_74
004702  1  18           		clc
004703  1  69 FF        		adc #$FF
004705  1  85 74        		sta CUR_Y_MSB_74
004707  1  A5 75        		lda CUR_Y_HSB_75
004709  1  69 40        		adc #$40
00470B  1  85 75        		sta CUR_Y_HSB_75
00470D  1  60           		rts
00470E  1               
00470E  1               ;------------------------------------------------------------
00470E  1               ;
00470E  1               ;X1			X2							X3
00470E  1               ;Y1			Y2							Y3
00470E  1               ;Z1			Z2							Z3
00470E  1               ;
00470E  1               ;cos(pit)*sin(yaw)	cos(rol)*sin(pit)*sin(yaw) + sin(rol)*cos(yaw)		sin(rol)*sin(pit)*sin(yaw) + cos(rol)*cos(yaw)
00470E  1               ;sin(pit)		cos(rol)*cos(pit)					-sin(rol)*cos(pit)
00470E  1               ;cos(pit)*cos(yaw)	-sin(rol)*sin(yaw) - cos(rol)*sin(pitch)*cos(yaw)	sin(rol)*sin(pit)*cos(yaw) - cos(rol)*sin(yaw)
00470E  1               ;
00470E  1               ;------------------------------------------------------------
00470E  1               SETUP_ROTATION_MATRIX_L4708:
00470E  1               
00470E  1  A5 CA        		lda LIFT_UP_DOWN_CA				;$80 lift down, $01 lift up
004710  1  D0 05        		bne L4711
004712  1  A5 A7        		lda CRAFT_ID_WALKING_A7				;01=Dart,03=Jet;$80 walking
004714  1  10 01        		bpl L4711					;flying
004716  1  60           		rts						;walking
004717  1               
004717  1  A6 2C        L4711:		ldx SIN_ROLL_LO_2C
004719  1  A4 2D        		ldy SIN_ROLL_HI_2D
00471B  1  86 06        		stx MUL_LO_06
00471D  1  84 07        		sty MUL_HI_07
00471F  1  A6 34        		ldx SIN_PITCH_LO_34
004721  1  A4 35        		ldy SIN_PITCH_HI_35
004723  1  20 DE 4D     		jsr FP_MUL_L4DD8				; ROLL_SIN * PITCH_SIN
004726  1  86 14        L4720:		stx ROLL_SIN_MUL_PITCH_SIN_LO_14
004728  1  84 15        		sty ROLL_SIN_MUL_PITCH_SIN_HI_15
00472A  1               
00472A  1  A6 3A        		ldx SIN_YAW_LO_3A
00472C  1  A4 3B        		ldy SIN_YAW_HI_3B
00472E  1  20 DE 4D     		jsr FP_MUL_L4DD8				; ROLL_SIN * PITCH_SIN * YAW_SIN
004731  1  86 08        		stx ZP_08
004733  1  84 09        		sty ZP_09
004735  1               
004735  1  A6 2E        		ldx COS_ROLL_LO_2E
004737  1  A4 2F        		ldy COS_ROLL_HI_2F
004739  1  86 06        		stx MUL_LO_06
00473B  1  84 07        		sty MUL_HI_07
00473D  1  A6 3C        		ldx COS_YAW_LO_3C
00473F  1  A4 3D        		ldy COS_YAW_HI_3D
004741  1  20 DE 4D     		jsr FP_MUL_L4DD8				; ROLL_COS * YAW_COS
004744  1               
004744  1  A6 08        		ldx ZP_08
004746  1  A4 09        		ldy ZP_09
004748  1  20 5F 4E     		jsr FP_ADD_L4E59				; ROLL_SIN * PITCH_SIN * YAW_SIN + ROLL_COS * YAW_COS
00474B  1  86 3E        		stx ROTATE_MX3_LO_3E
00474D  1  98           		tya
00474E  1  45 F1        		eor SPECIAL_VIEW_FLAG_F1
004750  1  85 3F        		sta ROTATE_MX3_HI_3F				; X3 = sin(rol)*sin(pit)*sin(yaw) + cos(rol)*cos(yaw)
004752  1               
004752  1  A6 2C        		ldx SIN_ROLL_LO_2C
004754  1  A4 2D        		ldy SIN_ROLL_HI_2D
004756  1  86 06        		stx MUL_LO_06
004758  1  84 07        		sty MUL_HI_07
00475A  1  A6 36        		ldx COS_PITCH_LO_36
00475C  1  A4 37        		ldy COS_PITCH_HI_37
00475E  1  20 DE 4D     		jsr FP_MUL_L4DD8				; ROLL_SIN * PITCH_COS
004761  1  98           		tya
004762  1  49 01        		eor #$01					; REVERSE SIGN
004764  1  45 F1        		eor SPECIAL_VIEW_FLAG_F1
004766  1  86 40        		stx ROTATE_MY3_LO_40				; MY3 = -sin(rol)*cos(pit)
004768  1  85 41        		sta ROTATE_MY3_HI_41
00476A  1               
00476A  1  85 07        		sta MUL_HI_07
00476C  1  A6 8A        		ldx L008A
00476E  1  A4 8B        		ldy L008B
004770  1  20 DE 4D     		jsr FP_MUL_L4DD8
004773  1  98           		tya
004774  1  49 01        		eor #$01					; REVERSE SIGN
004776  1  85 07        		sta MUL_HI_07
004778  1  20 4B 4F     		jsr FP_TO_8BIT_4F45
00477B  1  18           		clc
00477C  1  69 50        		adc #$50					; horizontal screen midpoint (80)
00477E  1  85 8C        		sta L008C
004780  1               
004780  1  A2 40        		ldx #$40
004782  1  A0 19        		ldy #$19
004784  1  20 5F 4E     		jsr FP_ADD_L4E59
004787  1  86 8E        		stx L008E
004789  1  84 8F        		sty L008F
00478B  1               
00478B  1  A2 3E        		ldx #$3E
00478D  1  A0 1C        		ldy #$1C
00478F  1  20 5F 4E     		jsr FP_ADD_L4E59
004792  1  86 90        		stx L0090
004794  1  84 91        		sty L0091
004796  1               
004796  1  A6 14        		ldx ROLL_SIN_MUL_PITCH_SIN_LO_14
004798  1  A4 15        		ldy ROLL_SIN_MUL_PITCH_SIN_HI_15
00479A  1  86 06        		stx MUL_LO_06
00479C  1  84 07        		sty MUL_HI_07
00479E  1  A6 3C        		ldx COS_YAW_LO_3C
0047A0  1  A4 3D        		ldy COS_YAW_HI_3D
0047A2  1  20 DE 4D     		jsr FP_MUL_L4DD8				;ROLL_SIN * PITCH_SIN * COS_YAW
0047A5  1  86 08        		stx ZP_08
0047A7  1  84 09        		sty ZP_09
0047A9  1               
0047A9  1  A6 2E        		ldx COS_ROLL_LO_2E
0047AB  1  A4 2F        		ldy COS_ROLL_HI_2F
0047AD  1  86 06        		stx MUL_LO_06
0047AF  1  84 07        		sty MUL_HI_07
0047B1  1  A6 3A        		ldx SIN_YAW_LO_3A
0047B3  1  A5 3B        		lda SIN_YAW_HI_3B
0047B5  1  49 01        		eor #$01					; REVERSE SIGN
0047B7  1  A8           		tay
0047B8  1  20 DE 4D     		jsr FP_MUL_L4DD8				; - ROLL_COS * SIN_YAW
0047BB  1               
0047BB  1  A6 08        		ldx ZP_08
0047BD  1  A4 09        		ldy ZP_09
0047BF  1  20 5F 4E     		jsr FP_ADD_L4E59
0047C2  1  86 42        		stx ROTATE_MZ3_LO_42				;MZ3 = sin(rol)*sin(pit)*cos(yaw) - cos(rol)*sin(yaw)
0047C4  1  98           		tya
0047C5  1  45 F1        		eor SPECIAL_VIEW_FLAG_F1
0047C7  1  85 43        		sta ROTATE_MZ3_HI_43
0047C9  1               
0047C9  1               		;
0047C9  1               		;column 2, X2, Y2, Z2
0047C9  1               		;
0047C9  1  A6 2E        		ldx COS_ROLL_LO_2E
0047CB  1  A4 2F        		ldy COS_ROLL_HI_2F
0047CD  1  86 06        		stx MUL_LO_06
0047CF  1  84 07        		sty MUL_HI_07
0047D1  1  A6 34        		ldx SIN_PITCH_LO_34
0047D3  1  A4 35        		ldy SIN_PITCH_HI_35
0047D5  1  20 DE 4D     		jsr FP_MUL_L4DD8
0047D8  1  86 14        		stx ROLL_SIN_MUL_PITCH_SIN_LO_14		;ROLL_COS * PITCH_SIN
0047DA  1  84 15        L47D4:		sty ROLL_SIN_MUL_PITCH_SIN_HI_15
0047DC  1  A6 3A        		ldx SIN_YAW_LO_3A
0047DE  1  A4 3B        		ldy SIN_YAW_HI_3B
0047E0  1  20 DE 4D     		jsr FP_MUL_L4DD8				;ROLL_COS * PITCH_SIN * YAW_SIN
0047E3  1  98           		tya
0047E4  1  49 01        		eor #$01
0047E6  1  86 08        		stx ZP_08
0047E8  1  85 09        		sta ZP_09
0047EA  1               
0047EA  1  A6 2C        		ldx SIN_ROLL_LO_2C
0047EC  1  A4 2D        		ldy SIN_ROLL_HI_2D
0047EE  1  86 06        		stx MUL_LO_06
0047F0  1  84 07        		sty MUL_HI_07
0047F2  1  A6 3C        		ldx COS_YAW_LO_3C
0047F4  1  A4 3D        		ldy COS_YAW_HI_3D
0047F6  1  20 DE 4D     		jsr FP_MUL_L4DD8				;ROLL_SIN * YAW_COS
0047F9  1  A6 08        		ldx ZP_08
0047FB  1  A4 09        		ldy ZP_09
0047FD  1  20 5F 4E     		jsr FP_ADD_L4E59
004800  1  86 44        		stx ROTATE_MX2_LO_44				;MX2 = cos(rol)*sin(pit)*sin(yaw) + sin(rol)*cos(yaw)
004802  1  84 45        		sty ROTATE_MX2_HI_45
004804  1               
004804  1  A6 2E        		ldx COS_ROLL_LO_2E
004806  1  A4 2F        		ldy COS_ROLL_HI_2F
004808  1  86 06        		stx MUL_LO_06
00480A  1  84 07        		sty MUL_HI_07
00480C  1  A6 36        		ldx COS_PITCH_LO_36
00480E  1  A4 37        		ldy COS_PITCH_HI_37
004810  1  20 DE 4D     		jsr FP_MUL_L4DD8				;MY2 = cos(rol)*cos(pit)
004813  1  86 46        		stx ROTATE_MY2_LO_46
004815  1  84 47        		sty ROTATE_MY2_HI_47
004817  1               
004817  1  A6 8A        		ldx L008A
004819  1  A4 8B        		ldy L008B
00481B  1  20 DE 4D     		jsr FP_MUL_L4DD8
00481E  1  98           		tya
00481F  1  49 01        		eor #$01
004821  1  85 07        		sta MUL_HI_07
004823  1  20 4B 4F     		jsr FP_TO_8BIT_4F45
004826  1  18           		clc
004827  1  69 4C        		adc #$4C					;add 80
004829  1  85 8D        		sta L008D
00482B  1               
00482B  1  A2 30        		ldx #$30
00482D  1  A0 19        		ldy #$19
00482F  1  20 5F 4E     		jsr FP_ADD_L4E59
004832  1  86 92        		stx L0092
004834  1  84 93        		sty L0093
004836  1  A2 2E        		ldx #$2E
004838  1  A0 1C        		ldy #$1C
00483A  1  20 5F 4E     		jsr FP_ADD_L4E59
00483D  1  86 94        		stx L0094
00483F  1  84 95        		sty L0095
004841  1               
004841  1  A6 14        		ldx ROLL_SIN_MUL_PITCH_SIN_LO_14
004843  1  A4 15        		ldy ROLL_SIN_MUL_PITCH_SIN_HI_15
004845  1  86 06        		stx MUL_LO_06
004847  1  84 07        		sty MUL_HI_07
004849  1  A6 3C        		ldx COS_YAW_LO_3C
00484B  1  A4 3D        		ldy COS_YAW_HI_3D
00484D  1  20 DE 4D     		jsr FP_MUL_L4DD8				; ROLL_COS * PITCH_SIN * YAW_COS
004850  1  86 08        		stx ZP_08
004852  1  84 09        		sty ZP_09
004854  1               
004854  1  A6 2C        		ldx SIN_ROLL_LO_2C
004856  1  A4 2D        		ldy SIN_ROLL_HI_2D
004858  1  86 06        L4852:		stx MUL_LO_06
00485A  1  84 07        L4854:		sty MUL_HI_07
00485C  1  A6 3A        L4856:		ldx SIN_YAW_LO_3A
00485E  1  A4 3B        		ldy SIN_YAW_HI_3B
004860  1  20 DE 4D     		jsr FP_MUL_L4DD8				; ROLL_SIN * YAW_SIN
004863  1  A6 08        		ldx ZP_08
004865  1  A4 09        		ldy ZP_09
004867  1  20 5F 4E     		jsr FP_ADD_L4E59
00486A  1  98           		tya
00486B  1  49 01        		eor #$01
00486D  1  86 48        		stx ROTATE_MZ2_LO_48				;MZ2 = -(ROLL_SIN * YAW_SIN + ROLL_COS * PITCH_SIN * YAW_COS)
00486F  1  85 49        		sta ROTATE_MZ2_HI_49
004871  1               
004871  1               		;
004871  1               		;column 1, X1, Y1, Z1
004871  1               		;
004871  1  A6 36        		ldx COS_PITCH_LO_36
004873  1  A4 37        		ldy COS_PITCH_HI_37
004875  1  86 06        		stx MUL_LO_06
004877  1  84 07        		sty MUL_HI_07
004879  1  A6 3A        		ldx SIN_YAW_LO_3A
00487B  1  A4 3B        		ldy SIN_YAW_HI_3B
00487D  1  20 DE 4D     		jsr FP_MUL_L4DD8				; (PITCH COS * YAW_SIN)
004880  1  86 4A        		stx ROTATE_MX1_LO_4A				; X1 = cos(pit)*sin(yaw)
004882  1  84 4B        		sty ROTATE_MX1_HI_4B
004884  1               
004884  1  A6 34        		ldx SIN_PITCH_LO_34
004886  1  A4 35        		ldy SIN_PITCH_HI_35
004888  1  86 4C        		stx ROTATE_MY1_LO_4C				; Y1 = sin(pit)
00488A  1  84 4D        		sty ROTATE_MY1_HI_4D
00488C  1               
00488C  1  A6 36        		ldx COS_PITCH_LO_36
00488E  1  A4 37        		ldy COS_PITCH_HI_37
004890  1  86 06        		stx MUL_LO_06
004892  1  84 07        		sty MUL_HI_07
004894  1  A6 3C        		ldx COS_YAW_LO_3C
004896  1  A4 3D        		ldy COS_YAW_HI_3D
004898  1  20 DE 4D     		jsr FP_MUL_L4DD8
00489B  1  86 4E        		stx ROTATE_MZ1_LO_4E				; Z1 = cos(pit)*cos(yaw)
00489D  1  84 4F        		sty ROTATE_MZ1_HI_4F
00489F  1  60           		rts
0048A0  1               
0048A0  1               ROTATE_GROUND_STRUC_L489A:
0048A0  1  A4 9D        		ldy NUM_ROT_POINTS_L009D			;number of points to rotate
0048A2  1  D0 01        		bne L489F
0048A4  1  60           		rts
0048A5  1               
0048A5  1               ;------------------------------------------------------------
0048A5  1               ;
0048A5  1               ;------------------------------------------------------------
0048A5  1  88           L489F:		dey
0048A6  1  84 17        		sty POINT_LINE_COUNT_17
0048A8  1  A4 17        L48A2:		ldy POINT_LINE_COUNT_17
0048AA  1  BE A6 20     		ldx L20A0,Y
0048AD  1  B9 B6 20     		lda L20B0,Y
0048B0  1  86 06        		stx MUL_LO_06
0048B2  1  85 07        		sta MUL_HI_07
0048B4  1  A6 9B        		ldx L009B
0048B6  1  A4 9C        		ldy L009C
0048B8  1  20 DE 4D     		jsr FP_MUL_L4DD8
0048BB  1  86 08        		stx ZP_08
0048BD  1  84 09        		sty ZP_09
0048BF  1  A4 17        		ldy POINT_LINE_COUNT_17
0048C1  1  BE C6 20     		ldx L20C0,Y
0048C4  1  B9 D6 20     		lda L20D0,Y
0048C7  1  49 01        		eor #$01
0048C9  1  86 06        		stx MUL_LO_06
0048CB  1  85 07        		sta MUL_HI_07
0048CD  1  A6 99        		ldx L0099
0048CF  1  A4 9A        		ldy L009A
0048D1  1  20 DE 4D     		jsr FP_MUL_L4DD8
0048D4  1  A6 08        		ldx ZP_08
0048D6  1  A4 09        		ldy ZP_09
0048D8  1  20 5F 4E     		jsr FP_ADD_L4E59
0048DB  1  20 7B 4F     		jsr BIT16_TO_FP_L4F75
0048DE  1  98           		tya
0048DF  1  A4 17        		ldy POINT_LINE_COUNT_17
0048E1  1  99 06 1D     		sta GROUND_STRUCTURE_X_LSB_1D00,Y
0048E4  1  8A           		txa
0048E5  1  18           		clc
0048E6  1  65 9E        		adc L009E
0048E8  1  99 46 1D     		sta GROUND_STRUCTURE_X_MSB_1D40,Y
0048EB  1  BE A6 20     		ldx L20A0,Y
0048EE  1  B9 B6 20     		lda L20B0,Y
0048F1  1  86 06        		stx MUL_LO_06
0048F3  1  85 07        		sta MUL_HI_07
0048F5  1  A6 99        		ldx L0099
0048F7  1  A4 9A        		ldy L009A
0048F9  1  20 DE 4D     		jsr FP_MUL_L4DD8
0048FC  1  86 08        		stx ZP_08
0048FE  1  84 09        		sty ZP_09
004900  1  A4 17        		ldy POINT_LINE_COUNT_17
004902  1  BE C6 20     		ldx L20C0,Y
004905  1  B9 D6 20     		lda L20D0,Y
004908  1  86 06        		stx MUL_LO_06
00490A  1  85 07        		sta MUL_HI_07
00490C  1  A6 9B        		ldx L009B
00490E  1  A4 9C        		ldy L009C
004910  1  20 DE 4D     		jsr FP_MUL_L4DD8
004913  1  A6 08        		ldx ZP_08
004915  1  A4 09        		ldy ZP_09
004917  1  20 5F 4E     		jsr FP_ADD_L4E59
00491A  1  20 7B 4F     		jsr BIT16_TO_FP_L4F75
00491D  1  98           		tya
00491E  1  A4 17        		ldy POINT_LINE_COUNT_17
004920  1  99 06 1E     		sta GROUND_STRUCTURE_Z_LSB_1E00,Y
004923  1  8A           		txa
004924  1  18           		clc
004925  1  65 9F        L491F:		adc L009F
004927  1  99 46 1E     		sta GROUND_STRUCTURE_Z_MSB_1E40,Y
00492A  1  C6 17        		dec POINT_LINE_COUNT_17
00492C  1  30 03        		bmi L492B
00492E  1  4C A8 48     		jmp L48A2
004931  1  60           L492B:		rts
004932  1               
004932  1               ;------------------------------------------------------------
004932  1               ; SETUP_ROTATION_L492C
004932  1               ;------------------------------------------------------------
004932  1               SETUP_ROTATION_L492C:
004932  1               
004932  1  A6 26        		ldx ROLL_LO_26
004934  1  A4 27        		ldy ROLL_HI_27
004936  1  20 F2 4E     		jsr GET_COS_FP_L4EEC				; cos(roll)
004939  1  86 2E        		stx COS_ROLL_LO_2E
00493B  1  84 2F        		sty COS_ROLL_HI_2F
00493D  1               
00493D  1  A6 26        		ldx ROLL_LO_26
00493F  1  A4 27        		ldy ROLL_HI_27
004941  1  20 F3 4E     		jsr GET_SIN_FP_L4EED				; sin(roll)
004944  1  86 2C        		stx SIN_ROLL_LO_2C
004946  1  84 2D        L4940:		sty SIN_ROLL_HI_2D
004948  1               
004948  1  86 06        		stx MUL_LO_06
00494A  1  84 07        		sty MUL_HI_07
00494C  1  A6 2E        		ldx COS_ROLL_LO_2E
00494E  1  A4 2F        L4948:		ldy COS_ROLL_HI_2F
004950  1  20 18 4E     		jsr FP_DIV_L4E12				; sin(roll) / cos(roll)
004953  1  86 30        		stx SIN_DIV_COS_ROLL_LO_30
004955  1  84 31        		sty SIN_DIV_COS_ROLL_HI_31
004957  1               
004957  1  A6 2E        		ldx COS_ROLL_LO_2E
004959  1  A4 2F        L4953:		ldy COS_ROLL_HI_2F
00495B  1  86 06        		stx MUL_LO_06
00495D  1  84 07        		sty MUL_HI_07
00495F  1  A6 2C        		ldx SIN_ROLL_LO_2C
004961  1  A4 2D        		ldy SIN_ROLL_HI_2D
004963  1  20 18 4E     		jsr FP_DIV_L4E12				; cos(roll) / sin(roll)
004966  1  86 32        		stx COS_DIV_SIN_ROLL_LO_32
004968  1  84 33        		sty COS_DIV_SIN_ROLL_HI_33
00496A  1               
00496A  1  A6 28        		ldx PITCH_LO_28
00496C  1  A4 29        		ldy PITCH_HI_29
00496E  1  20 F2 4E     		jsr GET_COS_FP_L4EEC				; cos(pitch)
004971  1  86 36        		stx COS_PITCH_LO_36
004973  1  84 37        		sty COS_PITCH_HI_37
004975  1               
004975  1  A6 28        		ldx PITCH_LO_28
004977  1  A4 29        		ldy PITCH_HI_29
004979  1  20 F3 4E     		jsr GET_SIN_FP_L4EED				; sin(pitch)
00497C  1  86 34        		stx SIN_PITCH_LO_34
00497E  1  84 35        		sty SIN_PITCH_HI_35
004980  1               
004980  1  86 06        		stx MUL_LO_06
004982  1  84 07        		sty MUL_HI_07
004984  1  A6 36        		ldx COS_PITCH_LO_36
004986  1  A4 37        		ldy COS_PITCH_HI_37
004988  1  20 18 4E     		jsr FP_DIV_L4E12				; sin(pitch) / cos(pitch)
00498B  1  86 38        		stx SIN_DIV_COS_PITCH_LO_38
00498D  1  84 39        		sty SIN_DIV_COS_PITCH_HI_39
00498F  1               
00498F  1  A6 2A        		ldx YAW_LO_2A
004991  1  A4 2B        		ldy YAW_HI_2B
004993  1  20 F3 4E     		jsr GET_SIN_FP_L4EED				; sin(yaw)
004996  1  86 3A        		stx SIN_YAW_LO_3A
004998  1  84 3B        		sty SIN_YAW_HI_3B
00499A  1               
00499A  1  A6 2A        		ldx YAW_LO_2A
00499C  1  A4 2B        		ldy YAW_HI_2B
00499E  1  20 F2 4E     		jsr GET_COS_FP_L4EEC				; cos(yaw)
0049A1  1  86 3C        		stx COS_YAW_LO_3C
0049A3  1  84 3D        		sty COS_YAW_HI_3D
0049A5  1               
0049A5  1  A6 97        		ldx L0097
0049A7  1  A4 98        		ldy L0098
0049A9  1  20 F3 4E     		jsr GET_SIN_FP_L4EED
0049AC  1  86 99        		stx L0099
0049AE  1  84 9A        		sty L009A
0049B0  1               
0049B0  1  A6 97        		ldx L0097
0049B2  1  A4 98        		ldy L0098
0049B4  1  20 F2 4E     		jsr GET_COS_FP_L4EEC
0049B7  1  86 9B        		stx L009B
0049B9  1  84 9C        		sty L009C
0049BB  1  60           		rts
0049BC  1               
0049BC  1               ;------------------------------------------------------------
0049BC  1               ;
0049BC  1               ;------------------------------------------------------------
0049BC  1               TRANSLATE_GROUND_STRUCTURE_POINT_L49B6:
0049BC  1               
0049BC  1  A4 17        		ldy POINT_LINE_COUNT_17
0049BE  1  B9 06 1D     		lda GROUND_STRUCTURE_X_LSB_1D00,Y
0049C1  1  38           		sec
0049C2  1  E5 70        		sbc CUR_X_LSB_70
0049C4  1  85 05        		sta TMP_04+1
0049C6  1  B9 46 1D     L49C0:		lda GROUND_STRUCTURE_X_MSB_1D40,Y
0049C9  1  E5 71        		sbc CUR_X_MSB_71
0049CB  1  AA           		tax
0049CC  1  B9 40 9F     		lda GROUND_STRUCTURE_X_HSB_9F40,Y
0049CF  1  E5 72        		sbc CUR_X_HSB_72
0049D1  1  20 E4 4F     		jsr BIT24_TO_FP_L4FDE
0049D4  1  85 50        		sta PNT_X_LO_50
0049D6  1  86 51        		stx PNT_X_HI_51
0049D8  1  B9 86 1D     		lda GROUND_STRUCTURE_Y_LSB_1D80,Y
0049DB  1  38           		sec
0049DC  1  E5 73        		sbc CUR_Y_LSB_73
0049DE  1  85 05        		sta TMP_04+1
0049E0  1  B9 C6 1D     		lda GROUND_STRUCTURE_Y_MSB_1DC0,Y
0049E3  1  E5 74        		sbc CUR_Y_MSB_74
0049E5  1  AA           		tax
0049E6  1  B9 80 9F     		lda GROUND_STRUCTURE_Y_HSB_9F80,Y
0049E9  1  E5 75        		sbc CUR_Y_HSB_75
0049EB  1  20 E4 4F     		jsr BIT24_TO_FP_L4FDE
0049EE  1  85 52        		sta PNT_Y_LO_52
0049F0  1  86 53        		stx PNT_Y_HI_53
0049F2  1  B9 06 1E     		lda GROUND_STRUCTURE_Z_LSB_1E00,Y
0049F5  1  38           		sec
0049F6  1  E5 76        		sbc CUR_Z_LSB_76
0049F8  1  85 05        		sta TMP_04+1
0049FA  1  B9 46 1E     		lda GROUND_STRUCTURE_Z_MSB_1E40,Y
0049FD  1  E5 77        		sbc CUR_Z_MSB_77
0049FF  1  AA           		tax
004A00  1  B9 C0 9F     		lda GROUND_STRUCTURE_Z_HSB_9FC0,Y
004A03  1  E5 78        		sbc CUR_Z_HSB_78
004A05  1  20 E4 4F     L49FF:		jsr BIT24_TO_FP_L4FDE
004A08  1  85 54        		sta PNT_Z_LO_54
004A0A  1  86 55        		stx PNT_Z_HI_55
004A0C  1  60           		rts
004A0D  1               
004A0D  1               ;------------------------------------------------------------
004A0D  1               ;
004A0D  1               ;------------------------------------------------------------
004A0D  1  A4 AB        L4A07:		ldy L00AB
004A0F  1  C8           		iny
004A10  1  B1 1B        		lda (OBJ_SHAPE_PTR_LO_1B),Y
004A12  1  85 CF        		sta L00CF
004A14  1  C8           		iny
004A15  1  B1 1B        		lda (OBJ_SHAPE_PTR_LO_1B),Y
004A17  1  85 D1        		sta L00D1
004A19  1  C8           		iny
004A1A  1  B1 1B        		lda (OBJ_SHAPE_PTR_LO_1B),Y
004A1C  1  85 D3        		sta L00D3
004A1E  1  84 AB        		sty L00AB
004A20  1  20 9B 4A     		jsr L4A95
004A23  1  A5 D5        		lda DIF_X_LSB_D5
004A25  1  18           		clc
004A26  1  65 CF        		adc L00CF
004A28  1  85 05        		sta TMP_04+1
004A2A  1  A5 D6        		lda DIF_X_MSB_D6
004A2C  1  65 D0        		adc L00D0
004A2E  1  AA           		tax
004A2F  1  A5 D7        		lda DIF_X_HSB_D7
004A31  1  69 00        		adc #$00
004A33  1  20 E4 4F     		jsr BIT24_TO_FP_L4FDE
004A36  1  85 50        		sta PNT_X_LO_50
004A38  1  86 51        		stx PNT_X_HI_51
004A3A  1  A5 D8        		lda DIF_Y_LSB_D8
004A3C  1  18           		clc
004A3D  1  65 D1        		adc L00D1
004A3F  1  85 05        		sta TMP_04+1
004A41  1  A5 D9        		lda DIF_Y_MSB_D9
004A43  1  65 D2        		adc L00D2
004A45  1  AA           		tax
004A46  1  A5 DA        		lda DIF_Y_HSB_DA
004A48  1  69 00        		adc #$00
004A4A  1  20 E4 4F     L4A44:		jsr BIT24_TO_FP_L4FDE
004A4D  1  85 52        		sta PNT_Y_LO_52
004A4F  1  86 53        		stx PNT_Y_HI_53
004A51  1  A5 DB        		lda DIF_Z_LSB_DB
004A53  1  18           		clc
004A54  1  65 D3        		adc L00D3
004A56  1  85 05        		sta TMP_04+1
004A58  1  A5 DC        		lda DIF_Z_MSB_DC
004A5A  1  65 D4        		adc L00D4
004A5C  1  AA           		tax
004A5D  1  A5 DD        		lda DIF_Z_HSB_DD
004A5F  1  69 00        		adc #$00
004A61  1  20 E4 4F     		jsr BIT24_TO_FP_L4FDE
004A64  1  85 54        		sta PNT_Z_LO_54
004A66  1  86 55        		stx PNT_Z_HI_55
004A68  1  60           		rts
004A69  1               
004A69  1               ;------------------------------------------------------------
004A69  1               ;
004A69  1               ;------------------------------------------------------------
004A69  1  A8           L4A63:		tay
004A6A  1  A9 00        		lda #$00
004A6C  1  85 05        		sta TMP_04+1
004A6E  1  38           		sec
004A6F  1  A9 80        		lda #$80
004A71  1  E5 71        		sbc CUR_X_MSB_71
004A73  1  AA           		tax
004A74  1  98           		tya
004A75  1  29 0F        		and #$0F
004A77  1  E5 72        		sbc CUR_X_HSB_72
004A79  1  20 E4 4F     		jsr BIT24_TO_FP_L4FDE
004A7C  1  85 50        		sta PNT_X_LO_50
004A7E  1  86 51        		stx PNT_X_HI_51
004A80  1  A9 00        		lda #$00
004A82  1  85 05        		sta TMP_04+1
004A84  1  38           		sec
004A85  1  A9 80        		lda #$80
004A87  1  E5 77        		sbc CUR_Z_MSB_77
004A89  1  AA           		tax
004A8A  1  98           		tya
004A8B  1  08           		php
004A8C  1  4A           		lsr
004A8D  1  4A           		lsr
004A8E  1  4A           		lsr
004A8F  1  4A           		lsr
004A90  1  28           		plp
004A91  1  E5 78        		sbc CUR_Z_HSB_78
004A93  1  20 E4 4F     		jsr BIT24_TO_FP_L4FDE
004A96  1  85 54        		sta PNT_Z_LO_54
004A98  1  86 55        		stx PNT_Z_HI_55
004A9A  1  60           		rts
004A9B  1               
004A9B  1               ;------------------------------------------------------------
004A9B  1               ;
004A9B  1               ;------------------------------------------------------------
004A9B  1  A9 00        L4A95:		lda #$00
004A9D  1  85 D0        		sta L00D0
004A9F  1  85 D2        		sta L00D2
004AA1  1  85 D4        		sta L00D4
004AA3  1  A5 AD        		lda OBJECT_NUMBER_AD
004AA5  1  C9 10        		cmp #$10
004AA7  1  B0 36        		bcs L4AD9
004AA9  1  A6 AD        		ldx OBJECT_NUMBER_AD
004AAB  1  BD A0 70     		lda L70A0,X
004AAE  1  F0 0B        		beq L4AB5
004AB0  1  A6 D3        		ldx L00D3
004AB2  1  A4 CF        		ldy L00CF
004AB4  1  20 16 4B     		jsr L4B10
004AB7  1  86 D3        		stx L00D3
004AB9  1  84 CF        		sty L00CF
004ABB  1  A6 AD        L4AB5:		ldx OBJECT_NUMBER_AD
004ABD  1  BD 90 70     		lda L7090,X
004AC0  1  F0 0B        		beq L4AC7
004AC2  1  A6 D1        		ldx L00D1
004AC4  1  A4 D3        		ldy L00D3
004AC6  1  20 16 4B     		jsr L4B10
004AC9  1  86 D1        		stx L00D1
004ACB  1  84 D3        		sty L00D3
004ACD  1  A6 AD        L4AC7:		ldx OBJECT_NUMBER_AD
004ACF  1  BD 80 70     		lda L7080,X
004AD2  1  F0 0B        		beq L4AD9
004AD4  1  A6 CF        		ldx L00CF
004AD6  1  A4 D1        		ldy L00D1
004AD8  1  20 16 4B     		jsr L4B10
004ADB  1  86 CF        		stx L00CF
004ADD  1  84 D1        		sty L00D1
004ADF  1  A5 CF        L4AD9:		lda L00CF
004AE1  1  49 80        		eor #$80
004AE3  1  0A           		asl
004AE4  1  26 D0        		rol L00D0
004AE6  1  0A           		asl
004AE7  1  26 D0        		rol L00D0
004AE9  1  0A           		asl
004AEA  1  26 D0        		rol L00D0
004AEC  1  0A           		asl
004AED  1  26 D0        		rol L00D0
004AEF  1  85 CF        		sta L00CF
004AF1  1  A5 D1        		lda L00D1
004AF3  1  49 80        		eor #$80
004AF5  1  0A           		asl
004AF6  1  26 D2        		rol L00D2
004AF8  1  0A           		asl
004AF9  1  26 D2        		rol L00D2
004AFB  1  0A           		asl
004AFC  1  26 D2        		rol L00D2
004AFE  1  0A           		asl
004AFF  1  26 D2        		rol L00D2
004B01  1  85 D1        		sta L00D1
004B03  1  A5 D3        		lda L00D3
004B05  1  49 80        L4AFF:		eor #$80
004B07  1  0A           		asl
004B08  1  26 D4        		rol L00D4
004B0A  1  0A           		asl
004B0B  1  26 D4        		rol L00D4
004B0D  1  0A           		asl
004B0E  1  26 D4        		rol L00D4
004B10  1  0A           		asl
004B11  1  26 D4        		rol L00D4
004B13  1  85 D3        		sta L00D3
004B15  1  60           		rts
004B16  1  86 08        L4B10:		stx ZP_08
004B18  1  84 09        		sty ZP_09
004B1A  1  20 08 4F     		jsr L4F02
004B1D  1  AD 3F 29     		lda L2939
004B20  1  A4 09        		ldy ZP_09
004B22  1  20 B7 4D     		jsr L4DB1
004B25  1  85 0A        		sta ZP_0A
004B27  1  AD 40 29     		lda L293A
004B2A  1  A4 08        		ldy ZP_08
004B2C  1  20 B7 4D     		jsr L4DB1
004B2F  1  38           		sec
004B30  1  E5 0A        		sbc ZP_0A
004B32  1  AA           		tax
004B33  1  AD 3F 29     		lda L2939
004B36  1  A4 08        		ldy ZP_08
004B38  1  20 B7 4D     		jsr L4DB1
004B3B  1  85 0A        		sta ZP_0A
004B3D  1  AD 40 29     		lda L293A
004B40  1  A4 09        		ldy ZP_09
004B42  1  20 B7 4D     		jsr L4DB1
004B45  1  18           		clc
004B46  1  65 0A        		adc ZP_0A
004B48  1  A8           		tay
004B49  1  60           		rts
004B4A  1               
004B4A  1               ;------------------------------------------------------------
004B4A  1               ;
004B4A  1               ;------------------------------------------------------------
004B4A  1               ROTATE_PERS_L4B44:
004B4A  1  A5 A6        		lda PLANET_UNDERGROUND_A6
004B4C  1  D0 04        		bne L4B4C
004B4E  1  A5 A7        		lda CRAFT_ID_WALKING_A7
004B50  1  10 03        		bpl ROTATE_XYZ_PERS_L4B4F			;flying
004B52  1               
004B52  1  4C D0 4C     L4B4C:		jmp ROTATE_Y_PERS_L4CCA
004B55  1               
004B55  1               ROTATE_XYZ_PERS_L4B4F:
004B55  1  A6 50        		ldx PNT_X_LO_50
004B57  1  A4 51        		ldy PNT_X_HI_51
004B59  1  86 06        		stx MUL_LO_06
004B5B  1  84 07        		sty MUL_HI_07
004B5D  1  A6 4A        		ldx ROTATE_MX1_LO_4A
004B5F  1  A4 4B        		ldy ROTATE_MX1_HI_4B
004B61  1  20 DE 4D     		jsr FP_MUL_L4DD8
004B64  1  86 08        		stx ZP_08
004B66  1  84 09        		sty ZP_09
004B68  1  A6 52        		ldx PNT_Y_LO_52
004B6A  1  A4 53        		ldy PNT_Y_HI_53
004B6C  1  86 06        		stx MUL_LO_06
004B6E  1  84 07        		sty MUL_HI_07
004B70  1  A6 4C        		ldx ROTATE_MY1_LO_4C
004B72  1  A4 4D        		ldy ROTATE_MY1_HI_4D
004B74  1  20 DE 4D     		jsr FP_MUL_L4DD8
004B77  1  86 0A        		stx ZP_0A
004B79  1  84 0B        		sty ZP_0B
004B7B  1  A6 54        		ldx PNT_Z_LO_54
004B7D  1  A4 55        		ldy PNT_Z_HI_55
004B7F  1  86 06        		stx MUL_LO_06
004B81  1  84 07        		sty MUL_HI_07
004B83  1  A6 4E        		ldx ROTATE_MZ1_LO_4E
004B85  1  A4 4F        		ldy ROTATE_MZ1_HI_4F
004B87  1  20 DE 4D     		jsr FP_MUL_L4DD8
004B8A  1  A6 0A        		ldx ZP_0A
004B8C  1  A4 0B        		ldy ZP_0B
004B8E  1  20 5F 4E     		jsr FP_ADD_L4E59
004B91  1  A6 08        		ldx ZP_08
004B93  1  A4 09        		ldy ZP_09
004B95  1  20 5F 4E     		jsr FP_ADD_L4E59
004B98  1  86 5A        		stx Z_ROTATION_LO_5A
004B9A  1  84 5B        		sty Z_ROTATION_HI_5B
004B9C  1  98           		tya
004B9D  1  29 01        		and #$01
004B9F  1  4A           		lsr
004BA0  1  6A           		ror
004BA1  1  85 6C        		sta POINT_CLASSIFY_ST_6C
004BA3  1  A6 50        		ldx PNT_X_LO_50
004BA5  1  A4 51        		ldy PNT_X_HI_51
004BA7  1  86 06        		stx MUL_LO_06
004BA9  1  84 07        		sty MUL_HI_07
004BAB  1  A6 3E        		ldx ROTATE_MX3_LO_3E
004BAD  1  A4 3F        		ldy ROTATE_MX3_HI_3F
004BAF  1  20 DE 4D     		jsr FP_MUL_L4DD8
004BB2  1  86 08        		stx ZP_08
004BB4  1  84 09        		sty ZP_09
004BB6  1  A6 52        		ldx PNT_Y_LO_52
004BB8  1  A4 53        		ldy PNT_Y_HI_53
004BBA  1  86 06        		stx MUL_LO_06
004BBC  1  84 07        		sty MUL_HI_07
004BBE  1  A6 40        		ldx ROTATE_MY3_LO_40
004BC0  1  A4 41        		ldy ROTATE_MY3_HI_41
004BC2  1  20 DE 4D     		jsr FP_MUL_L4DD8
004BC5  1  86 0A        		stx ZP_0A
004BC7  1  84 0B        		sty ZP_0B
004BC9  1  A6 54        		ldx PNT_Z_LO_54
004BCB  1  A4 55        		ldy PNT_Z_HI_55
004BCD  1  86 06        		stx MUL_LO_06
004BCF  1  84 07        		sty MUL_HI_07
004BD1  1  A6 42        		ldx ROTATE_MZ3_LO_42
004BD3  1  A4 43        		ldy ROTATE_MZ3_HI_43
004BD5  1  20 DE 4D     		jsr FP_MUL_L4DD8
004BD8  1  A6 0A        		ldx ZP_0A
004BDA  1  A4 0B        		ldy ZP_0B
004BDC  1  20 5F 4E     		jsr FP_ADD_L4E59
004BDF  1  A6 08        		ldx ZP_08
004BE1  1  A4 09        		ldy ZP_09
004BE3  1  20 5F 4E     		jsr FP_ADD_L4E59
004BE6  1  86 56        		stx X_ROTATION_LO_56
004BE8  1  84 57        		sty X_ROTATION_HI_57
004BEA  1  A5 6C        		lda POINT_CLASSIFY_ST_6C
004BEC  1  D0 23        		bne L4C0B
004BEE  1  A6 5A        		ldx Z_ROTATION_LO_5A
004BF0  1  A4 5B        		ldy Z_ROTATION_HI_5B
004BF2  1  20 18 4E     		jsr FP_DIV_L4E12
004BF5  1  86 5C        L4BEF:		stx H_PERS_FP_LO_ST_5C
004BF7  1  84 5D        		sty H_PERS_FP_HI_ST_5D
004BF9  1  98           		tya
004BFA  1  18           		clc
004BFB  1  65 1F        		adc FOCUS_1F
004BFD  1  70 0E        		bvs L4C07
004BFF  1  A8           		tay
004C00  1  20 4B 4F     		jsr FP_TO_8BIT_4F45
004C03  1  B0 08        		bcs L4C07
004C05  1  65 8C        L4BFF:		adc L008C
004C07  1  85 68        		sta LINE_START_HOR_68
004C09  1  C9 A0        		cmp #$A0
004C0B  1  90 04        		bcc L4C0B
004C0D  1  A9 01        L4C07:		lda #$01
004C0F  1  85 6C        		sta POINT_CLASSIFY_ST_6C
004C11  1  A6 50        L4C0B:		ldx PNT_X_LO_50
004C13  1  A4 51        		ldy PNT_X_HI_51
004C15  1  86 06        		stx MUL_LO_06
004C17  1  84 07        		sty MUL_HI_07
004C19  1  A6 44        		ldx ROTATE_MX2_LO_44
004C1B  1  A4 45        		ldy ROTATE_MX2_HI_45
004C1D  1  20 DE 4D     		jsr FP_MUL_L4DD8
004C20  1  86 08        		stx ZP_08
004C22  1  84 09        		sty ZP_09
004C24  1  A6 52        		ldx PNT_Y_LO_52
004C26  1  A4 53        		ldy PNT_Y_HI_53
004C28  1  86 06        		stx MUL_LO_06
004C2A  1  84 07        		sty MUL_HI_07
004C2C  1  A6 46        		ldx ROTATE_MY2_LO_46
004C2E  1  A4 47        		ldy ROTATE_MY2_HI_47
004C30  1  20 DE 4D     		jsr FP_MUL_L4DD8
004C33  1  86 0A        		stx ZP_0A
004C35  1  84 0B        		sty ZP_0B
004C37  1  A6 54        		ldx PNT_Z_LO_54
004C39  1  A4 55        		ldy PNT_Z_HI_55
004C3B  1  86 06        		stx MUL_LO_06
004C3D  1  84 07        		sty MUL_HI_07
004C3F  1  A6 48        		ldx ROTATE_MZ2_LO_48
004C41  1  A4 49        		ldy ROTATE_MZ2_HI_49
004C43  1  20 DE 4D     L4C3D:		jsr FP_MUL_L4DD8
004C46  1  A6 0A        		ldx ZP_0A
004C48  1  A4 0B        		ldy ZP_0B
004C4A  1  20 5F 4E     		jsr FP_ADD_L4E59
004C4D  1  A6 08        		ldx ZP_08
004C4F  1  A4 09        		ldy ZP_09
004C51  1  20 5F 4E     		jsr FP_ADD_L4E59
004C54  1  86 58        L4C4E:		stx Y_ROTATION_LO_58
004C56  1  98           L4C50:		tya
004C57  1  18           		clc
004C58  1  69 04        		adc #$04
004C5A  1  70 01        		bvs L4C57
004C5C  1  A8           		tay
004C5D  1  84 59        L4C57:		sty Y_ROTATION_HI_59
004C5F  1  84 07        		sty MUL_HI_07
004C61  1  A5 6C        		lda POINT_CLASSIFY_ST_6C
004C63  1  30 25        		bmi L4C84
004C65  1  A6 5A        		ldx Z_ROTATION_LO_5A
004C67  1  A4 5B        		ldy Z_ROTATION_HI_5B
004C69  1  20 18 4E     		jsr FP_DIV_L4E12
004C6C  1  86 5E        		stx V_PERS_FP_LO_ST_5E
004C6E  1  84 5F        		sty V_PERS_FP_HI_ST_5F
004C70  1  98           		tya
004C71  1  18           		clc
004C72  1  65 1F        		adc FOCUS_1F
004C74  1  70 0E        		bvs L4C7E
004C76  1  A8           		tay
004C77  1  20 4B 4F     		jsr FP_TO_8BIT_4F45
004C7A  1  B0 08        		bcs L4C7E
004C7C  1  65 8D        		adc L008D
004C7E  1  85 69        		sta LINE_START_VER_69
004C80  1  C9 98        		cmp #$98
004C82  1  90 06        		bcc L4C84
004C84  1  A5 6C        L4C7E:		lda POINT_CLASSIFY_ST_6C
004C86  1  09 02        		ora #$02
004C88  1  85 6C        		sta POINT_CLASSIFY_ST_6C
004C8A  1  A4 17        L4C84:		ldy POINT_LINE_COUNT_17
004C8C  1  A5 6C        		lda POINT_CLASSIFY_ST_6C
004C8E  1  99 00 9F     		sta POINT_CLASS_L9F00,Y
004C91  1  30 1E        		bmi L4CAB
004C93  1  A5 5C        		lda H_PERS_FP_LO_ST_5C
004C95  1  99 C0 9D     		sta H_PERS_FP_LO_L9DC0,Y
004C98  1  A5 5D        		lda H_PERS_FP_HI_ST_5D
004C9A  1  99 80 9D     		sta H_PERS_FP_HI_L9D80,Y
004C9D  1  A5 5E        		lda V_PERS_FP_LO_ST_5E
004C9F  1  99 00 9E     		sta V_PERS_FP_LO_L9E00,Y
004CA2  1  A5 5F        		lda V_PERS_FP_HI_ST_5F
004CA4  1  99 40 9E     		sta V_PERS_FP_HI_L9E40,Y
004CA7  1  A5 68        		lda LINE_START_HOR_68
004CA9  1  99 80 9E     		sta HOR_SCREEN_POS_9E80,Y
004CAC  1  A5 69        		lda LINE_START_VER_69
004CAE  1  99 C0 9E     		sta VER_SCREEN_POS_9EC0,Y
004CB1  1  A5 56        L4CAB:		lda X_ROTATION_LO_56
004CB3  1  99 00 9C     		sta X_ROT_TAB_LO_L9C00,Y
004CB6  1  A5 57        		lda X_ROTATION_HI_57
004CB8  1  99 40 9C     		sta X_ROT_TAB_HI_L9C40,Y
004CBB  1  A5 58        		lda Y_ROTATION_LO_58
004CBD  1  99 80 9C     		sta Y_ROT_TAB_LO_L9C80,Y
004CC0  1  A5 59        		lda Y_ROTATION_HI_59
004CC2  1  99 C0 9C     		sta Y_ROT_TAB_HI_L9CC0,Y
004CC5  1  A5 5A        		lda Z_ROTATION_LO_5A
004CC7  1  99 00 9D     		sta Z_ROT_TAB_LO_L9D00,Y
004CCA  1  A5 5B        		lda Z_ROTATION_HI_5B
004CCC  1  99 40 9D     L4CC6:		sta Z_ROT_TAB_HI_L9D40,Y
004CCF  1  60           		rts
004CD0  1               
004CD0  1               ;------------------------------------------------------------
004CD0  1               ;
004CD0  1               ;------------------------------------------------------------
004CD0  1               ROTATE_Y_PERS_L4CCA:
004CD0  1  A6 50        		ldx PNT_X_LO_50
004CD2  1  A4 51        		ldy PNT_X_HI_51
004CD4  1  86 06        		stx MUL_LO_06
004CD6  1  84 07        		sty MUL_HI_07
004CD8  1  A6 3A        		ldx SIN_YAW_LO_3A
004CDA  1  A4 3B        		ldy SIN_YAW_HI_3B
004CDC  1  20 DE 4D     		jsr FP_MUL_L4DD8
004CDF  1  86 08        		stx ZP_08
004CE1  1  84 09        		sty ZP_09
004CE3  1  A6 54        		ldx PNT_Z_LO_54
004CE5  1  A4 55        		ldy PNT_Z_HI_55
004CE7  1  86 06        		stx MUL_LO_06
004CE9  1  84 07        		sty MUL_HI_07
004CEB  1  A6 3C        		ldx COS_YAW_LO_3C
004CED  1  A4 3D        		ldy COS_YAW_HI_3D
004CEF  1  20 DE 4D     		jsr FP_MUL_L4DD8
004CF2  1  A6 08        		ldx ZP_08
004CF4  1  A4 09        		ldy ZP_09
004CF6  1  20 5F 4E     		jsr FP_ADD_L4E59
004CF9  1  86 5A        		stx Z_ROTATION_LO_5A
004CFB  1  98           		tya
004CFC  1  49 01        		eor #$01
004CFE  1  85 5B        		sta Z_ROTATION_HI_5B
004D00  1  29 01        		and #$01
004D02  1  4A           		lsr
004D03  1  6A           		ror
004D04  1  85 6C        L4CFE:		sta POINT_CLASSIFY_ST_6C
004D06  1  A6 50        		ldx PNT_X_LO_50
004D08  1  A4 51        		ldy PNT_X_HI_51
004D0A  1  86 06        		stx MUL_LO_06
004D0C  1  84 07        		sty MUL_HI_07
004D0E  1  A6 3C        		ldx COS_YAW_LO_3C
004D10  1  A4 3D        		ldy COS_YAW_HI_3D
004D12  1  20 DE 4D     		jsr FP_MUL_L4DD8
004D15  1  86 08        		stx ZP_08
004D17  1  84 09        		sty ZP_09
004D19  1  A6 54        		ldx PNT_Z_LO_54
004D1B  1  A5 55        		lda PNT_Z_HI_55
004D1D  1  86 06        		stx MUL_LO_06
004D1F  1  49 01        		eor #$01
004D21  1  85 07        		sta MUL_HI_07
004D23  1  A6 3A        		ldx SIN_YAW_LO_3A
004D25  1  A4 3B        L4D1F:		ldy SIN_YAW_HI_3B
004D27  1  20 DE 4D     		jsr FP_MUL_L4DD8
004D2A  1  A6 08        		ldx ZP_08
004D2C  1  A4 09        		ldy ZP_09
004D2E  1  20 5F 4E     		jsr FP_ADD_L4E59
004D31  1  86 56        		stx X_ROTATION_LO_56
004D33  1  98           		tya
004D34  1  45 F1        		eor SPECIAL_VIEW_FLAG_F1
004D36  1  85 57        		sta X_ROTATION_HI_57
004D38  1  A4 6C        		ldy POINT_CLASSIFY_ST_6C
004D3A  1  D0 25        		bne L4D5B
004D3C  1  85 07        		sta MUL_HI_07
004D3E  1  A6 5A        		ldx Z_ROTATION_LO_5A
004D40  1  A4 5B        		ldy Z_ROTATION_HI_5B
004D42  1  20 18 4E     		jsr FP_DIV_L4E12
004D45  1  86 5C        L4D3F:		stx H_PERS_FP_LO_ST_5C
004D47  1  84 5D        L4D41:		sty H_PERS_FP_HI_ST_5D
004D49  1  98           		tya
004D4A  1  18           		clc
004D4B  1  65 1F        		adc FOCUS_1F
004D4D  1  70 0E        		bvs L4D57
004D4F  1  A8           		tay
004D50  1  20 4B 4F     		jsr FP_TO_8BIT_4F45
004D53  1  B0 08        		bcs L4D57
004D55  1  65 8C        		adc L008C
004D57  1  85 68        		sta LINE_START_HOR_68
004D59  1  C9 A0        		cmp #$A0
004D5B  1  90 04        L4D55:		bcc L4D5B
004D5D  1  A9 01        L4D57:		lda #$01
004D5F  1  85 6C        		sta POINT_CLASSIFY_ST_6C
004D61  1  A6 52        L4D5B:		ldx PNT_Y_LO_52
004D63  1  A5 53        		lda PNT_Y_HI_53
004D65  1  49 01        		eor #$01
004D67  1  A8           		tay
004D68  1  86 06        		stx MUL_LO_06
004D6A  1  84 07        		sty MUL_HI_07
004D6C  1  4C 54 4C     		jmp L4C4E
004D6F  1               
004D6F  1               ;------------------------------------------------------------
004D6F  1               ;
004D6F  1               ;------------------------------------------------------------
004D6F  1  BD 06 22     		lda LOG_TAB_L2200,X
004D72  1  0A           		asl
004D73  1  AA           		tax
004D74  1  98           		tya
004D75  1  29 FC        		and #$FC
004D77  1  69 01        		adc #$01
004D79  1  0A           		asl
004D7A  1  29 FC        		and #$FC
004D7C  1  A8           		tay
004D7D  1  BD 06 23     		lda EXP_TAB_2300,X
004D80  1  AA           		tax
004D81  1  86 06        		stx MUL_LO_06
004D83  1  84 07        		sty MUL_HI_07
004D85  1  60           		rts
004D86  1               
004D86  1               ;------------------------------------------------------------
004D86  1               ;
004D86  1               ;------------------------------------------------------------
004D86  1  98           		tya
004D87  1  0A           		asl
004D88  1  98           		tya
004D89  1  6A           		ror
004D8A  1  4A           		lsr
004D8B  1  4A           		lsr
004D8C  1  A8           		tay
004D8D  1  BD 06 22     		lda LOG_TAB_L2200,X
004D90  1  6A           		ror
004D91  1  AA           		tax
004D92  1  BD 06 23     		lda EXP_TAB_2300,X
004D95  1  AA           		tax
004D96  1  98           		tya
004D97  1  0A           		asl
004D98  1  0A           		asl
004D99  1  A8           		tay
004D9A  1  86 06        		stx MUL_LO_06
004D9C  1  84 07        		sty MUL_HI_07
004D9E  1  60           		rts
004D9F  1               
004D9F  1               ;------------------------------------------------------------
004D9F  1               ; A:Y = A*Y
004D9F  1               ;------------------------------------------------------------
004D9F  1               A_TIMES_Y_4D99:
004D9F  1  85 06        		sta MUL_LO_06
004DA1  1  84 07        		sty MUL_HI_07
004DA3  1               
004DA3  1  A0 08        		ldy #$08
004DA5  1  A9 00        		lda #$00
004DA7  1  66 07        L4DA1:		ror MUL_HI_07
004DA9  1  90 03        		bcc L4DA8
004DAB  1  18           		clc
004DAC  1  65 06        		adc MUL_LO_06
004DAE  1  6A           L4DA8:		ror
004DAF  1  66 04        		ror TMP_04
004DB1  1  88           		dey
004DB2  1  D0 F3        		bne L4DA1
004DB4  1               
004DB4  1  A4 04        		ldy TMP_04
004DB6  1  60           		rts
004DB7  1               
004DB7  1               ;------------------------------------------------------------
004DB7  1               ;
004DB7  1               ;------------------------------------------------------------
004DB7  1  85 04        L4DB1:		sta TMP_04
004DB9  1  98           		tya
004DBA  1  45 04        		eor TMP_04
004DBC  1  85 05        		sta TMP_04+1
004DBE  1  98           		tya
004DBF  1  10 05        		bpl L4DC0
004DC1  1  49 FF        		eor #$FF
004DC3  1  18           		clc
004DC4  1  69 01        		adc #$01
004DC6  1  0A           L4DC0:		asl
004DC7  1  A8           		tay
004DC8  1  A5 04        		lda TMP_04
004DCA  1  10 05        		bpl L4DCB
004DCC  1  49 FF        		eor #$FF
004DCE  1  18           		clc
004DCF  1  69 01        		adc #$01
004DD1  1  20 9F 4D     L4DCB:		jsr A_TIMES_Y_4D99
004DD4  1  A4 05        		ldy TMP_04+1
004DD6  1  10 05        		bpl L4DD7
004DD8  1  49 FF        		eor #$FF
004DDA  1  18           		clc
004DDB  1  69 01        		adc #$01
004DDD  1  60           L4DD7:		rts
004DDE  1               
004DDE  1               ;------------------------------------------------------------
004DDE  1               ; Floating Point Multiplication
004DDE  1               ; Y:X and $7:$6 = Y:X * $07:$06
004DDE  1               ;------------------------------------------------------------
004DDE  1  BD 06 22     FP_MUL_L4DD8:	lda LOG_TAB_L2200,X
004DE1  1  A6 06        		ldx MUL_LO_06
004DE3  1  18           		clc
004DE4  1  7D 06 22     		adc LOG_TAB_L2200,X
004DE7  1  AA           		tax
004DE8  1  98           		tya
004DE9  1  90 02        		bcc L4DE7
004DEB  1  69 03        L4DE5:		adc #$03
004DED  1  18           L4DE7:		clc
004DEE  1  65 07        L4DE8:		adc MUL_HI_07
004DF0  1  70 0C        		bvs MATH_LIMIT_L4DF8
004DF2  1  29 FD        		and #$FD
004DF4  1  85 07        		sta MUL_HI_07
004DF6  1  A8           		tay
004DF7  1  BD 06 23     		lda EXP_TAB_2300,X
004DFA  1  AA           		tax
004DFB  1  85 06        		sta MUL_LO_06
004DFD  1  60           		rts
004DFE  1               
004DFE  1               MATH_LIMIT_L4DF8:
004DFE  1  10 0C        		bpl L4E06
004E00  1  29 01        		and #$01
004E02  1  09 78        		ora #$78
004E04  1  A8           		tay
004E05  1  A2 00        L4DFF:		ldx #$00
004E07  1  86 06        		stx MUL_LO_06
004E09  1  84 07        		sty MUL_HI_07
004E0B  1  60           		rts
004E0C  1               
004E0C  1  29 01        L4E06:		and #$01
004E0E  1  09 84        		ora #$84
004E10  1  A8           L4E0A:		tay
004E11  1  A2 00        		ldx #$00
004E13  1  86 06        L4E0D:		stx MUL_LO_06
004E15  1  84 07        		sty MUL_HI_07
004E17  1  60           		rts
004E18  1               
004E18  1               
004E18  1               ;------------------------------------------------------------
004E18  1               ; Floating Point Division
004E18  1               ; Y:X = $07:$06 / X:Y
004E18  1               ;------------------------------------------------------------
004E18  1               FP_DIV_L4E12:
004E18  1  86 04        		stx TMP_04
004E1A  1  A6 06        		ldx MUL_LO_06
004E1C  1  BD 06 22     		lda LOG_TAB_L2200,X
004E1F  1  A6 04        		ldx TMP_04
004E21  1  38           		sec
004E22  1  FD 06 22     		sbc LOG_TAB_L2200,X
004E25  1  AA           		tax
004E26  1  98           		tya
004E27  1  49 FC        		eor #$FC
004E29  1  90 C3        		bcc L4DE8
004E2B  1  B0 BE        		bcs L4DE5
004E2D  1  A5 16        L4E27:		lda ROLL_SIN_MUL_PITCH_SIN_HI_15+1
004E2F  1  4A           		lsr
004E30  1  B0 15        		bcs L4E41
004E32  1  8A           		txa
004E33  1  65 06        		adc MUL_LO_06
004E35  1  6A           		ror
004E36  1  C8           		iny
004E37  1  C8           		iny
004E38  1  C8           		iny
004E39  1  C8           		iny
004E3A  1  AA           		tax
004E3B  1  85 06        		sta MUL_LO_06
004E3D  1  84 07        		sty MUL_HI_07
004E3F  1  60           		rts
004E40  1  98           L4E3A:		tya
004E41  1  0A           		asl
004E42  1  90 5C        		bcc L4E9A
004E44  1  4C ED 4E     		jmp L4EE7
004E47  1               
004E47  1  8A           L4E41:		txa
004E48  1  E5 06        		sbc MUL_LO_06
004E4A  1  F0 0B        L4E44:		beq L4E51
004E4C  1  B0 5B        		bcs L4EA3
004E4E  1  A4 07        L4E48:		ldy MUL_HI_07
004E50  1  49 FF        		eor #$FF
004E52  1  69 01        L4E4C:		adc #$01
004E54  1  4C A9 4E     L4E4E:		jmp L4EA3
004E57  1               
004E57  1  98           L4E51:		tya
004E58  1  38           		sec
004E59  1  E9 24        		sbc #$24
004E5B  1  70 AF        L4E55:		bvs L4E06
004E5D  1  50 B1        		bvc L4E0A
004E5F  1               
004E5F  1               ;------------------------------------------------------------
004E5F  1               ; Floating Point Addition
004E5F  1               ; Y:X = $07:$06 / Y:X
004E5F  1               ;------------------------------------------------------------
004E5F  1               FP_ADD_L4E59:
004E5F  1  98           		tya
004E60  1  38           		sec
004E61  1  E5 07        		sbc MUL_HI_07
004E63  1  70 DB        		bvs L4E3A
004E65  1  85 16        		sta ROLL_SIN_MUL_PITCH_SIN_HI_15+1
004E67  1  69 01        		adc #$01
004E69  1  70 D5        		bvs L4E3A
004E6B  1  30 5C        		bmi L4EC3
004E6D  1  4A           		lsr
004E6E  1  4A           		lsr
004E6F  1  F0 BC        		beq L4E27
004E71  1  C9 09        		cmp #$09
004E73  1  B0 2B        		bcs L4E9A
004E75  1  49 0F        		eor #$0F
004E77  1  8D 7F 4E     		sta L4E78+1
004E7A  1  A5 06        		lda MUL_LO_06
004E7C  1  38           		sec
004E7D  1  6A           		ror
004E7E  1  D0 07        L4E78:		bne L4E81
004E80  1  EA           		nop
004E81  1  EA           		nop
004E82  1  EA           		nop
004E83  1  EA           		nop
004E84  1  EA           		nop
004E85  1  EA           		nop
004E86  1  EA           		nop
004E87  1  4A           L4E81:		lsr
004E88  1  4A           		lsr
004E89  1  4A           		lsr
004E8A  1  4A           		lsr
004E8B  1  4A           		lsr
004E8C  1  4A           		lsr
004E8D  1  4A           		lsr
004E8E  1  85 04        		sta TMP_04
004E90  1  A5 16        		lda ROLL_SIN_MUL_PITCH_SIN_HI_15+1
004E92  1  4A           		lsr
004E93  1  8A           		txa
004E94  1  B0 0F        		bcs L4E9F
004E96  1  65 04        L4E90:		adc TMP_04
004E98  1  90 05        		bcc L4E99
004E9A  1  4A           		lsr
004E9B  1  C8           		iny
004E9C  1  C8           		iny
004E9D  1  C8           		iny
004E9E  1  C8           		iny
004E9F  1  AA           L4E99:		tax
004EA0  1  86 06        L4E9A:		stx MUL_LO_06
004EA2  1  84 07        		sty MUL_HI_07
004EA4  1  60           		rts
004EA5  1  E5 04        L4E9F:		sbc TMP_04
004EA7  1  B0 F6        		bcs L4E99
004EA9  1  84 04        L4EA3:		sty TMP_04
004EAB  1  A0 00        		ldy #$00
004EAD  1  0A           L4EA7:		asl
004EAE  1  88           		dey
004EAF  1  90 FC        		bcc L4EA7
004EB1  1  AA           		tax
004EB2  1  98           		tya
004EB3  1  0A           		asl
004EB4  1  0A           		asl
004EB5  1  18           		clc
004EB6  1  65 04        		adc TMP_04
004EB8  1  70 06        		bvs L4EBA
004EBA  1  A8           		tay
004EBB  1  86 06        		stx MUL_LO_06
004EBD  1  84 07        		sty MUL_HI_07
004EBF  1  60           		rts
004EC0  1               
004EC0  1               ;------------------------------------------------------------
004EC0  1               ;
004EC0  1               ;------------------------------------------------------------
004EC0  1  A2 00        L4EBA:		ldx #$00
004EC2  1  A0 84        		ldy #$84
004EC4  1  86 06        		stx MUL_LO_06
004EC6  1  84 07        		sty MUL_HI_07
004EC8  1  60           		rts
004EC9  1  C9 E0        L4EC3:		cmp #$E0
004ECB  1  90 20        		bcc L4EE7
004ECD  1  4A           		lsr
004ECE  1  4A           		lsr
004ECF  1  29 07        		and #$07
004ED1  1  8D D8 4E     		sta L4ED1+1
004ED4  1  8A           		txa
004ED5  1  38           		sec
004ED6  1  6A           		ror
004ED7  1  D0 03        L4ED1:		bne L4ED6
004ED9  1  4A           		lsr
004EDA  1  4A           		lsr
004EDB  1  4A           		lsr
004EDC  1  4A           L4ED6:		lsr
004EDD  1  4A           		lsr
004EDE  1  4A           		lsr
004EDF  1  4A           		lsr
004EE0  1  85 04        		sta TMP_04
004EE2  1  A4 07        		ldy MUL_HI_07
004EE4  1  A5 16        		lda ROLL_SIN_MUL_PITCH_SIN_HI_15+1
004EE6  1  4A           		lsr
004EE7  1  A5 06        		lda MUL_LO_06
004EE9  1  90 AB        		bcc L4E90
004EEB  1  B0 B8        		bcs L4E9F
004EED  1  A6 06        L4EE7:		ldx MUL_LO_06
004EEF  1  A4 07        		ldy MUL_HI_07
004EF1  1  60           		rts
004EF2  1               
004EF2  1               ;------------------------------------------------------------
004EF2  1               ; X: angle_lo
004EF2  1               ; Y: angle_hi
004EF2  1               ;------------------------------------------------------------
004EF2  1               GET_COS_FP_L4EEC:
004EF2  1  C8           		iny
004EF3  1               GET_SIN_FP_L4EED:
004EF3  1  98           		tya
004EF4  1  4A           		lsr						;y / 2
004EF5  1  90 06        		bcc L4EF7					;low bit zero, flip between sin & cos
004EF7  1  8A           		txa						;invert low
004EF8  1  49 FF        		eor #$FF
004EFA  1  AA           		tax
004EFB  1  98           		tya
004EFC  1  4A           		lsr
004EFD  1  29 01        L4EF7:		and #$01					;mask low-bit
004EFF  1  1D 06 25     		ora SIN_HSB,X
004F02  1  A8           		tay
004F03  1  BD 06 24     		lda SIN_LSB,X					;$2400
004F06  1  AA           		tax
004F07  1  60           		rts
004F08  1               
004F08  1               ;------------------------------------------------------------
004F08  1               ;
004F08  1               ;------------------------------------------------------------
004F08  1  20 19 4F     L4F02:		jsr L4F13
004F0B  1  8D 3F 29     		sta L2939
004F0E  1  98           		tya
004F0F  1  20 16 4F     		jsr L4F10
004F12  1  8D 40 29     		sta L293A
004F15  1  60           		rts
004F16  1               
004F16  1               ;------------------------------------------------------------
004F16  1               ;
004F16  1               ;------------------------------------------------------------
004F16  1  18           L4F10:		clc
004F17  1  69 10        		adc #$10
004F19  1  29 3F        L4F13:		and #$3F
004F1B  1  A8           		tay
004F1C  1  29 1F        		and #$1F
004F1E  1  AA           		tax
004F1F  1  BD 2B 4F     		lda L4F25,X
004F22  1  C0 20        		cpy #$20
004F24  1  90 04        		bcc L4F24
004F26  1  49 FF        L4F20:		eor #$FF
004F28  1  69 00        		adc #$00
004F2A  1  60           L4F24:		rts
004F2B  1               
004F2B  1               ;------------------------------------------------------------
004F2B  1               ;
004F2B  1               ;------------------------------------------------------------
004F2B  1  00 0C        L4F25:		.byte $00,$0C
004F2D  1  19 25 31     		.byte $19,$25,$31
004F30  1  3C 47        		.byte $3C,$47
004F32  1  51 5A        		.byte $51,$5A
004F34  1  62           		.byte $62
004F35  1  6A           		.byte $6A
004F36  1  70 75        		.byte $70,$75
004F38  1  7A           		.byte $7A
004F39  1  7D 7E 7F     		.byte $7D,$7E,$7F
004F3C  1  7E 7D 7A     		.byte $7E,$7D,$7A
004F3F  1  75 70        		.byte $75,$70
004F41  1  6A           		.byte $6A
004F42  1  62 5A        		.byte $62,$5A
004F44  1  51 47        		.byte $51,$47
004F46  1  3C           		.byte $3C
004F47  1  31 25        L4F41:		.byte $31,$25
004F49  1  19 0C        L4F43:		.byte $19,$0C
004F4B  1               
004F4B  1               ;------------------------------------------------------------
004F4B  1               ;
004F4B  1               ;------------------------------------------------------------
004F4B  1               FP_TO_8BIT_4F45:
004F4B  1  98           		tya
004F4C  1  30 25        		bmi L4F6D
004F4E  1  4A           		lsr A
004F4F  1  4A           		lsr A
004F50  1  C9 07        		cmp #$07
004F52  1  B0 26        		bcs L4F74
004F54  1  8D 55 4F     		sta L4F55
004F57  1  8A           		txa
004F58  1  38           		sec
004F59  1  6A           		ror A
004F5A  1  D0 05        		bne L4F5B
004F5C  1  4A           		lsr A
004F5D  1  4A           		lsr A
004F5E  1  4A           		lsr A
004F5F  1  4A           		lsr A
004F60  1  4A           		lsr A
004F61  1  4A           L4F5B:		lsr A
004F62  1  4A           		lsr A
004F63  1  69 00        L4F5D:		adc #$00
004F65  1  30 12        		bmi L4F73
004F67  1  AA           		tax
004F68  1  98           		tya
004F69  1  4A           		lsr A
004F6A  1  8A           		txa
004F6B  1  90 05        		bcc L4F6C
004F6D  1  49 FF        		eor #$FF
004F6F  1  69 00        		adc #$00
004F71  1  18           		clc
004F72  1  60           L4F6C:		rts
004F73  1  C9 FC        L4F6D:		cmp #$FC
004F75  1  A9 00        		lda #$00
004F77  1  F0 EA        		beq L4F5D
004F79  1  38           L4F73:		sec
004F7A  1  60           L4F74:		rts
004F7B  1               
004F7B  1               L4F54		= $4F54
004F7B  1               L4F55		= $4F55
004F7B  1               L4F4C           = $4F4C
004F7B  1               L4F59           = $4F59
004F7B  1               L4F46           = $4F46
004F7B  1               L4F48		= $4F48
004F7B  1               L4F4E		= $4F4E
004F7B  1               
004F7B  1               ;------------------------------------------------------------
004F7B  1               ; BIT16_TO_FP
004F7B  1               ;------------------------------------------------------------
004F7B  1               BIT16_TO_FP_L4F75:
004F7B  1  98           		tya
004F7C  1  30 57        		bmi L4FCF
004F7E  1  4A           		lsr
004F7F  1  4A           		lsr
004F80  1  C9 0F        		cmp #$0F
004F82  1  B0 F6        		bcs L4F74
004F84  1  85 04        		sta TMP_04
004F86  1  0A           		asl
004F87  1  65 04        		adc TMP_04
004F89  1  8D 96 4F     		sta L4F8F+1
004F8C  1  A9 00        		lda #$00
004F8E  1  85 04        		sta TMP_04
004F90  1  8A           		txa
004F91  1  38           		sec
004F92  1  6A           		ror
004F93  1  66 04        		ror TMP_04
004F95  1  90 0C        L4F8F:		bcc L4F9D
004F97  1  4A           		lsr
004F98  1  66 04        		ror TMP_04
004F9A  1  4A           		lsr
004F9B  1  66 04        		ror TMP_04
004F9D  1  4A           		lsr
004F9E  1  66 04        		ror TMP_04
004FA0  1  4A           		lsr
004FA1  1  66 04        		ror TMP_04
004FA3  1  4A           L4F9D:		lsr
004FA4  1  66 04        		ror TMP_04
004FA6  1  4A           		lsr
004FA7  1  66 04        		ror TMP_04
004FA9  1  4A           		lsr
004FAA  1  66 04        		ror TMP_04
004FAC  1  4A           		lsr
004FAD  1  66 04        L4FA7:		ror TMP_04
004FAF  1  4A           		lsr
004FB0  1  66 04        		ror TMP_04
004FB2  1  4A           		lsr
004FB3  1  66 04        		ror TMP_04
004FB5  1  4A           		lsr
004FB6  1  66 04        		ror TMP_04
004FB8  1  4A           		lsr
004FB9  1  66 04        		ror TMP_04
004FBB  1  4A           		lsr
004FBC  1  66 04        		ror TMP_04
004FBE  1  4A           		lsr
004FBF  1  66 04        		ror TMP_04
004FC1  1  4A           		lsr
004FC2  1  66 04        		ror TMP_04
004FC4  1  AA           		tax
004FC5  1  98           		tya
004FC6  1  A4 04        		ldy TMP_04
004FC8  1  4A           		lsr
004FC9  1  90 09        		bcc L4FCE
004FCB  1  8A           		txa
004FCC  1  49 FF        		eor #$FF
004FCE  1  AA           		tax
004FCF  1  98           		tya
004FD0  1  49 FF        		eor #$FF
004FD2  1  A8           		tay
004FD3  1  18           		clc
004FD4  1  60           L4FCE:		rts
004FD5  1               
004FD5  1  98           L4FCF:		tya
004FD6  1  4A           		lsr
004FD7  1  90 06        		bcc L4FD9
004FD9  1  A2 FF        		ldx #$FF
004FDB  1  A0 FF        		ldy #$FF
004FDD  1  18           		clc
004FDE  1  60           		rts
004FDF  1               
004FDF  1  A2 00        L4FD9:		ldx #$00
004FE1  1  A0 00        		ldy #$00
004FE3  1  60           		rts
004FE4  1               
004FE4  1               ;------------------------------------------------------------
004FE4  1               ; BIT24_TO_FP
004FE4  1               ;------------------------------------------------------------
004FE4  1               BIT24_TO_FP_L4FDE:
004FE4  1  85 04        		sta TMP_04
004FE6  1  09 00        		ora #$00
004FE8  1  10 11        		bpl L4FF5
004FEA  1  A9 00        		lda #$00
004FEC  1  38           		sec
004FED  1  E5 05        		sbc TMP_04+1
004FEF  1  85 05        		sta TMP_04+1
004FF1  1  8A           		txa
004FF2  1  49 FF        		eor #$FF
004FF4  1  69 00        		adc #$00
004FF6  1  AA           		tax
004FF7  1  A9 00        		lda #$00
004FF9  1  E5 04        		sbc TMP_04
004FFB  1  D0 0F        L4FF5:		bne L5006
004FFD  1  8A           		txa
004FFE  1  D0 23        		bne L501D
005000  1  A5 05        		lda TMP_04+1
005002  1  F0 23        		beq L5021
005004  1  A2 00        		ldx #$00
005006  1  86 05        		stx TMP_04+1
005008  1  A2 08        		ldx #$08
00500A  1  D0 04        		bne L500A
00500C  1  86 05        L5006:		stx TMP_04+1
00500E  1  A2 18        		ldx #$18
005010  1  CA           L500A:		dex
005011  1  06 05        		asl TMP_04+1
005013  1  2A           		rol
005014  1  90 FA        		bcc L500A
005016  1  85 06        		sta MUL_LO_06
005018  1  8A           		txa
005019  1  0A           		asl
00501A  1  06 04        		asl TMP_04
00501C  1  2A           		rol
00501D  1  AA           		tax
00501E  1  86 07        		stx MUL_HI_07
005020  1  A5 06        		lda MUL_LO_06
005022  1  60           		rts
005023  1               
005023  1  A2 10        L501D:		ldx #$10
005025  1  D0 E9        L501F:		bne L500A
005027  1  A9 00        L5021:		lda #$00
005029  1  A2 E0        		ldx #$E0
00502B  1  85 06        		sta MUL_LO_06
00502D  1  86 07        		stx MUL_HI_07
00502F  1  60           		rts
005030  1               
005030  1               ;------------------------------------------------------------
005030  1               ;
005030  1               ;------------------------------------------------------------
005030  1  A5 CA        L502A:		lda LIFT_UP_DOWN_CA
005032  1  F0 03        		beq L5031
005034  1  4C 40 46     		jmp L463A
005037  1               
005037  1  AD 84 29     L5031:		lda L297E
00503A  1  D0 05        		bne L503B
00503C  1  A9 01        		lda #$01
00503E  1  85 29        		sta PITCH_HI_29
005040  1  60           		rts
005041  1               
005041  1  A9 E0        L503B:		lda #$E0
005043  1  8D 0B 28     		sta DSPADR0_HI
005046  1  A9 F0        		lda #$F0
005048  1  8D 73 28     		sta DSPADR1_HI
00504B  1  20 02 52     		jsr L51FC
00504E  1  AE 1F 52     		ldx L5219
005051  1  A9 01        		lda #$01
005053  1  9D 40 9D     L504D:		sta Z_ROT_TAB_HI_L9D40,X
005056  1  9D C0 9E     		sta VER_SCREEN_POS_9EC0,X
005059  1  9D 80 9E     L5053:		sta HOR_SCREEN_POS_9E80,X
00505C  1  CA           		dex
00505D  1  10 F4        		bpl L504D
00505F  1  A9 00        		lda #$00
005061  1  AA           		tax
005062  1  20 57 55     		jsr L5551
005065  1  4C BE 50     		jmp L50B8
005068  1               
005068  1               ;------------------------------------------------------------
005068  1               ;
005068  1               ;------------------------------------------------------------
005068  1  20 39 2F     L5062:		jsr BENSON_2F33
00506B  1  20 5D 59     		jsr JOYSTICK_L5957
00506E  1  20 F8 51     		jsr L51F2
005071  1  AD 0B D4     L506B:		lda VCOUNT
005074  1  C9 5C        		cmp #$5C
005076  1  D0 F9        		bne L506B
005078  1  AE 1F 52     		ldx L5219
00507B  1  BC 86 1D     L5075:		ldy GROUND_STRUCTURE_Y_LSB_1D80,X
00507E  1  B9 06 26     		lda SCR_Y_LO_2600,Y
005081  1  85 00        		sta MEM_PTR_LO_00
005083  1  B9 06 20     		lda SCR_Y_HI_2000,Y
005086  1  09 E0        		ora #$E0
005088  1  85 01        		sta MEM_PTR_HI_01
00508A  1  BD 06 1D     		lda GROUND_STRUCTURE_X_LSB_1D00,X
00508D  1  4A           		lsr
00508E  1  4A           		lsr
00508F  1  A8           		tay
005090  1  A9 00        		lda #$00
005092  1  91 00        		sta (MEM_PTR_LO_00),Y
005094  1  CA           		dex
005095  1  10 E4        		bpl L5075
005097  1  AE 1F 52     		ldx L5219
00509A  1  86 17        L5094:		stx POINT_LINE_COUNT_17
00509C  1  BC C0 9E     		ldy VER_SCREEN_POS_9EC0,X
00509F  1  B9 06 26     		lda SCR_Y_LO_2600,Y
0050A2  1  85 00        		sta MEM_PTR_LO_00
0050A4  1  B9 06 20     		lda SCR_Y_HI_2000,Y
0050A7  1  09 E0        		ora #$E0
0050A9  1  85 01        		sta MEM_PTR_HI_01
0050AB  1  BD 80 9E     		lda HOR_SCREEN_POS_9E80,X
0050AE  1  AA           		tax
0050AF  1  BC A0 26     		ldy L26A0,X
0050B2  1  B1 00        		lda (MEM_PTR_LO_00),Y
0050B4  1  1D 60 27     		ora L275F+1,X
0050B7  1  91 00        		sta (MEM_PTR_LO_00),Y
0050B9  1  A6 17        		ldx POINT_LINE_COUNT_17
0050BB  1  CA           		dex
0050BC  1  10 DC        		bpl L5094
0050BE  1  AE 1F 52     L50B8:		ldx L5219
0050C1  1  86 17        L50BB:		stx POINT_LINE_COUNT_17
0050C3  1  BD 00 9C     L50BD:		lda X_ROT_TAB_LO_L9C00,X
0050C6  1  85 50        		sta PNT_X_LO_50
0050C8  1  BD 40 9C     		lda X_ROT_TAB_HI_L9C40,X
0050CB  1  85 51        		sta PNT_X_HI_51
0050CD  1  BD 80 9C     		lda Y_ROT_TAB_LO_L9C80,X
0050D0  1  85 52        		sta PNT_Y_LO_52
0050D2  1  BD C0 9C     		lda Y_ROT_TAB_HI_L9CC0,X
0050D5  1  85 53        		sta PNT_Y_HI_53
0050D7  1  BD 00 9D     		lda Z_ROT_TAB_LO_L9D00,X
0050DA  1  85 54        		sta PNT_Z_LO_54
0050DC  1  BD 40 9D     		lda Z_ROT_TAB_HI_L9D40,X
0050DF  1  85 55        L50D9:		sta PNT_Z_HI_55
0050E1  1  BD 80 9E     		lda HOR_SCREEN_POS_9E80,X
0050E4  1  9D 06 1D     		sta GROUND_STRUCTURE_X_LSB_1D00,X
0050E7  1  BD C0 9E     		lda VER_SCREEN_POS_9EC0,X
0050EA  1  9D 86 1D     		sta GROUND_STRUCTURE_Y_LSB_1D80,X
0050ED  1  A6 54        		ldx PNT_Z_LO_54
0050EF  1  A4 55        		ldy PNT_Z_HI_55
0050F1  1  86 06        		stx MUL_LO_06
0050F3  1  84 07        		sty MUL_HI_07
0050F5  1  AE 23 52     		ldx L521B+2
0050F8  1  AC 24 52     		ldy L521E
0050FB  1  20 5F 4E     		jsr FP_ADD_L4E59
0050FE  1  98           		tya
0050FF  1  4A           		lsr
005100  1  B0 54        		bcs L5150
005102  1  86 54        		stx PNT_Z_LO_54
005104  1  84 55        L50FE:		sty PNT_Z_HI_55
005106  1  A6 50        		ldx PNT_X_LO_50
005108  1  A4 51        		ldy PNT_X_HI_51
00510A  1  86 06        		stx MUL_LO_06
00510C  1  84 07        		sty MUL_HI_07
00510E  1  A6 54        		ldx PNT_Z_LO_54
005110  1  A4 55        		ldy PNT_Z_HI_55
005112  1  20 18 4E     		jsr FP_DIV_L4E12
005115  1  20 4B 4F     		jsr FP_TO_8BIT_4F45
005118  1  B0 3C        		bcs L5150
00511A  1  69 50        		adc #$50
00511C  1  C9 A0        		cmp #$A0
00511E  1  B0 36        		bcs L5150
005120  1  85 5C        		sta H_PERS_FP_LO_ST_5C
005122  1  A6 52        		ldx PNT_Y_LO_52
005124  1  A4 53        		ldy PNT_Y_HI_53
005126  1  86 06        		stx MUL_LO_06
005128  1  84 07        		sty MUL_HI_07
00512A  1  A6 54        		ldx PNT_Z_LO_54
00512C  1  A4 55        		ldy PNT_Z_HI_55
00512E  1  20 18 4E     		jsr FP_DIV_L4E12
005131  1  20 4B 4F     		jsr FP_TO_8BIT_4F45
005134  1  B0 20        		bcs L5150
005136  1  69 4C        		adc #$4C
005138  1  C9 98        		cmp #$98
00513A  1  B0 1A        		bcs L5150
00513C  1  A6 17        		ldx POINT_LINE_COUNT_17
00513E  1  9D C0 9E     		sta VER_SCREEN_POS_9EC0,X
005141  1  A5 5C        		lda H_PERS_FP_LO_ST_5C
005143  1  9D 80 9E     		sta HOR_SCREEN_POS_9E80,X
005146  1  A5 54        		lda PNT_Z_LO_54
005148  1  9D 00 9D     		sta Z_ROT_TAB_LO_L9D00,X
00514B  1  A5 55        		lda PNT_Z_HI_55
00514D  1  9D 40 9D     		sta Z_ROT_TAB_HI_L9D40,X
005150  1  CA           		dex
005151  1  30 06        		bmi L5153
005153  1  4C C1 50     		jmp L50BB
005156  1               
005156  1               ;------------------------------------------------------------
005156  1               ;
005156  1               ;------------------------------------------------------------
005156  1  4C 99 51     L5150:		jmp L5193
005159  1               
005159  1               ;------------------------------------------------------------
005159  1               ;
005159  1               ;------------------------------------------------------------
005159  1  AE 23 52     L5153:		ldx L521B+2
00515C  1  AC 24 52     		ldy L521E
00515F  1  86 06        		stx MUL_LO_06
005161  1  84 07        		sty MUL_HI_07
005163  1  AD 84 29     		lda L297E
005166  1  10 1B        		bpl L517D
005168  1  C0 25        		cpy #$25
00516A  1  F0 2A        		beq L5190
00516C  1  AE 25 52     		ldx L521E+1
00516F  1  AC 26 52     		ldy L5220
005172  1  A9 00        		lda #$00
005174  1  8D 26 52     		sta L5220
005177  1  20 DE 4D     		jsr FP_MUL_L4DD8
00517A  1  8E 23 52     		stx L521B+2
00517D  1  8C 24 52     		sty L521E
005180  1  CE 27 52     		dec L5221
005183  1  AD 27 52     L517D:		lda L5221
005186  1  8D 00 D2     		sta AUDF1
005189  1  8D 02 D2     		sta AUDF2
00518C  1  A9 26        		lda #$26
00518E  1  8D 01 D2     		sta AUDC1
005191  1  A9 88        		lda #$88
005193  1  8D 03 D2     		sta AUDC2
005196  1  4C 68 50     L5190:		jmp L5062
005199  1               
005199  1               ;------------------------------------------------------------
005199  1               ;
005199  1               ;------------------------------------------------------------
005199  1  A4 17        L5193:		ldy POINT_LINE_COUNT_17
00519B  1  20 B7 53     		jsr GET_RANDOM_L53B1
00519E  1  85 05        		sta TMP_04+1
0051A0  1  20 B7 53     		jsr GET_RANDOM_L53B1
0051A3  1  AA           		tax
0051A4  1  20 B7 53     		jsr GET_RANDOM_L53B1
0051A7  1  2D 20 52     		and L521A
0051AA  1  38           		sec
0051AB  1  ED 21 52     		sbc L521B
0051AE  1  20 E4 4F     		jsr BIT24_TO_FP_L4FDE
0051B1  1  99 00 9C     		sta X_ROT_TAB_LO_L9C00,Y
0051B4  1  8A           		txa
0051B5  1  99 40 9C     		sta X_ROT_TAB_HI_L9C40,Y
0051B8  1  20 B7 53     		jsr GET_RANDOM_L53B1
0051BB  1  85 04        		sta TMP_04
0051BD  1  20 B7 53     		jsr GET_RANDOM_L53B1
0051C0  1  AA           		tax
0051C1  1  20 B7 53     		jsr GET_RANDOM_L53B1
0051C4  1  2D 20 52     		and L521A
0051C7  1  38           		sec
0051C8  1  ED 21 52     		sbc L521B
0051CB  1  20 E4 4F     		jsr BIT24_TO_FP_L4FDE
0051CE  1  99 80 9C     		sta Y_ROT_TAB_LO_L9C80,Y
0051D1  1  8A           		txa
0051D2  1  99 C0 9C     		sta Y_ROT_TAB_HI_L9CC0,Y
0051D5  1  20 B7 53     		jsr GET_RANDOM_L53B1
0051D8  1  99 00 9D     		sta Z_ROT_TAB_LO_L9D00,Y
0051DB  1  AD 22 52     		lda L521B+1
0051DE  1  99 40 9D     		sta Z_ROT_TAB_HI_L9D40,Y
0051E1  1  98           		tya
0051E2  1  AA           		tax
0051E3  1  4C C3 50     		jmp L50BD
0051E6  1  60           L51E0:		rts
0051E7  1               
0051E7  1               ;------------------------------------------------------------
0051E7  1               ;
0051E7  1               ;------------------------------------------------------------
0051E7  1  00           L51E1:		.byte $00
0051E8  1  98           L51E2:		.byte $98
0051E9  1  98           L51E3:		.byte $98
0051EA  1  96 96        		.byte $96,$96
0051EC  1  96 06        		.byte $96,$06
0051EE  1  94 06        		.byte $94,$06
0051F0  1  92           		.byte $92
0051F1  1  06 90        		.byte $06,$90
0051F3  1  06 90        		.byte $06,$90
0051F5  1  08           		.byte $08
0051F6  1  00           		.byte $00
0051F7  1  08           		.byte $08
0051F8  1               
0051F8  1               ;------------------------------------------------------------
0051F8  1               ;
0051F8  1               ;------------------------------------------------------------
0051F8  1  CE E6 51     L51F2:		dec L51E0
0051FB  1  D0 1B        		bne L5212
0051FD  1  A9 03        		lda #$03
0051FF  1  8D E6 51     		sta L51E0
005202  1  AE E7 51     L51FC:		ldx L51E1
005205  1  BD E8 51     		lda L51E2,X
005208  1  85 A1        		sta COLBAKS_A1
00520A  1  BD E9 51     		lda L51E3,X
00520D  1  85 A2        		sta COLPF0S_A2
00520F  1  E0 0E        		cpx #$0E
005211  1  F0 06        		beq L5213
005213  1  E8           		inx
005214  1  E8           		inx
005215  1  8E E7 51     		stx L51E1
005218  1  60           L5212:		rts
005219  1  A9 FF        L5213:		lda #$FF
00521B  1  8D 84 29     		sta L297E
00521E  1  60           		rts
00521F  1               
00521F  1               ;------------------------------------------------------------
00521F  1               ;
00521F  1               ;------------------------------------------------------------
00521F  1  1A           L5219:		.byte $1A
005220  1  3F           L521A:		.byte $3F
005221  1  20 38 00     L521B:		.byte $20,$38,$00
005224  1  15 03        L521E:		.byte $15,$03
005226  1  08           L5220:		.byte $08
005227  1  99           L5221:		.byte $99
005228  1               
005228  1  E8           L5222:		inx
005229  1  A5 06        		lda MUL_LO_06
00522B  1  65 64        		adc LINE_FRACTION_64
00522D  1  85 06        		sta MUL_LO_06
00522F  1  90 05        		bcc L5230
005231  1  C8           		iny
005232  1  C0 98        		cpy #$98
005234  1  F0 1E        		beq L524E
005236  1  B9 06 26     L5230:		lda SCR_Y_LO_2600,Y
005239  1  85 00        		sta MEM_PTR_LO_00
00523B  1  B9 06 20     		lda SCR_Y_HI_2000,Y
00523E  1  05 23        		ora GRAPH_MEM_HI_23
005240  1  85 01        		sta MEM_PTR_HI_01
005242  1  84 04        		sty TMP_04
005244  1  BC A0 26     		ldy L26A0,X
005247  1  B1 00        L5241:		lda (MEM_PTR_LO_00),Y
005249  1  3D 60 06     L5243:		and L0660,X
00524C  1  91 00        L5246:		sta (MEM_PTR_LO_00),Y
00524E  1  A4 04        		ldy TMP_04
005250  1  E4 6A        		cpx PERS_HOR_6A
005252  1  D0 D4        		bne L5222
005254  1  60           L524E:		rts
005255  1               
005255  1               ;------------------------------------------------------------
005255  1               ;
005255  1               ;------------------------------------------------------------
005255  1  C8           L524F:		iny
005256  1  A5 06        L5250:		lda MUL_LO_06
005258  1  65 64        		adc LINE_FRACTION_64
00525A  1  85 06        L5254:		sta MUL_LO_06
00525C  1  90 05        		bcc L525D
00525E  1  E8           		inx
00525F  1  E0 A0        		cpx #$A0
005261  1  F0 1E        		beq L527B
005263  1  B9 06 26     L525D:		lda SCR_Y_LO_2600,Y
005266  1  85 00        		sta MEM_PTR_LO_00
005268  1  B9 06 20     		lda SCR_Y_HI_2000,Y
00526B  1  05 23        		ora GRAPH_MEM_HI_23
00526D  1  85 01        		sta MEM_PTR_HI_01
00526F  1  84 04        		sty TMP_04
005271  1  BC A0 26     L526B:		ldy L26A0,X
005274  1  B1 00        		lda (MEM_PTR_LO_00),Y
005276  1  3D 60 06     L5270:		and L0660,X
005279  1  91 00        		sta (MEM_PTR_LO_00),Y
00527B  1  A4 04        		ldy TMP_04
00527D  1  C4 6B        		cpy PERS_VER_6B
00527F  1  D0 D4        		bne L524F
005281  1  60           L527B:		rts
005282  1               
005282  1               ;------------------------------------------------------------
005282  1               ;
005282  1               ;------------------------------------------------------------
005282  1  C8           L527C:		iny
005283  1  A5 06        		lda MUL_LO_06
005285  1  65 64        		adc LINE_FRACTION_64
005287  1  85 06        		sta MUL_LO_06
005289  1  90 05        		bcc L528A
00528B  1  CA           		dex
00528C  1  E0 FF        		cpx #$FF
00528E  1  F0 1E        		beq L52A8
005290  1  B9 06 26     L528A:		lda SCR_Y_LO_2600,Y
005293  1  85 00        		sta MEM_PTR_LO_00
005295  1  B9 06 20     		lda SCR_Y_HI_2000,Y
005298  1  05 23        		ora GRAPH_MEM_HI_23
00529A  1  85 01        		sta MEM_PTR_HI_01
00529C  1  84 04        		sty TMP_04
00529E  1  BC A0 26     		ldy L26A0,X
0052A1  1  B1 00        		lda (MEM_PTR_LO_00),Y
0052A3  1  3D 60 06     L529D:		and L0660,X
0052A6  1  91 00        		sta (MEM_PTR_LO_00),Y
0052A8  1  A4 04        		ldy TMP_04
0052AA  1  C4 6B        		cpy PERS_VER_6B
0052AC  1  D0 D4        		bne L527C
0052AE  1  60           L52A8:		rts
0052AF  1               
0052AF  1               ;------------------------------------------------------------
0052AF  1               ;
0052AF  1               ;------------------------------------------------------------
0052AF  1  CA           L52A9:		dex
0052B0  1  A5 06        		lda MUL_LO_06
0052B2  1  E5 64        		sbc LINE_FRACTION_64
0052B4  1  85 06        		sta MUL_LO_06
0052B6  1  B0 05        		bcs L52B7
0052B8  1  C8           		iny
0052B9  1  C0 98        		cpy #$98
0052BB  1  F0 1E        		beq L52D5
0052BD  1  B9 06 26     L52B7:		lda SCR_Y_LO_2600,Y
0052C0  1  85 00        		sta MEM_PTR_LO_00
0052C2  1  B9 06 20     		lda SCR_Y_HI_2000,Y
0052C5  1  05 23        		ora GRAPH_MEM_HI_23
0052C7  1  85 01        		sta MEM_PTR_HI_01
0052C9  1  84 04        		sty TMP_04
0052CB  1  BC A0 26     		ldy L26A0,X
0052CE  1  B1 00        		lda (MEM_PTR_LO_00),Y
0052D0  1  3D 60 06     L52CA:		and L0660,X
0052D3  1  91 00        		sta (MEM_PTR_LO_00),Y
0052D5  1  A4 04        		ldy TMP_04
0052D7  1  E4 6A        		cpx PERS_HOR_6A
0052D9  1  D0 D4        		bne L52A9
0052DB  1  60           L52D5:		rts
0052DC  1               
0052DC  1               ;------------------------------------------------------------
0052DC  1               ;
0052DC  1               ;------------------------------------------------------------
0052DC  1  CA           L52D6:		dex
0052DD  1  A5 06        		lda MUL_LO_06
0052DF  1  E5 64        		sbc LINE_FRACTION_64
0052E1  1  85 06        		sta MUL_LO_06
0052E3  1  B0 05        		bcs L52E4
0052E5  1  88           		dey
0052E6  1  C0 FF        		cpy #$FF
0052E8  1  F0 1E        		beq L5302
0052EA  1  B9 06 26     L52E4:		lda SCR_Y_LO_2600,Y
0052ED  1  85 00        		sta MEM_PTR_LO_00
0052EF  1  B9 06 20     		lda SCR_Y_HI_2000,Y
0052F2  1  05 23        		ora GRAPH_MEM_HI_23
0052F4  1  85 01        		sta MEM_PTR_HI_01
0052F6  1  84 04        		sty TMP_04
0052F8  1  BC A0 26     		ldy L26A0,X
0052FB  1  B1 00        		lda (MEM_PTR_LO_00),Y
0052FD  1  3D 60 06     L52F7:		and L0660,X
005300  1  91 00        		sta (MEM_PTR_LO_00),Y
005302  1  A4 04        		ldy TMP_04
005304  1  E4 6A        		cpx PERS_HOR_6A
005306  1  D0 D4        		bne L52D6
005308  1  60           L5302:		rts
005309  1               
005309  1               ;------------------------------------------------------------
005309  1               ;
005309  1               ;------------------------------------------------------------
005309  1  88           L5303:		dey
00530A  1  A5 06        		lda MUL_LO_06
00530C  1  65 64        		adc LINE_FRACTION_64
00530E  1  85 06        		sta MUL_LO_06
005310  1  90 05        		bcc L5311
005312  1  CA           		dex
005313  1  E0 FF        		cpx #$FF
005315  1  F0 1E        		beq L532F
005317  1  B9 06 26     L5311:		lda SCR_Y_LO_2600,Y
00531A  1  85 00        		sta MEM_PTR_LO_00
00531C  1  B9 06 20     		lda SCR_Y_HI_2000,Y
00531F  1  05 23        		ora GRAPH_MEM_HI_23
005321  1  85 01        		sta MEM_PTR_HI_01
005323  1  84 04        		sty TMP_04
005325  1  BC A0 26     L531F:		ldy L26A0,X
005328  1  B1 00        		lda (MEM_PTR_LO_00),Y
00532A  1  3D 60 06     L5324:		and L0660,X
00532D  1  91 00        L5327:		sta (MEM_PTR_LO_00),Y
00532F  1  A4 04        		ldy TMP_04
005331  1  C4 6B        		cpy PERS_VER_6B
005333  1  D0 D4        		bne L5303
005335  1  60           L532F:		rts
005336  1               
005336  1               ;------------------------------------------------------------
005336  1               ;
005336  1               ;------------------------------------------------------------
005336  1  88           L5330:		dey
005337  1  A5 06        		lda MUL_LO_06
005339  1  E5 64        		sbc LINE_FRACTION_64
00533B  1  85 06        		sta MUL_LO_06
00533D  1  B0 05        		bcs L533E
00533F  1  E8           		inx
005340  1  E0 A0        		cpx #$A0
005342  1  F0 1E        		beq L535C
005344  1  B9 06 26     L533E:		lda SCR_Y_LO_2600,Y
005347  1  85 00        		sta MEM_PTR_LO_00
005349  1  B9 06 20     L5343:		lda SCR_Y_HI_2000,Y
00534C  1  05 23        		ora GRAPH_MEM_HI_23
00534E  1  85 01        		sta MEM_PTR_HI_01
005350  1  84 04        		sty TMP_04
005352  1  BC A0 26     		ldy L26A0,X
005355  1  B1 00        L534F:		lda (MEM_PTR_LO_00),Y
005357  1  3D 60 06     L5351:		and L0660,X
00535A  1  91 00        L5354:		sta (MEM_PTR_LO_00),Y
00535C  1  A4 04        		ldy TMP_04
00535E  1  C4 6B        		cpy PERS_VER_6B
005360  1  D0 D4        		bne L5330
005362  1  60           L535C:		rts
005363  1               
005363  1               ;------------------------------------------------------------
005363  1               ;
005363  1               ;------------------------------------------------------------
005363  1  E8           L535D:		inx
005364  1  A5 06        		lda MUL_LO_06
005366  1  65 64        		adc LINE_FRACTION_64
005368  1  85 06        		sta MUL_LO_06
00536A  1  90 05        		bcc L536B
00536C  1  88           		dey
00536D  1  C0 FF        		cpy #$FF
00536F  1  F0 1E        		beq L5389
005371  1  B9 06 26     L536B:		lda SCR_Y_LO_2600,Y
005374  1  85 00        		sta MEM_PTR_LO_00
005376  1  B9 06 20     		lda SCR_Y_HI_2000,Y
005379  1  05 23        		ora GRAPH_MEM_HI_23
00537B  1  85 01        		sta MEM_PTR_HI_01
00537D  1  84 04        		sty TMP_04
00537F  1  BC A0 26     		ldy L26A0,X
005382  1  B1 00        		lda (MEM_PTR_LO_00),Y
005384  1  3D 60 06     L537E:		and L0660,X
005387  1  91 00        		sta (MEM_PTR_LO_00),Y
005389  1  A4 04        		ldy TMP_04
00538B  1  E4 6A        		cpx PERS_HOR_6A
00538D  1  D0 D4        		bne L535D
00538F  1  60           L5389:		rts
005390  1               
005390  1               ;------------------------------------------------------------
005390  1               ;
005390  1               ;------------------------------------------------------------
005390  1  BD 00 9F     L538A:		lda POINT_CLASS_L9F00,X
005393  1  D0 1D        		bne L53AC
005395  1  BC C0 9E     		ldy VER_SCREEN_POS_9EC0,X
005398  1  B9 06 26     		lda SCR_Y_LO_2600,Y
00539B  1  85 00        		sta MEM_PTR_LO_00
00539D  1  B9 06 20     		lda SCR_Y_HI_2000,Y
0053A0  1  05 23        		ora GRAPH_MEM_HI_23
0053A2  1  85 01        		sta MEM_PTR_HI_01
0053A4  1  BD 80 9E     		lda HOR_SCREEN_POS_9E80,X
0053A7  1  AA           		tax
0053A8  1  BC A0 26     		ldy L26A0,X
0053AB  1  B1 00        		lda (MEM_PTR_LO_00),Y
0053AD  1  3D 60 06     		and L0660,X
0053B0  1  91 00        		sta (MEM_PTR_LO_00),Y
0053B2  1  60           L53AC:		rts
0053B3  1               
0053B3  1  C0 30 0C 03  		.byte $C0,$30,$0C,$03
0053B7  1               
0053B7  1               ;------------------------------------------------------------
0053B7  1               ; Get a random number from Pokey
0053B7  1               ;------------------------------------------------------------
0053B7  1               GET_RANDOM_L53B1:
0053B7  1  AD 0A D2     		lda RANDOM
0053BA  1  85 E8        		sta RANDOM_E8
0053BC  1  60           		rts
0053BD  1               ;------------------------------------------------------------
0053BD  1               ; set white lines
0053BD  1               ;------------------------------------------------------------
0053BD  1               WHITE_LINES_L53B7:
0053BD  1  A9 06        		lda #$06
0053BF  1  A2 3D        		ldx #$3D
0053C1  1  D0 04        		bne L53C1
0053C3  1               BLACK_LINES_L53BD:
0053C3  1  A9 27        		lda #$27
0053C5  1  A2 1D        		ldx #$1D
0053C7  1  8D 4B 52     L53C1:		sta L5243+2
0053CA  1  8D 78 52     		sta L5270+2
0053CD  1  8D A5 52     		sta L529D+2
0053D0  1  8D D2 52     		sta L52CA+2
0053D3  1  8D FF 52     		sta L52F7+2
0053D6  1  8D 2C 53     		sta L5324+2
0053D9  1  8D 59 53     		sta L5351+2
0053DC  1  8D 86 53     		sta L537E+2
0053DF  1  8E 49 52     		stx L5243
0053E2  1  8E 76 52     		stx L5270
0053E5  1  8E A3 52     		stx L529D
0053E8  1  8E D0 52     		stx L52CA
0053EB  1  8E FD 52     		stx L52F7
0053EE  1  8E 2A 53     		stx L5324
0053F1  1  8E 57 53     		stx L5351
0053F4  1  8E 84 53     		stx L537E
0053F7  1  60           		rts
0053F8  1               
0053F8  1               ;------------------------------------------------------------
0053F8  1               ; lift DLI interrupts
0053F8  1               ;------------------------------------------------------------
0053F8  1               LIFT_DLI_53F2:
0053F8  1  A6 C9        		ldx LIFT_DLI_LINE_C9
0053FA  1  BD 0E 28     		lda L2806+2,X
0053FD  1  29 7F        		and #$7F
0053FF  1  9D 0E 28     		sta L2806+2,X
005402  1  C0 93        		cpy #$93
005404  1  B0 1B        L53FE:		bcs L541B
005406  1  C0 64        		cpy #$64
005408  1  90 02        		bcc L5406
00540A  1  C8           		iny
00540B  1  C8           		iny
00540C  1  84 C9        L5406:		sty LIFT_DLI_LINE_C9
00540E  1  B9 0E 28     		lda L2806+2,Y
005411  1  09 80        		ora #$80
005413  1  99 0E 28     		sta L2806+2,Y
005416  1  A9 C7        		lda #$C7
005418  1  8D 78 60     		sta L6071+1
00541B  1  A9 60        		lda #$60
00541D  1  8D 7D 60     		sta L6076+1
005420  1  60           		rts
005421  1  A9 85        L541B:		lda #$85
005423  1  8D 78 60     		sta L6071+1
005426  1  A9 60        		lda #$60
005428  1  8D 7D 60     		sta L6076+1
00542B  1  60           		rts
00542C  1               
00542C  1               ;------------------------------------------------------------
00542C  1               ;
00542C  1               ;------------------------------------------------------------
00542C  1  A9 03        L5426:		lda #$03
00542E  1  8D 00 D2     		sta AUDF1
005431  1  A9 44        		lda #$44
005433  1  8D 01 D2     		sta AUDC1
005436  1  A9 00        		lda #$00
005438  1  85 E2        		sta TIMER_LSB_E2
00543A  1               
00543A  1  A5 E2        L5434:		lda TIMER_LSB_E2
00543C  1  C9 1E        		cmp #$1E
00543E  1  90 FA        		bcc L5434
005440  1               
005440  1  A5 A1        		lda COLBAKS_A1
005442  1  85 C4        		sta COLBAK_SAVE_C4
005444  1  A5 A2        		lda COLPF0S_A2
005446  1  85 C5        L5440:		sta COLPF1_SAVE_C5
005448  1  A5 A3        		lda COLPF1S_A3
00544A  1  85 C6        		sta COLPF2_SAVE_C6
00544C  1  A5 A4        		lda COLPF2S_A4
00544E  1  85 C7        L5448:		sta COLPF3_SAVE_C7
005450  1  A5 C2        		lda ROOM_COLOR_C2
005452  1  85 A1        		sta COLBAKS_A1
005454  1  85 A2        		sta COLPF0S_A2
005456  1  85 A3        		sta COLPF1S_A3
005458  1  85 A4        L5452:		sta COLPF2S_A4
00545A  1  A9 01        		lda #$01
00545C  1  8D 00 D2     		sta AUDF1
00545F  1  A9 00        		lda #$00
005461  1  85 17        		sta POINT_LINE_COUNT_17
005463  1  A8           L545D:		tay
005464  1  20 F8 53     		jsr LIFT_DLI_53F2
005467  1               
005467  1  AD 0B D4     L5461:		lda VCOUNT
00546A  1  C9 70        		cmp #$70
00546C  1  D0 F9        		bne L5461
00546E  1               
00546E  1  8D 0A D4     		sta WSYNC
005471  1  8D 0A D4     		sta WSYNC
005474  1  A5 17        L546E:		lda POINT_LINE_COUNT_17
005476  1  18           		clc
005477  1  69 06        		adc #$06
005479  1  85 17        		sta POINT_LINE_COUNT_17
00547B  1  C9 94        		cmp #$94
00547D  1  90 E4        		bcc L545D
00547F  1               
00547F  1  A5 C0        		lda BACKGND_COLOR_C0
005481  1  85 A1        		sta COLBAKS_A1
005483  1  A5 C1        		lda OBJECT_COLOR_c1
005485  1  85 A2        		sta COLPF0S_A2
005487  1  A5 C3        		lda LINE_COLOR_C3
005489  1  85 A4        		sta COLPF2S_A4
00548B  1  A6 F6        L5485:		ldx MESSAGE_TO_SEND_F6
00548D  1  F0 03        		beq L548C
00548F  1  20 30 32     		jsr START_MESSAGE_L322A
005492  1               
005492  1  A0 00        L548C:		ldy #$00
005494  1  84 F6        		sty MESSAGE_TO_SEND_F6
005496  1  84 C8        		sty room_change_L00C8
005498  1  8C 01 D2     		sty AUDC1
00549B  1  88           		dey
00549C  1  4C F8 53     		jmp LIFT_DLI_53F2
00549F  1               
00549F  1               ;------------------------------------------------------------
00549F  1               ;
00549F  1               ;------------------------------------------------------------
00549F  1  A5 C0        L5499:		lda BACKGND_COLOR_C0
0054A1  1  85 C4        		sta COLBAK_SAVE_C4
0054A3  1  A5 C1        		lda OBJECT_COLOR_c1
0054A5  1  85 C5        		sta COLPF1_SAVE_C5
0054A7  1  A5 C2        		lda ROOM_COLOR_C2
0054A9  1  85 C6        		sta COLPF2_SAVE_C6
0054AB  1  A5 C3        		lda LINE_COLOR_C3
0054AD  1  85 C7        		sta COLPF3_SAVE_C7
0054AF  1  A5 A3        		lda COLPF1S_A3
0054B1  1  85 A1        		sta COLBAKS_A1
0054B3  1  85 A2        		sta COLPF0S_A2
0054B5  1  85 A4        		sta COLPF2S_A4
0054B7  1  A9 03        		lda #$03
0054B9  1  8D 00 D2     		sta AUDF1
0054BC  1  A9 44        		lda #$44
0054BE  1  8D 01 D2     		sta AUDC1
0054C1  1  A9 93        		lda #$93
0054C3  1  85 17        		sta POINT_LINE_COUNT_17
0054C5  1  A8           L54BF:		tay
0054C6  1  20 F8 53     		jsr LIFT_DLI_53F2
0054C9  1               
0054C9  1  AD 0B D4     L54C3:		lda VCOUNT
0054CC  1  C9 70        		cmp #$70
0054CE  1  D0 F9        		bne L54C3
0054D0  1               
0054D0  1  8D 0A D4     		sta WSYNC
0054D3  1  8D 0A D4     		sta WSYNC
0054D6  1  A5 17        		lda POINT_LINE_COUNT_17
0054D8  1  38           		sec
0054D9  1  E9 04        		sbc #$04
0054DB  1  85 17        		sta POINT_LINE_COUNT_17
0054DD  1  B0 E6        		bcs L54BF
0054DF  1  A5 C2        		lda ROOM_COLOR_C2
0054E1  1  85 A3        		sta COLPF1S_A3
0054E3  1  A5 C0        		lda BACKGND_COLOR_C0
0054E5  1  85 A1        		sta COLBAKS_A1
0054E7  1  A5 C1        		lda OBJECT_COLOR_c1
0054E9  1  85 A2        		sta COLPF0S_A2
0054EB  1  A5 C3        		lda LINE_COLOR_C3
0054ED  1  85 A4        		sta COLPF2S_A4
0054EF  1  A9 01        		lda #$01
0054F1  1  8D 00 D2     		sta AUDF1
0054F4  1  A9 00        		lda #$00
0054F6  1  85 E2        		sta TIMER_LSB_E2
0054F8  1  A5 E2        L54F2:		lda TIMER_LSB_E2
0054FA  1  C9 16        		cmp #$16
0054FC  1  90 FA        		bcc L54F2
0054FE  1  4C 8B 54     		jmp L5485
005501  1               
005501  1               ;------------------------------------------------------------
005501  1               ; CLEAR_SCREEN_INDOOR_L54FB
005501  1               ;------------------------------------------------------------
005501  1               CLEAR_SCREEN_INDOOR_L54FB:
005501  1  A9 AA        		lda #$AA
005503  1  A2 00        		ldx #$00
005505  1  A4 23        L54FF:		ldy GRAPH_MEM_HI_23
005507  1  C0 E0        		cpy #$E0
005509  1  F0 4C        		beq L5551
00550B  1  9D 10 80     L5505:		sta L8010,X
00550E  1  9D 10 81     		sta L8110,X
005511  1  9D 10 82     		sta L8210,X
005514  1  9D 10 83     		sta L8310,X
005517  1  9D 10 84     		sta L8410,X
00551A  1  9D 10 85     		sta L8510,X
00551D  1  9D 10 86     		sta L8610,X
005520  1  9D 10 87     		sta L8710,X
005523  1  9D 10 88     		sta L8810,X
005526  1  9D 10 89     		sta L8910,X
005529  1  9D 10 8A     		sta L8A10,X
00552C  1  9D 10 8B     		sta L8B10,X
00552F  1  9D 10 8C     		sta L8C10,X
005532  1  9D 10 8D     		sta L8D10,X
005535  1  9D 10 8E     		sta L8E10,X
005538  1  9D 10 8F     		sta L8F10,X
00553B  1  9D 10 90     		sta L9010,X
00553E  1  9D 10 91     		sta L9110,X
005541  1  9D 10 92     		sta L9210,X
005544  1  9D 10 93     		sta L9310,X
005547  1  9D 10 94     L5541:		sta L9410,X
00554A  1  9D 10 95     L5544:		sta L9510,X
00554D  1  9D 10 96     		sta L9610,X
005550  1  9D D0 96     		sta L96D0,X
005553  1  E8           L554D:		inx
005554  1  D0 B5        L554E:		bne L5505
005556  1  60           		rts
005557  1               
005557  1  9D 10 E0     L5551:		sta LE010,X
00555A  1  9D 10 E1     		sta LE110,X
00555D  1  9D 10 E2     		sta LE210,X
005560  1  9D 10 E3     		sta LE310,X
005563  1  9D 10 E4     		sta LE410,X
005566  1  9D 10 E5     		sta LE510,X
005569  1  9D 10 E6     		sta LE610,X
00556C  1  9D 10 E7     		sta LE710,X
00556F  1  9D 10 E8     		sta LE810,X
005572  1  9D 10 E9     		sta LE910,X
005575  1  9D 10 EA     		sta LEA10,X
005578  1  9D 10 EB     		sta LEB10,X
00557B  1  9D 10 EC     		sta LEC10,X
00557E  1  9D 10 ED     		sta LED10,X
005581  1  9D 10 EE     		sta LEE10,X
005584  1  9D 10 EF     		sta LEF10,X
005587  1  9D 10 F0     		sta LF010,X
00558A  1  9D 10 F1     		sta LF110,X
00558D  1  9D 10 F2     		sta LF210,X
005590  1  9D 10 F3     		sta LF310,X
005593  1  9D 10 F4     		sta LF410,X
005596  1  9D 10 F5     		sta LF510,X
005599  1  9D 10 F6     		sta LF610,X
00559C  1  9D D0 F6     		sta LF6D0,X
00559F  1  E8           		inx
0055A0  1  D0 B5        		bne L5551
0055A2  1  60           		rts
0055A3  1               
0055A3  1               ;------------------------------------------------------------
0055A3  1               ; DRAW_SCREEN_OUTDOOR_L559D
0055A3  1               ;------------------------------------------------------------
0055A3  1               DRAW_SCREEN_OUTDOOR_L559D:
0055A3  1  A9 98        		lda #$98
0055A5  1  85 18        		sta SCREEN_LINES_18				;152 screen lines
0055A7  1  A9 10        		lda #$10
0055A9  1  85 00        		sta MEM_PTR_LO_00				;screen_pointer_lo
0055AB  1               
0055AB  1  AD 0B D4     L55A5: 		lda VCOUNT					;wait until line 224 (2*112)
0055AE  1  C9 70        		cmp #$70
0055B0  1  D0 F9        		bne L55A5
0055B2  1               
0055B2  1  A5 C8        		lda room_change_L00C8					;?
0055B4  1  10 03        		bpl L55B3
0055B6  1  20 2C 54     		jsr L5426
0055B9  1               
0055B9  1  E6 22        L55B3: 		inc FLIP_SCREEN_22				;flip screen
0055BB  1  A5 22        		lda FLIP_SCREEN_22
0055BD  1  4A           		lsr
0055BE  1  B0 12        		bcs L55CC
0055C0  1               
0055C0  1  A9 80        		lda #$80					;set graph-mem in display-list
0055C2  1  8D 0B 28     		sta DSPADR0_HI
0055C5  1  A9 90        		lda #$90
0055C7  1  8D 73 28     		sta DSPADR1_HI
0055CA  1  A9 E0        		lda #$E0
0055CC  1  85 23        		sta GRAPH_MEM_HI_23
0055CE  1  85 01        		sta MEM_PTR_HI_01
0055D0  1  D0 10        		bne L55DC
0055D2  1               
0055D2  1  A9 E0        L55CC: 		lda #$E0					;set graph-mem in display-list
0055D4  1  8D 0B 28     		sta DSPADR0_HI
0055D7  1  A9 F0        		lda #$F0
0055D9  1  8D 73 28     		sta DSPADR1_HI
0055DC  1  A9 80        		lda #$80
0055DE  1  85 23        		sta GRAPH_MEM_HI_23
0055E0  1  85 01        		sta MEM_PTR_HI_01
0055E2  1               
0055E2  1  20 3F 5C     L55DC: 		jsr L5C39					;lift
0055E5  1               
0055E5  1  A5 C8        		lda room_change_L00C8
0055E7  1  F0 03        		beq L55E6
0055E9  1  20 9F 54     		jsr L5499					;room change bottom-top
0055EC  1               
0055EC  1  A5 A6        L55E6: 		lda PLANET_UNDERGROUND_A6
0055EE  1  F0 03        		beq L55ED					;outdoor
0055F0  1  4C 01 55     		jmp CLEAR_SCREEN_INDOOR_L54FB
0055F3  1               
0055F3  1  A5 F8        L55ED: 		lda CRASH_F8					;1 = crash
0055F5  1  F0 0B        		beq L55FC
0055F7  1  C6 F8        		dec CRASH_F8
0055F9  1  D0 07        		bne L55FC
0055FB  1  A9 01        		lda #$01
0055FD  1  85 F5        		sta SOUND_F5
0055FF  1  20 10 59     		jsr L590A
005602  1               
005602  1  A2 55        L55FC: 		ldx #$55					;colpf1 = blue
005604  1  A0 AA        L55FE: 		ldy #$AA					;colpf2 = green
005606  1               
005606  1  A5 29        		lda PITCH_HI_29
005608  1  18           		clc
005609  1  69 01        		adc #$01
00560B  1  45 27        		eor ROLL_HI_27
00560D  1  4A           		lsr
00560E  1  45 F1        		eor SPECIAL_VIEW_FLAG_F1
005610  1  29 01        		and #$01
005612  1  F0 0A        		beq L5618
005614  1               
005614  1  84 80        		sty LINE_COLOR0_80
005616  1  86 81        		stx LINE_COLOR1_81
005618  1  A9 FF        		lda #$FF					;colors swapped
00561A  1  85 82        		sta L0082
00561C  1  D0 06        		bne L561E
00561E  1               
00561E  1  85 82        L5618: 		sta L0082
005620  1  86 80        		stx LINE_COLOR0_80
005622  1  84 81        		sty LINE_COLOR1_81
005624  1               
005624  1  A6 32        L561E: 		ldx COS_DIV_SIN_ROLL_LO_32
005626  1  A5 33        		lda COS_DIV_SIN_ROLL_HI_33
005628  1  49 01        		eor #$01
00562A  1  45 F1        		eor SPECIAL_VIEW_FLAG_F1
00562C  1  A8           		tay
00562D  1  29 01        		and #$01
00562F  1  85 7B        		sta MINUS_COTA_ROLL_7B
005631  1  98           		tya
005632  1  29 FC        		and #$FC					;abs cotangens
005634  1  18           		clc
005635  1  69 18        		adc #$18
005637  1  70 06        		bvs L5639
005639  1  A8           		tay
00563A  1  20 7B 4F     		jsr BIT16_TO_FP_L4F75
00563D  1  90 04        		bcc L563D
00563F  1  A2 FF        L5639: 		ldx #$FF
005641  1  A0 FF        		ldy #$FF
005643  1  98           L563D: 		tya
005644  1  0A           		asl
005645  1  85 79        L563F: 		sta SLOPE_FRACTION_79
005647  1  8A           		txa
005648  1  2A           		rol
005649  1  85 7A        		sta SLOPE_WHOLE_7A
00564B  1  A6 38        		ldx SIN_DIV_COS_PITCH_LO_38
00564D  1  A5 39        		lda SIN_DIV_COS_PITCH_HI_39
00564F  1  18           L5649: 		clc
005650  1  65 1F        		adc FOCUS_1F
005652  1  50 04        		bvc L5652
005654  1               
005654  1  A2 00        L564E: 		ldx #$00
005656  1  A9 74        		lda #$74
005658  1               
005658  1  86 14        L5652: 		stx ROLL_SIN_MUL_PITCH_SIN_LO_14
00565A  1  85 15        		sta ROLL_SIN_MUL_PITCH_SIN_HI_15
00565C  1  49 01        		eor #$01
00565E  1  86 06        		stx MUL_LO_06
005660  1  85 07        		sta MUL_HI_07
005662  1  A6 2C        		ldx SIN_ROLL_LO_2C
005664  1  A4 2D        		ldy SIN_ROLL_HI_2D
005666  1  20 18 4E     		jsr FP_DIV_L4E12
005669  1  86 08        		stx ZP_08
00566B  1  84 09        		sty ZP_09
00566D  1  A2 2C        		ldx #$2C
00566F  1  A0 14        		ldy #$14
005671  1  86 06        		stx MUL_LO_06
005673  1  84 07        		sty MUL_HI_07
005675  1  A6 30        		ldx SIN_DIV_COS_ROLL_LO_30
005677  1  A4 31        		ldy SIN_DIV_COS_ROLL_HI_31
005679  1  20 18 4E     		jsr FP_DIV_L4E12
00567C  1  A6 08        		ldx ZP_08
00567E  1  A4 09        		ldy ZP_09
005680  1  20 5F 4E     		jsr FP_ADD_L4E59
005683  1  98           		tya
005684  1  45 F1        		eor SPECIAL_VIEW_FLAG_F1
005686  1  A8           		tay
005687  1  20 4B 4F     		jsr FP_TO_8BIT_4F45
00568A  1  B0 0B        		bcs L5691
00568C  1  69 50        		adc #$50
00568E  1  C9 A0        		cmp #$A0
005690  1  B0 05        		bcs L5691
005692  1  85 07        		sta MUL_HI_07
005694  1  4C 0E 57     		jmp L5708
005697  1               
005697  1               ;------------------------------------------------------------
005697  1               ;
005697  1               ;------------------------------------------------------------
005697  1  A6 14        L5691: 		ldx ROLL_SIN_MUL_PITCH_SIN_LO_14
005699  1  A4 15        		ldy ROLL_SIN_MUL_PITCH_SIN_HI_15
00569B  1  86 06        		stx MUL_LO_06
00569D  1  84 07        		sty MUL_HI_07
00569F  1  A6 2E        		ldx COS_ROLL_LO_2E
0056A1  1  A4 2F        		ldy COS_ROLL_HI_2F
0056A3  1  20 18 4E     		jsr FP_DIV_L4E12
0056A6  1  86 08        		stx ZP_08
0056A8  1  84 09        		sty ZP_09
0056AA  1  A2 3C        		ldx #$3C
0056AC  1  A9 19        		lda #$19
0056AE  1  45 7B        		eor MINUS_COTA_ROLL_7B
0056B0  1  86 06        		stx MUL_LO_06
0056B2  1  85 07        		sta MUL_HI_07
0056B4  1  A6 30        		ldx SIN_DIV_COS_ROLL_LO_30
0056B6  1  A5 31        		lda SIN_DIV_COS_ROLL_HI_31
0056B8  1  45 F1        		eor SPECIAL_VIEW_FLAG_F1
0056BA  1  A8           		tay
0056BB  1  20 DE 4D     		jsr FP_MUL_L4DD8
0056BE  1  A6 08        		ldx ZP_08
0056C0  1  A4 09        		ldy ZP_09
0056C2  1  20 5F 4E     		jsr FP_ADD_L4E59
0056C5  1  98           		tya
0056C6  1  18           		clc
0056C7  1  69 04        		adc #$04
0056C9  1  70 0C        		bvs L56D1
0056CB  1  A8           		tay
0056CC  1  20 4B 4F     		jsr FP_TO_8BIT_4F45
0056CF  1  B0 06        		bcs L56D1
0056D1  1  69 4C        		adc #$4C
0056D3  1  C9 98        		cmp #$98
0056D5  1  90 1D        		bcc L56EE
0056D7  1  A5 29        L56D1: 		lda PITCH_HI_29
0056D9  1  45 7B        		eor MINUS_COTA_ROLL_7B
0056DB  1  85 04        		sta TMP_04
0056DD  1  A5 27        		lda ROLL_HI_27
0056DF  1  18           		clc
0056E0  1  69 03        		adc #$03
0056E2  1  4A           		lsr
0056E3  1  45 04        		eor TMP_04
0056E5  1  29 01        		and #$01
0056E7  1  F0 04        		beq L56E7
0056E9  1  A5 81        		lda LINE_COLOR1_81
0056EB  1  D0 02        		bne L56E9
0056ED  1  A5 80        L56E7: 		lda LINE_COLOR0_80
0056EF  1  A2 98        L56E9: 		ldx #$98
0056F1  1  4C 71 58     		jmp L586B
0056F4  1               
0056F4  1               ;------------------------------------------------------------
0056F4  1               ;
0056F4  1               ;------------------------------------------------------------
0056F4  1  49 FF        L56EE: 		eor #$FF
0056F6  1  69 98        		adc #$98
0056F8  1  AA           		tax
0056F9  1  A5 7B        		lda MINUS_COTA_ROLL_7B
0056FB  1  F0 08        		beq L56FF
0056FD  1  A9 9F        		lda #$9F
0056FF  1  85 07        		sta MUL_HI_07
005701  1  A5 81        		lda LINE_COLOR1_81
005703  1  D0 06        		bne L5705
005705  1  A9 01        L56FF: 		lda #$01
005707  1  85 07        		sta MUL_HI_07
005709  1  A5 80        		lda LINE_COLOR0_80
00570B  1  20 71 58     L5705: 		jsr L586B
00570E  1  A9 00        L5708: 		lda #$00
005710  1  85 06        		sta MUL_LO_06
005712  1  A5 07        		lda MUL_HI_07
005714  1  4A           L570E: 		lsr
005715  1  4A           		lsr
005716  1  85 04        		sta TMP_04
005718  1  18           		clc
005719  1  65 04        		adc TMP_04
00571B  1  65 04        		adc TMP_04
00571D  1  8D 2D 57     		sta L5726+1
005720  1  49 FF        		eor #$FF
005722  1  38           		sec
005723  1  69 75        		adc #$75
005725  1  8D B3 57     L571F: 		sta L57AC+1
005728  1  A5 80        		lda LINE_COLOR0_80
00572A  1  A0 00        		ldy #$00
00572C  1  F0 75        L5726: 		beq L579D
00572E  1  91 00        		sta (MEM_PTR_LO_00),Y
005730  1  C8           		iny
005731  1  91 00        		sta (MEM_PTR_LO_00),Y
005733  1  C8           		iny
005734  1  91 00        		sta (MEM_PTR_LO_00),Y
005736  1  C8           		iny
005737  1  91 00        		sta (MEM_PTR_LO_00),Y
005739  1  C8           		iny
00573A  1  91 00        		sta (MEM_PTR_LO_00),Y
00573C  1  C8           		iny
00573D  1  91 00        		sta (MEM_PTR_LO_00),Y
00573F  1  C8           		iny
005740  1  91 00        		sta (MEM_PTR_LO_00),Y
005742  1  C8           		iny
005743  1  91 00        		sta (MEM_PTR_LO_00),Y
005745  1  C8           		iny
005746  1  91 00        		sta (MEM_PTR_LO_00),Y
005748  1  C8           		iny
005749  1  91 00        		sta (MEM_PTR_LO_00),Y
00574B  1  C8           		iny
00574C  1  91 00        		sta (MEM_PTR_LO_00),Y
00574E  1  C8           		iny
00574F  1  91 00        		sta (MEM_PTR_LO_00),Y
005751  1  C8           		iny
005752  1  91 00        		sta (MEM_PTR_LO_00),Y
005754  1  C8           		iny
005755  1  91 00        L574F: 		sta (MEM_PTR_LO_00),Y
005757  1  C8           		iny
005758  1  91 00        		sta (MEM_PTR_LO_00),Y
00575A  1  C8           		iny
00575B  1  91 00        		sta (MEM_PTR_LO_00),Y
00575D  1  C8           		iny
00575E  1  91 00        		sta (MEM_PTR_LO_00),Y
005760  1  C8           		iny
005761  1  91 00        		sta (MEM_PTR_LO_00),Y
005763  1  C8           		iny
005764  1  91 00        		sta (MEM_PTR_LO_00),Y
005766  1  C8           		iny
005767  1  91 00        		sta (MEM_PTR_LO_00),Y
005769  1  C8           		iny
00576A  1  91 00        		sta (MEM_PTR_LO_00),Y
00576C  1  C8           		iny
00576D  1  91 00        		sta (MEM_PTR_LO_00),Y
00576F  1  C8           		iny
005770  1  91 00        		sta (MEM_PTR_LO_00),Y
005772  1  C8           		iny
005773  1  91 00        		sta (MEM_PTR_LO_00),Y
005775  1  C8           		iny
005776  1  91 00        		sta (MEM_PTR_LO_00),Y
005778  1  C8           		iny
005779  1  91 00        		sta (MEM_PTR_LO_00),Y
00577B  1  C8           		iny
00577C  1  91 00        		sta (MEM_PTR_LO_00),Y
00577E  1  C8           		iny
00577F  1  91 00        		sta (MEM_PTR_LO_00),Y
005781  1  C8           		iny
005782  1  91 00        		sta (MEM_PTR_LO_00),Y
005784  1  C8           		iny
005785  1  91 00        		sta (MEM_PTR_LO_00),Y
005787  1  C8           		iny
005788  1  91 00        		sta (MEM_PTR_LO_00),Y
00578A  1  C8           		iny
00578B  1  91 00        		sta (MEM_PTR_LO_00),Y
00578D  1  C8           		iny
00578E  1  91 00        		sta (MEM_PTR_LO_00),Y
005790  1  C8           		iny
005791  1  91 00        		sta (MEM_PTR_LO_00),Y
005793  1  C8           		iny
005794  1  91 00        		sta (MEM_PTR_LO_00),Y
005796  1  C8           		iny
005797  1  91 00        		sta (MEM_PTR_LO_00),Y
005799  1  C8           		iny
00579A  1  91 00        		sta (MEM_PTR_LO_00),Y
00579C  1  C8           		iny
00579D  1  91 00        		sta (MEM_PTR_LO_00),Y
00579F  1  C8           		iny
0057A0  1  91 00        		sta (MEM_PTR_LO_00),Y
0057A2  1  C8           		iny
0057A3  1  A5 07        L579D: 		lda MUL_HI_07
0057A5  1  29 03        		and #$03
0057A7  1  AA           		tax
0057A8  1  BD CF 6B     		lda L6BCF,X
0057AB  1  45 82        		eor L0082
0057AD  1  91 00        		sta (MEM_PTR_LO_00),Y
0057AF  1  A5 81        		lda LINE_COLOR1_81
0057B1  1  C8           		iny
0057B2  1  D0 00        L57AC: 		bne L57AE
0057B4  1  91 00        L57AE: 		sta (MEM_PTR_LO_00),Y
0057B6  1  C8           		iny
0057B7  1  91 00        		sta (MEM_PTR_LO_00),Y
0057B9  1  C8           		iny
0057BA  1  91 00        		sta (MEM_PTR_LO_00),Y
0057BC  1  C8           		iny
0057BD  1  91 00        		sta (MEM_PTR_LO_00),Y
0057BF  1  C8           		iny
0057C0  1  91 00        		sta (MEM_PTR_LO_00),Y
0057C2  1  C8           		iny
0057C3  1  91 00        		sta (MEM_PTR_LO_00),Y
0057C5  1  C8           		iny
0057C6  1  91 00        		sta (MEM_PTR_LO_00),Y
0057C8  1  C8           		iny
0057C9  1  91 00        		sta (MEM_PTR_LO_00),Y
0057CB  1  C8           		iny
0057CC  1  91 00        		sta (MEM_PTR_LO_00),Y
0057CE  1  C8           		iny
0057CF  1  91 00        		sta (MEM_PTR_LO_00),Y
0057D1  1  C8           		iny
0057D2  1  91 00        		sta (MEM_PTR_LO_00),Y
0057D4  1  C8           		iny
0057D5  1  91 00        		sta (MEM_PTR_LO_00),Y
0057D7  1  C8           		iny
0057D8  1  91 00        		sta (MEM_PTR_LO_00),Y
0057DA  1  C8           		iny
0057DB  1  91 00        		sta (MEM_PTR_LO_00),Y
0057DD  1  C8           		iny
0057DE  1  91 00        		sta (MEM_PTR_LO_00),Y
0057E0  1  C8           		iny
0057E1  1  91 00        		sta (MEM_PTR_LO_00),Y
0057E3  1  C8           		iny
0057E4  1  91 00        		sta (MEM_PTR_LO_00),Y
0057E6  1  C8           		iny
0057E7  1  91 00        		sta (MEM_PTR_LO_00),Y
0057E9  1  C8           		iny
0057EA  1  91 00        		sta (MEM_PTR_LO_00),Y
0057EC  1  C8           		iny
0057ED  1  91 00        		sta (MEM_PTR_LO_00),Y
0057EF  1  C8           		iny
0057F0  1  91 00        		sta (MEM_PTR_LO_00),Y
0057F2  1  C8           		iny
0057F3  1  91 00        		sta (MEM_PTR_LO_00),Y
0057F5  1  C8           		iny
0057F6  1  91 00        		sta (MEM_PTR_LO_00),Y
0057F8  1  C8           		iny
0057F9  1  91 00        		sta (MEM_PTR_LO_00),Y
0057FB  1  C8           		iny
0057FC  1  91 00        		sta (MEM_PTR_LO_00),Y
0057FE  1  C8           		iny
0057FF  1  91 00        		sta (MEM_PTR_LO_00),Y
005801  1  C8           		iny
005802  1  91 00        		sta (MEM_PTR_LO_00),Y
005804  1  C8           		iny
005805  1  91 00        		sta (MEM_PTR_LO_00),Y
005807  1  C8           		iny
005808  1  91 00        		sta (MEM_PTR_LO_00),Y
00580A  1  C8           		iny
00580B  1  91 00        		sta (MEM_PTR_LO_00),Y
00580D  1  C8           		iny
00580E  1  91 00        		sta (MEM_PTR_LO_00),Y
005810  1  C8           		iny
005811  1  91 00        		sta (MEM_PTR_LO_00),Y
005813  1  C8           		iny
005814  1  91 00        		sta (MEM_PTR_LO_00),Y
005816  1  C8           		iny
005817  1  91 00        		sta (MEM_PTR_LO_00),Y
005819  1  C8           		iny
00581A  1  91 00        		sta (MEM_PTR_LO_00),Y
00581C  1  C8           		iny
00581D  1  91 00        		sta (MEM_PTR_LO_00),Y
00581F  1  C8           		iny
005820  1  91 00        		sta (MEM_PTR_LO_00),Y
005822  1  C8           		iny
005823  1  91 00        		sta (MEM_PTR_LO_00),Y
005825  1  C8           		iny
005826  1  91 00        		sta (MEM_PTR_LO_00),Y
005828  1  C8           		iny
005829  1  C6 18        		dec SCREEN_LINES_18
00582B  1  F0 37        		beq L585E
00582D  1  A5 00        		lda MEM_PTR_LO_00
00582F  1  18           		clc
005830  1  69 28        		adc #$28
005832  1  85 00        		sta MEM_PTR_LO_00
005834  1  90 02        		bcc L5832
005836  1  E6 01        		inc MEM_PTR_HI_01
005838  1  A5 7B        L5832: 		lda MINUS_COTA_ROLL_7B
00583A  1  D0 16        		bne L584C
00583C  1  A5 06        		lda MUL_LO_06
00583E  1  18           		clc
00583F  1  65 79        		adc SLOPE_FRACTION_79
005841  1  85 06        		sta MUL_LO_06
005843  1  A5 07        		lda MUL_HI_07
005845  1  65 7A        		adc SLOPE_WHOLE_7A
005847  1  B0 1C        		bcs L585F
005849  1  C9 A0        		cmp #$A0
00584B  1  B0 18        		bcs L585F
00584D  1  85 07        		sta MUL_HI_07
00584F  1  4C 14 57     		jmp L570E
005852  1               
005852  1               ;------------------------------------------------------------
005852  1               ;
005852  1               ;------------------------------------------------------------
005852  1  A5 06        L584C: 		lda MUL_LO_06
005854  1  38           		sec
005855  1  E5 79        		sbc SLOPE_FRACTION_79
005857  1  85 06        		sta MUL_LO_06
005859  1  A5 07        		lda MUL_HI_07
00585B  1  E5 7A        		sbc SLOPE_WHOLE_7A
00585D  1  90 06        		bcc L585F
00585F  1  85 07        L5859: 		sta MUL_HI_07
005861  1  4C 14 57     		jmp L570E
005864  1  60           L585E: 		rts
005865  1               
005865  1               ;------------------------------------------------------------
005865  1               ;
005865  1               ;------------------------------------------------------------
005865  1  A6 18        L585F: 		ldx SCREEN_LINES_18
005867  1  A5 7B        		lda MINUS_COTA_ROLL_7B
005869  1  F0 04        		beq L5869
00586B  1  A5 80        		lda LINE_COLOR0_80
00586D  1  D0 02        		bne L586B
00586F  1  A5 81        L5869: 		lda LINE_COLOR1_81
005871  1  E0 00        L586B: 		cpx #$00
005873  1  F0 EF        		beq L585E
005875  1  A0 00        L586F: 		ldy #$00
005877  1  91 00        		sta (MEM_PTR_LO_00),Y
005879  1  C8           		iny
00587A  1  91 00        		sta (MEM_PTR_LO_00),Y
00587C  1  C8           		iny
00587D  1  91 00        		sta (MEM_PTR_LO_00),Y
00587F  1  C8           		iny
005880  1  91 00        		sta (MEM_PTR_LO_00),Y
005882  1  C8           		iny
005883  1  91 00        		sta (MEM_PTR_LO_00),Y
005885  1  C8           		iny
005886  1  91 00        		sta (MEM_PTR_LO_00),Y
005888  1  C8           		iny
005889  1  91 00        		sta (MEM_PTR_LO_00),Y
00588B  1  C8           		iny
00588C  1  91 00        		sta (MEM_PTR_LO_00),Y
00588E  1  C8           		iny
00588F  1  91 00        		sta (MEM_PTR_LO_00),Y
005891  1  C8           		iny
005892  1  91 00        		sta (MEM_PTR_LO_00),Y
005894  1  C8           		iny
005895  1  91 00        		sta (MEM_PTR_LO_00),Y
005897  1  C8           		iny
005898  1  91 00        		sta (MEM_PTR_LO_00),Y
00589A  1  C8           		iny
00589B  1  91 00        		sta (MEM_PTR_LO_00),Y
00589D  1  C8           		iny
00589E  1  91 00        		sta (MEM_PTR_LO_00),Y
0058A0  1  C8           		iny
0058A1  1  91 00        		sta (MEM_PTR_LO_00),Y
0058A3  1  C8           		iny
0058A4  1  91 00        		sta (MEM_PTR_LO_00),Y
0058A6  1  C8           		iny
0058A7  1  91 00        		sta (MEM_PTR_LO_00),Y
0058A9  1  C8           		iny
0058AA  1  91 00        		sta (MEM_PTR_LO_00),Y
0058AC  1  C8           		iny
0058AD  1  91 00        		sta (MEM_PTR_LO_00),Y
0058AF  1  C8           		iny
0058B0  1  91 00        		sta (MEM_PTR_LO_00),Y
0058B2  1  C8           		iny
0058B3  1  91 00        		sta (MEM_PTR_LO_00),Y
0058B5  1  C8           		iny
0058B6  1  91 00        		sta (MEM_PTR_LO_00),Y
0058B8  1  C8           		iny
0058B9  1  91 00        		sta (MEM_PTR_LO_00),Y
0058BB  1  C8           		iny
0058BC  1  91 00        		sta (MEM_PTR_LO_00),Y
0058BE  1  C8           		iny
0058BF  1  91 00        		sta (MEM_PTR_LO_00),Y
0058C1  1  C8           		iny
0058C2  1  91 00        		sta (MEM_PTR_LO_00),Y
0058C4  1  C8           		iny
0058C5  1  91 00        		sta (MEM_PTR_LO_00),Y
0058C7  1  C8           		iny
0058C8  1  91 00        		sta (MEM_PTR_LO_00),Y
0058CA  1  C8           		iny
0058CB  1  91 00        		sta (MEM_PTR_LO_00),Y
0058CD  1  C8           		iny
0058CE  1  91 00        		sta (MEM_PTR_LO_00),Y
0058D0  1  C8           		iny
0058D1  1  91 00        		sta (MEM_PTR_LO_00),Y
0058D3  1  C8           		iny
0058D4  1  91 00        		sta (MEM_PTR_LO_00),Y
0058D6  1  C8           		iny
0058D7  1  91 00        		sta (MEM_PTR_LO_00),Y
0058D9  1  C8           		iny
0058DA  1  91 00        		sta (MEM_PTR_LO_00),Y
0058DC  1  C8           		iny
0058DD  1  91 00        		sta (MEM_PTR_LO_00),Y
0058DF  1  C8           		iny
0058E0  1  91 00        		sta (MEM_PTR_LO_00),Y
0058E2  1  C8           		iny
0058E3  1  91 00        		sta (MEM_PTR_LO_00),Y
0058E5  1  C8           		iny
0058E6  1  91 00        		sta (MEM_PTR_LO_00),Y
0058E8  1  C8           		iny
0058E9  1  91 00        		sta (MEM_PTR_LO_00),Y
0058EB  1  C8           		iny
0058EC  1  91 00        		sta (MEM_PTR_LO_00),Y
0058EE  1  C8           		iny
0058EF  1  C6 18        		dec SCREEN_LINES_18
0058F1  1  A8           		tay
0058F2  1  A5 00        		lda MEM_PTR_LO_00
0058F4  1  18           		clc
0058F5  1  69 28        		adc #$28
0058F7  1  85 00        		sta MEM_PTR_LO_00
0058F9  1  90 02        		bcc L58F7
0058FB  1  E6 01        		inc MEM_PTR_HI_01
0058FD  1  98           L58F7: 		tya
0058FE  1  CA           		dex
0058FF  1  D0 01        		bne L58FC
005901  1  60           		rts
005902  1               ;------------------------------------------------------------
005902  1               ;
005902  1               ;------------------------------------------------------------
005902  1  4C 75 58     L58FC: 		jmp L586F
005905  1               
005905  1               ;------------------------------------------------------------
005905  1               ;
005905  1               ;------------------------------------------------------------
005905  1               SET_COLOR_OUTSIDE_58FF:
005905  1  A2 03        		ldx #$03
005907  1  BD 59 59     L5901: 		lda L5953,X
00590A  1  95 C0        		sta BACKGND_COLOR_C0,X
00590C  1  CA           		dex
00590D  1  10 F8        		bpl L5901
00590F  1  60           		rts
005910  1               
005910  1               ;------------------------------------------------------------
005910  1               ; Crash, set all colors to black
005910  1               ; wait some time
005910  1               ; reset colors
005910  1               ;------------------------------------------------------------
005910  1  A9 00        L590A: 		lda #$00
005912  1  85 A1        		sta COLBAKS_A1
005914  1  85 A2        		sta COLPF0S_A2
005916  1  85 A3        		sta COLPF1S_A3
005918  1  85 A4        		sta COLPF2S_A4
00591A  1  AA           		tax
00591B  1  A0 07        L5915: 		ldy #$07
00591D  1  E9 01        L5917: 		sbc #$01
00591F  1  D0 FC        		bne L5917
005921  1  CA           		dex
005922  1  D0 F9        		bne L5917
005924  1  88           		dey
005925  1  D0 F6        		bne L5917
005927  1               
005927  1               ;------------------------------------------------------------
005927  1               ; set colors to values stored at L5953
005927  1               ;------------------------------------------------------------
005927  1               SET_COLORS_L5921:
005927  1  A2 04        		ldx #$04
005929  1  BD 59 59     L5923: 		lda L5953,X
00592C  1  95 A1        		sta COLBAKS_A1,X
00592E  1  CA           		dex
00592F  1  10 F8        		bpl L5923
005931  1  60           		rts
005932  1               
005932  1               ;------------------------------------------------------------
005932  1               ;
005932  1               ;------------------------------------------------------------
005932  1  A2 00        L592C: 		ldx #$00
005934  1  AD 0B D4     L592E: 		lda VCOUNT
005937  1  38           		sec
005938  1  E9 10        		sbc #$10
00593A  1  D0 04        		bne L593A
00593C  1  CA           		dex
00593D  1  D0 01        		bne L593A
00593F  1  60           		rts
005940  1               
005940  1               ;------------------------------------------------------------
005940  1               ;
005940  1               ;------------------------------------------------------------
005940  1  C9 4B        L593A:		cmp #$4B
005942  1  B0 F0        L593C:		bcs L592E
005944  1  AD 0A D2     		lda RANDOM
005947  1  8D 16 D0     		sta COLPF0
00594A  1  6A           		ror
00594B  1  8D 17 D0     		sta COLPF1
00594E  1  6A           		ror
00594F  1  8D 18 D0     		sta COLPF2
005952  1  6A           		ror
005953  1  8D 1A D0     L594D:		sta COLBK
005956  1  4C 34 59     		jmp L592E
005959  1               
005959  1  0E 98 C2 08  L5953:		.byte $0E, $98, $C2, $08			;playfied colors
00595D  1               
00595D  1               ;------------------------------------------------------------
00595D  1               ; Joystick und keyboard input
00595D  1               ;------------------------------------------------------------
00595D  1               JOYSTICK_L5957:
00595D  1  AD 10 D0     		lda TRIG0
005960  1  85 7F        		sta FIRE_7F
005962  1  AD 00 D3     		lda PORTA
005965  1  29 0F        		and #$0F
005967  1  85 7E        		sta JOYA_7E
005969  1  18           		clc
00596A  1  65 7F        		adc FIRE_7F
00596C  1  C9 10        		cmp #$10
00596E  1  F0 08        		beq L5972					;nothing pressed (15 + 1)
005970  1               
005970  1  A9 80        		lda #$80					;otherwise
005972  1  0D 41 29     		ora L293B					;set bit 7 in L293B
005975  1  8D 41 29     		sta L293B
005978  1               
005978  1  A4 E9        L5972:		ldy NEW_KEY_L00E9
00597A  1  A6 EA        		ldx LAST_KEY_L00EA
00597C  1  C0 8C        		cpy #$8C					; 'CTRL-Return'
00597E  1  F0 F8        		beq L5972
005980  1               
005980  1  C0 3A        		cpy #$3A					; 'D' key pressed
005982  1  D0 06        		bne L5984
005984  1  20 F4 5A     		jsr RESET_KEY_L5AEE
005987  1  4C 75 3D     		jmp L3D6F
00598A  1               
00598A  1               ;------------------------------------------------------------
00598A  1               ;
00598A  1               ;------------------------------------------------------------
00598A  1  C0 00        L5984:		cpy #$00					; 'L' key pressed
00598C  1  D0 09        		bne L5991
00598E  1  20 F4 5A     		jsr RESET_KEY_L5AEE
005991  1  20 FD 5A     		jsr L5AF7
005994  1  4C 3F 3D     		jmp L3D39
005997  1               
005997  1  E0 36        L5991:		cpx #$36					; '<' key pressed
005999  1  D0 07        		bne L599C
00599B  1  A2 F8        		ldx #$F8
00599D  1  A0 FC        		ldy #$FC
00599F  1  4C DB 5A     		jmp L5AD5
0059A2  1               
0059A2  1  E0 37        L599C:		cpx #$37					; '>' key pressed
0059A4  1  D0 07        		bne L59A7
0059A6  1  A2 08        		ldx #$08
0059A8  1  A0 00        		ldy #$00
0059AA  1  4C DB 5A     		jmp L5AD5
0059AD  1               
0059AD  1  C0 BE        L59A7:		cpy #$BE					;'CTRL-S'
0059AF  1  D0 07        		bne L59B2
0059B1  1  8C FE 5B     		sty KBCODE_L5BF8				;KBCODE
0059B4  1  A2 3B        		ldx #$3B					;X= Function code?
0059B6  1  D0 0B        		bne L59BD
0059B8  1               
0059B8  1  C0 80        L59B2:		cpy #$80					;'CTRL-L'
0059BA  1  D0 50        		bne L5A06
0059BC  1               
0059BC  1  A9 00        		lda #$00
0059BE  1  8D FE 5B     		sta KBCODE_L5BF8
0059C1  1  A2 3A        		ldx #$3A
0059C3  1  20 FE 59     L59BD:		jsr L59F8
0059C6  1  20 F4 5A     		jsr RESET_KEY_L5AEE
0059C9  1               
0059C9  1  A5 E9        L59C3:		lda NEW_KEY_L00E9
0059CB  1  C9 04        		cmp #$04					;04 = no key, loop
0059CD  1  F0 FA        		beq L59C3
0059CF  1               
0059CF  1  38           		sec
0059D0  1  E9 18        		sbc #$18
0059D2  1  29 3F        		and #$3F
0059D4  1  C9 1E        		cmp #$1E
0059D6  1  B0 21        		bcs L59F3
0059D8  1               
0059D8  1  AA           		tax						;load X=$1A
0059D9  1  BD D3 6B     		lda L6BD3,X
0059DC  1  F0 1B        		beq L59F3
0059DE  1  8D FD 5B     		sta LOAD_SECTOR_L5BF7				;load-sector
0059E1  1  20 F4 5A     		jsr RESET_KEY_L5AEE
0059E4  1  20 01 5B     		jsr SOUND_EFFECT_L5AFB
0059E7  1  A2 38        		ldx #$38					;"PRESS RETURN WHEN READY"
0059E9  1  20 FE 59     		jsr L59F8
0059EC  1  A5 E9        L59E6:		lda NEW_KEY_L00E9
0059EE  1  C9 04        		cmp #$04					;'F2'-loop?
0059F0  1  F0 FA        		beq L59E6
0059F2  1  C9 0C        		cmp #$0C					;'Return' after load/save
0059F4  1  D0 03        		bne L59F3
0059F6  1  4C 18 5B     		jmp L5B12
0059F9  1               
0059F9  1  A2 32        L59F3:		ldx #$32					;clear message
0059FB  1  4C FE 59     		jmp L59F8
0059FE  1               
0059FE  1               ;------------------------------------------------------------
0059FE  1               ; wait until no message pending and start a new one
0059FE  1               ;------------------------------------------------------------
0059FE  1  A5 E6        L59F8:		lda MESSAGE_PENDING_E6				;loop until no message pending
005A00  1  D0 FC        		bne L59F8
005A02  1  20 30 32     		jsr START_MESSAGE_L322A
005A05  1               
005A05  1  A5 E0        L59FF:		lda JIFY_CNT_E0					;loop until JIFY_CNT_E0 > #$20
005A07  1  C9 1E        		cmp #$1E
005A09  1  90 FA        		bcc L59FF
005A0B  1  60           		rts
005A0C  1               
005A0C  1               ;------------------------------------------------------------
005A0C  1               ;
005A0C  1               ;------------------------------------------------------------
005A0C  1  EA           L5A06:		nop
005A0D  1  C0 AF        		cpy #$AF					;CTRL-Q
005A0F  1  D0 0D        		bne L5A18
005A11  1               
005A11  1  20 01 5B     		jsr SOUND_EFFECT_L5AFB				;yes, start from scratch
005A14  1  20 F4 5A     		jsr RESET_KEY_L5AEE
005A17  1  A2 FF        		ldx #$FF
005A19  1  9A           		txs
005A1A  1  D8           		cld
005A1B  1  4C 9C 29     		jmp RESTART_L2996
005A1E  1               
005A1E  1               ;------------------------------------------------------------
005A1E  1               ;
005A1E  1               ;------------------------------------------------------------
005A1E  1  C0 2A        L5A18:		cpy #$2A					; 'E' elevator
005A20  1  F0 03        		beq L5A1F
005A22  1  4C AC 5A     		jmp L5AA6
005A25  1               
005A25  1  20 F4 5A     L5A1F:		jsr RESET_KEY_L5AEE
005A28  1  A5 CA        		lda LIFT_UP_DOWN_CA				;$01=up, $80=down
005A2A  1  D0 2B        L5A24:		bne L5A51					;rts
005A2C  1  A5 A6        		lda PLANET_UNDERGROUND_A6			;0=outside,1=underground
005A2E  1  D0 52        		bne L5A7C
005A30  1               
005A30  1  A5 7D        		lda L007D
005A32  1  F0 23        		beq L5A51					;rts
005A34  1               
005A34  1  A5 71        		lda CUR_X_MSB_71				;check if in Hangar range
005A36  1  4A           		lsr
005A37  1  4A           		lsr
005A38  1  C9 1C        		cmp #$1C
005A3A  1  D0 1B        		bne L5A51					;rts
005A3C  1  A5 77        		lda CUR_Z_MSB_77
005A3E  1  4A           		lsr
005A3F  1  4A           		lsr
005A40  1  C9 1C        		cmp #$1C
005A42  1  D0 13        		bne L5A51					;no, rts
005A44  1               
005A44  1  A2 08        		ldx #$08					; compare current HSB position
005A46  1  BD 07 5B     L5A40:		lda HANGAR_POS_5B02-1,X				; to all 8 hangar positions
005A49  1  C5 72        		cmp CUR_X_HSB_72
005A4B  1  D0 07        		bne L5A4E
005A4D  1  BD 0F 5B     		lda L5B09,X
005A50  1  C5 78        		cmp CUR_Z_HSB_78
005A52  1  F0 04        		beq L5A52					; jump if equal
005A54  1  CA           L5A4E:		dex
005A55  1  D0 EF        		bne L5A40
005A57  1  60           L5A51:		rts
005A58  1               
005A58  1               ;------------------------------------------------------------
005A58  1               ; 'E' pressed and outside and in hanger position
005A58  1               ;------------------------------------------------------------
005A58  1  E0 05        L5A52:		cpx #$05					;are we at 03-15?
005A5A  1  D0 0A        		bne L5A60					;no
005A5C  1               
005A5C  1  AD F4 69     		lda L69EE					;pass available?
005A5F  1  30 05        		bmi L5A60
005A61  1  A2 39        		ldx #$39					;"pass holders only"
005A63  1  4C 30 32     L5A5D:		jmp START_MESSAGE_L322A
005A66  1               
005A66  1  20 01 5B     L5A60:		jsr SOUND_EFFECT_L5AFB				;hanger = 1-8
005A69  1  86 CD        		stx ROOM_NO_CD
005A6B  1               
005A6B  1  A2 03        		ldx #$03
005A6D  1  AD 56 6B     L5A67:		lda L6B56
005A70  1  95 C4        		sta COLBAK_SAVE_C4,X
005A72  1  AD 55 6B     		lda L6B55
005A75  1  95 C0        		sta BACKGND_COLOR_C0,X
005A77  1  CA           		dex
005A78  1  10 F3        		bpl L5A67
005A7A  1               
005A7A  1  A9 0D        		lda #$0D					;value of $CC
005A7C  1  A2 93        		ldx #$93					;value of $CB
005A7E  1  A0 80        		ldy #$80					;value of $CA (down)
005A80  1  30 21        		bmi L5A9D
005A82  1               
005A82  1               ;------------------------------------------------------------
005A82  1               ; 'E' pressed and underground
005A82  1               ;------------------------------------------------------------
005A82  1  A2 00        L5A7C:		ldx #$00
005A84  1  A9 08        		lda #$08
005A86  1  C5 CD        		cmp ROOM_NO_CD
005A88  1  90 CD        		bcc L5A51					;room>9 rts
005A8A  1  D0 01        		bne L5A87
005A8C  1  CA           		dex
005A8D  1  86 F9        L5A87:		stx AT_COLONY_CRAFT_00F9			;F9=$FF when at colony craft
005A8F  1  20 01 5B     		jsr SOUND_EFFECT_L5AFB
005A92  1  AD 51 6B     		lda L6B51
005A95  1  85 C0        		sta BACKGND_COLOR_C0
005A97  1  85 C1        		sta OBJECT_COLOR_c1
005A99  1  85 C2        		sta ROOM_COLOR_C2
005A9B  1  85 C3        		sta LINE_COLOR_C3
005A9D  1  A9 00        		lda #$00
005A9F  1  A2 4A        		ldx #$4A
005AA1  1  A0 01        		ldy #$01
005AA3  1               
005AA3  1  85 CC        L5A9D:		sta L00CC
005AA5  1  86 CB        		stx L00CB
005AA7  1  84 CA        		sty LIFT_UP_DOWN_CA
005AA9  1  4C C7 3D     		jmp SET_SPEED_ZERO_3DC1
005AAC  1               
005AAC  1               ;------------------------------------------------------------
005AAC  1               ;
005AAC  1               ;------------------------------------------------------------
005AAC  1  98           L5AA6:		tya						;key 0-9?
005AAD  1  38           		sec
005AAE  1  E9 18        		sbc #$18
005AB0  1  29 3F        		and #$3F
005AB2  1  C9 1E        		cmp #$1E
005AB4  1  B0 A1        		bcs L5A51
005AB6  1               
005AB6  1  AA           		tax
005AB7  1  BD D3 6B     		lda L6BD3,X
005ABA  1  F0 9B        		beq L5A51
005ABC  1  AA           		tax
005ABD  1  98           		tya
005ABE  1  2A           		rol
005ABF  1  2A           		rol
005AC0  1  8A           		txa
005AC1  1  2A           		rol
005AC2  1  85 ED        		sta SPEED_FP_ED
005AC4  1  A9 00        		lda #$00
005AC6  1  85 EC        		sta SPEED_FP_EC
005AC8  1  20 F9 5A     		jsr L5AF3
005ACB  1  20 F4 5A     		jsr RESET_KEY_L5AEE
005ACE  1  A2 0F        		ldx #$0F
005AD0  1  BD 05 D0     		lda P1PF,X
005AD3  1  09 F1        		ora #$F1
005AD5  1  C9 F1        		cmp #$F1
005AD7  1  F0 01        		beq L5AD4
005AD9  1  68           		pla
005ADA  1  60           L5AD4:		rts
005ADB  1               
005ADB  1               ;------------------------------------------------------------
005ADB  1               ;
005ADB  1               ;------------------------------------------------------------
005ADB  1  86 06        L5AD5:		stx MUL_LO_06
005ADD  1  84 07        		sty MUL_HI_07
005ADF  1  A6 EC        		ldx SPEED_FP_EC
005AE1  1  A4 ED        		ldy SPEED_FP_ED
005AE3  1  20 DE 4D     		jsr FP_MUL_L4DD8
005AE6  1  98           		tya
005AE7  1  29 FC        		and #$FC
005AE9  1  C9 3C        		cmp #$3C
005AEB  1  F0 07        		beq RESET_KEY_L5AEE
005AED  1  86 EC        		stx SPEED_FP_EC
005AEF  1  84 ED        		sty SPEED_FP_ED
005AF1  1  20 F9 5A     		jsr L5AF3					;make some noise
005AF4  1               
005AF4  1               ;------------------------------------------------------------
005AF4  1               ;
005AF4  1               ;------------------------------------------------------------
005AF4  1               RESET_KEY_L5AEE:
005AF4  1  A9 04        		lda #$04					;reset new key?#
005AF6  1  85 E9        		sta NEW_KEY_L00E9
005AF8  1  60           		rts
005AF9  1               
005AF9  1               ;------------------------------------------------------------
005AF9  1               ; noise if flying
005AF9  1               ;------------------------------------------------------------
005AF9  1  A5 A6        L5AF3:		lda PLANET_UNDERGROUND_A6
005AFB  1  D0 0A        		bne L5B01
005AFD  1  A5 A7        L5AF7:		lda CRAFT_ID_WALKING_A7
005AFF  1  30 06        		bmi L5B01					;walking
005B01  1               
005B01  1               SOUND_EFFECT_L5AFB:
005B01  1  48           		pha
005B02  1  A9 24        		lda #$24
005B04  1  85 F5        		sta SOUND_F5
005B06  1  68           		pla
005B07  1  60           L5B01:		rts
005B08  1               
005B08  1               ;------------------------------------------------------------
005B08  1               ; hangar positions X/Z
005B08  1               ; 09-06, 09-05, 03-00, 11-13, 03-15, 81-35, **-**, 08-08
005B08  1               ;------------------------------------------------------------
005B08  1               
005B08  1               HANGAR_POS_5B02:
005B08  1  09 09 03 0B  		.byte $09,$09,$03,$0B,$03,$51,$88
005B0C  1  03 51 88     
005B0F  1  08           L5B09:		.byte $08
005B10  1  06 05 00 0D  		.byte $06,$05,$00,$0D,$0F,$23,$88
005B14  1  0F 23 88     
005B17  1  08           		.byte $08
005B18  1               
005B18  1               ;------------------------------------------------------------
005B18  1               ; load-store game
005B18  1               ;------------------------------------------------------------
005B18  1  78           L5B12:		sei
005B19  1  A2 00        		ldx #$00
005B1B  1  8E 0E D4     		stx NMIEN					;disable all interrupts
005B1E  1               
005B1E  1  B5 00        L5B18:		lda MEM_PTR_LO_00,X
005B20  1  9D 06 21     		sta ZERO_PAGE_SAVE_2100,X			;save zero-page
005B23  1  BD 9E 5B     		lda L5B98,X
005B26  1  95 00        		sta MEM_PTR_LO_00,X				;and copy from L5B98 to zero page
005B28  1  E8           		inx
005B29  1  D0 F3        		bne L5B18
005B2B  1               
005B2B  1  8E 44 02     		stx COLDST					;X = 0
005B2E  1  8E FA 03     		stx GINTLK
005B31  1  8E F8 03     		stx BASICF
005B34  1  A9 FD        		lda #$FD
005B36  1  8D 01 D3     		sta PORTB
005B39  1  4C 74 E4     		jmp WARMSV					;call reset routine
005B3C  1               
005B3C  1               ;------------------------------------------------------------
005B3C  1               ;
005B3C  1               ;------------------------------------------------------------
005B3C  1               L5B36:
005B3C  1  A9 00        		lda #$00					;and continue at $5B36
005B3E  1  8D 0A 03     		sta DAUX1
005B41  1  AD FD 5B     		lda LOAD_SECTOR_L5BF7
005B44  1  4A           		lsr
005B45  1  4A           		lsr
005B46  1  6E 0A 03     		ror DAUX1
005B49  1  4A           		lsr
005B4A  1  6E 0A 03     		ror DAUX1
005B4D  1  4A           		lsr
005B4E  1  6E 0A 03     L5B48:		ror DAUX1
005B51  1  8D 0B 03     		sta DAUX2
005B54  1  AD FE 5B     		lda KBCODE_L5BF8
005B57  1  D0 2D        		bne L5B80					;<>0 jump to save
005B59  1               
005B59  1               ;------------------------------------------------------------
005B59  1               ; load game, copy 10-bytes DCB-data to DDEVIC
005B59  1               ;------------------------------------------------------------
005B59  1  A2 09        		ldx #$09					;fill DCB for load
005B5B  1  BD 0B 5C     L5B55:		lda DSK_LOAD_DAT_L5C05,X
005B5E  1  9D 00 03     		sta DDEVIC,X
005B61  1  CA           		dex
005B62  1  10 F7        		bpl L5B55
005B64  1               
005B64  1  A0 00        		ldy #$00
005B66  1  84 B2        L5B60:		sty CHUNK_CNT_B2
005B68  1  B9 17 5C     		lda GAME_MEM_LEN_L5C11,Y			;if hi-byte ptr zero, leave
005B6B  1  F0 0C        		beq L5B73
005B6D  1  20 C3 5B     		jsr LOAD_CHUNK_L5BBD
005B70  1  30 07        		bmi L5B73
005B72  1  A4 B2        		ldy CHUNK_CNT_B2
005B74  1  C8           		iny
005B75  1  C8           		iny
005B76  1  C8           		iny
005B77  1  D0 ED        		bne L5B60
005B79  1               
005B79  1  A2 16        L5B73:		ldx #$16
005B7B  1  A9 A0        		lda #$A0
005B7D  1  9D 78 98     L5B77:		sta L9878,X
005B80  1  CA           		dex
005B81  1  10 FA        		bpl L5B77
005B83  1  6C FC 21     		jmp (L21FC)
005B86  1               
005B86  1               ;------------------------------------------------------------
005B86  1               ; save game, copy 10-bytes DCB-data to DDEVIC
005B86  1               ;------------------------------------------------------------
005B86  1  A2 09        L5B80:		ldx #$09
005B88  1  BD FF 5B     L5B82:		lda DSK_SAVE_DAT_L5BF9,X
005B8B  1  9D 00 03     		sta DDEVIC,X
005B8E  1  CA           		dex
005B8F  1  10 F7        		bpl L5B82
005B91  1               
005B91  1  A0 00        		ldy #$00
005B93  1  84 B2        L5B8D:		sty CHUNK_CNT_B2
005B95  1  B9 17 5C     		lda GAME_MEM_LEN_L5C11,Y
005B98  1  F0 DF        		beq L5B73					;hi-byte ptr zero, leave
005B9A  1  20 AE 5B     		jsr SAVE_CHUNK_L5BA8
005B9D  1               
005B9D  1               L5B97:		;ldy CHUNK_CNT_B2				;actually code here
005B9D  1               		;iny
005B9D  1               		;iny
005B9D  1               		;iny
005B9D  1               		;BNE $5B8D
005B9D  1               		;BEQ $5B73
005B9D  1               
005B9D  1  A4           		.byte $A4
005B9E  1               
005B9E  1               ;
005B9E  1               ; 256 bytes copied into zeropage
005B9E  1               ;
005B9E  1  B2 C8 C8 C8  L5B98:		.byte $B2,$C8,$C8,$C8,$D0,$EF,$F0,$D3,$FF,$01,$36,$5B,$36,$5B,$00,$07
005BA2  1  D0 EF F0 D3  
005BA6  1  FF 01 36 5B  
005BAE  1               
005BAE  1               ;------------------------------------------------------------
005BAE  1               ;
005BAE  1               ;------------------------------------------------------------
005BAE  1               SAVE_CHUNK_L5BA8:
005BAE  1  85 B1        		sta CHUNK_PTR_HI_B1				;hi-byte from caller
005BB0  1  B9 18 5C     		lda GAME_MEM_LEN_L5C11+1,Y                      ;lo-byte ptr from table
005BB3  1  85 B0        		sta CHUNK_PTR_LO_B0
005BB5  1  A0 00        		ldy #$00
005BB7  1  B1 B0        L5BB1:		lda (CHUNK_PTR_LO_B0),Y
005BB9  1  99 00 88     		sta $8800,Y
005BBC  1  C8           		iny
005BBD  1  D0 F2        		bne $5BB1
005BBF  1  20 E1 5B     		jsr DISKIO_5BDB
005BC2  1  60           		rts
005BC3  1               
005BC3  1               ;------------------------------------------------------------
005BC3  1               ;
005BC3  1               ;------------------------------------------------------------
005BC3  1               LOAD_CHUNK_L5BBD:
005BC3  1  85 B1        		sta CHUNK_PTR_HI_B1				;hi-byte from caller
005BC5  1  B9 18 5C     		lda GAME_MEM_LEN_L5C11+1,Y			;lo-byte ptr from table
005BC8  1  85 B0        		sta CHUNK_PTR_LO_B0
005BCA  1  B9 19 5C     		lda GAME_MEM_LEN_L5C11+2,Y
005BCD  1  85 B3        		sta CHUNK_LEN_B3				;chunks's length in CHUNK_LEN_B3
005BCF  1  20 E1 5B     		jsr DISKIO_5BDB					;read 2 sectors from disk
005BD2  1  30 0C        		bmi L5BDA					;if error exit
005BD4  1               
005BD4  1  A4 B3        		ldy CHUNK_LEN_B3
005BD6  1  B9 00 88     L5BD0:		lda $8800,Y					;copy from buffer
005BD9  1  91 B0        		sta (CHUNK_PTR_LO_B0),Y				;into memory
005BDB  1  88           		dey
005BDC  1  C0 FF        		cpy #$FF
005BDE  1  D0 F0        		bne $5BD0
005BE0  1               
005BE0  1  60           L5BDA:		rts
005BE1  1               
005BE1  1               ;------------------------------------------------------------
005BE1  1               ; load/save 2 sectors
005BE1  1               ;------------------------------------------------------------
005BE1  1  A9 00        DISKIO_5BDB:	lda #$00
005BE3  1  8D 04 03     		sta DBUFLO
005BE6  1  20 53 E4     		jsr DSKINV
005BE9  1  30 11        		bmi DISKIO_5BF6
005BEB  1  EE 0A 03     		inc DAUX1
005BEE  1  A9 80        		lda #$80
005BF0  1  8D 04 03     		sta DBUFLO
005BF3  1  20 53 E4     		jsr DSKINV
005BF6  1  30 04        		bmi DISKIO_5BF6
005BF8  1  EE 0A 03     		inc DAUX1
005BFB  1  4A           		lsr						;clear sign
005BFC  1  60           DISKIO_5BF6:	rts
005BFD  1               
005BFD  1               L213C		= $213C
005BFD  1               L2120		= $2120
005BFD  1               L213D		= $213D
005BFD  1               
005BFD  1               LOAD_SECTOR_L5BF7:
005BFD  1  00           		.byte $00
005BFE  1               KBCODE_L5BF8:
005BFE  1  00           		.byte $00
005BFF  1               
005BFF  1               ;------------------------------------------------------------
005BFF  1               ; SAVE DDEVIC,X X = 0-9 values
005BFF  1               ;
005BFF  1               ; 'W' DISK1 buffer $8800
005BFF  1               ;------------------------------------------------------------
005BFF  1               DSK_SAVE_DAT_L5BF9:
005BFF  1  30 01 57 80  		.byte $30,$01,'W',$80,$00,$88,$30,$00,$80,$00
005C03  1  00 88 30 00  
005C07  1  80 00        
005C09  1               
005C09  1  00 00        		.byte $00,$00
005C0B  1               
005C0B  1               ;------------------------------------------------------------
005C0B  1               ; LOAD DDEVIC,X X = 0-9 values
005C0B  1               ;
005C0B  1               ; 'R' D1: buffer $8800
005C0B  1               ;------------------------------------------------------------
005C0B  1               DSK_LOAD_DAT_L5C05:
005C0B  1  30 01 52 40  		.byte $30,$01,'R',$40,$00,$88,$30,$00,$80,$00
005C0F  1  00 88 30 00  
005C13  1  80 00        
005C15  1               
005C15  1  00 00        		.byte $00,$00
005C17  1               ;------------------------------------------------------------
005C17  1               ; Memory and length
005C17  1               ;------------------------------------------------------------
005C17  1               GAME_MEM_LEN_L5C11:
005C17  1  1F 00 FF     		.byte $1F,$00,$FF				;$1f00, len $ff
005C1A  1  64 80 7F     		.byte $64,$80,$7F                               ;$6480, len $7F		;OBJ XYZ positions
005C1D  1  65 00 FF     		.byte $65,$00,$FF                               ;$6500, len $FF		;OBJ XYZ positions
005C20  1  68 80 7F     		.byte $68,$80,$7F                               ;$6880, len $7F		;OBJ XYZ positions
005C23  1  69 00 FF     		.byte $69,$00,$FF                               ;$6900, len $FF         ;OBJ XYZ positions
005C26  1  27 40 0F     		.byte $27,$40,$0F                               ;$2740, len $0F
005C29  1  06 00 5F     		.byte $06,$00,$5F                               ;$0600, len $5F
005C2C  1  21 00 FF     		.byte $21,$00,$FF                               ;$2100, len $FF		;saved zero page
005C2F  1  72 C0 BF     		.byte $72,$C0,$BF                               ;$72C0, len $BF
005C32  1  73 80 7F     		.byte $73,$80,$7F                               ;$7380, len $7F
005C35  1  97 D0 EF     		.byte $97,$D0,$EF                               ;$97D0, len $EF
005C38  1  70 80 7F     		.byte $70,$80,$7F                               ;$7080, len $7F		;charset?
005C3B  1  29 00 7F     		.byte $29,$00,$7F                               ;$2900, len $7F
005C3E  1  00           		.byte $00
005C3F  1               
005C3F  1               
005C3F  1               ;------------------------------------------------------------
005C3F  1               ;
005C3F  1               ;------------------------------------------------------------
005C3F  1  A5 CA        L5C39:		lda LIFT_UP_DOWN_CA
005C41  1  F0 01        		beq L5C3E
005C43  1  60           		rts
005C44  1               
005C44  1  AD E0 69     L5C3E:		lda L69DA
005C47  1  10 1C        		bpl L5C5F
005C49  1  A5 CD        		lda ROOM_NO_CD
005C4B  1  D0 18        		bne L5C5F
005C4D  1  A5 B5        		lda GROUND_STRUC_OBJ_TO_DRAW_B5
005C4F  1  F0 14        		beq L5C5F
005C51  1  A5 75        		lda CUR_Y_HSB_75
005C53  1  D0 10        		bne L5C5F
005C55  1  A5 F2        		lda L00F2
005C57  1  0A           		asl
005C58  1  0A           		asl
005C59  1  30 0A        		bmi L5C5F
005C5B  1  90 04        		bcc L5C5B
005C5D  1  A9 8E        		lda #$8E
005C5F  1  D0 06        L5C59:		bne L5C61
005C61  1  A9 CE        L5C5B:		lda #$CE
005C63  1  D0 02        		bne L5C61
005C65  1  A9 3E        L5C5F:		lda #$3E
005C67  1  8D 49 6B     L5C61:		sta L6B49
005C6A  1  A9 00        		lda #$00
005C6C  1  85 05        		sta TMP_04+1
005C6E  1  A9 39        		lda #$39
005C70  1  85 04        		sta TMP_04
005C72  1  A4 73        		ldy CUR_Y_LSB_73
005C74  1  A6 74        		ldx CUR_Y_MSB_74
005C76  1  A5 75        		lda CUR_Y_HSB_75
005C78  1  48           		pha
005C79  1  20 19 5D     		jsr L5D13
005C7C  1  48           		pha
005C7D  1  20 19 5D     		jsr L5D13
005C80  1  48           		pha
005C81  1  98           		tya
005C82  1  4A           		lsr
005C83  1  4A           		lsr
005C84  1  85 06        		sta MUL_LO_06
005C86  1  98           		tya
005C87  1  18           		clc
005C88  1  65 06        		adc MUL_LO_06
005C8A  1  6A           		ror
005C8B  1  4A           		lsr
005C8C  1  4A           		lsr
005C8D  1  4A           		lsr
005C8E  1  4A           		lsr
005C8F  1  A4 04        		ldy TMP_04
005C91  1  99 D4 97     		sta L97D4,Y
005C94  1  68           		pla
005C95  1  99 D3 97     		sta L97D3,Y
005C98  1  68           		pla
005C99  1  4A           		lsr
005C9A  1  4A           		lsr
005C9B  1  4A           		lsr
005C9C  1  4A           		lsr
005C9D  1  99 D2 97     		sta L97D2,Y
005CA0  1  68           		pla
005CA1  1  AA           		tax
005CA2  1  20 4C 5D     		jsr L5D46
005CA5  1  A6 24        		ldx ZP_24
005CA7  1  A5 25        		lda ZP_25
005CA9  1  4A           		lsr
005CAA  1  B0 04        		bcs L5CAA
005CAC  1  A0 8B        		ldy #$8B
005CAE  1  D0 02        		bne L5CAC
005CB0  1  A0 8D        L5CAA:		ldy #$8D
005CB2  1  8C 12 98     L5CAC:		sty L9812
005CB5  1  0A           		asl
005CB6  1  A8           		tay
005CB7  1  20 7B 4F     		jsr BIT16_TO_FP_L4F75
005CBA  1  86 06        		stx MUL_LO_06
005CBC  1  84 07        		sty MUL_HI_07
005CBE  1  A0 43        		ldy #$43
005CC0  1  20 4C 5D     		jsr L5D46
005CC3  1  A5 07        		lda MUL_HI_07
005CC5  1  4A           		lsr
005CC6  1  4A           		lsr
005CC7  1  4A           		lsr
005CC8  1  18           		clc
005CC9  1  65 07        		adc MUL_HI_07
005CCB  1  6A           		ror
005CCC  1  18           		clc
005CCD  1  65 07        		adc MUL_HI_07
005CCF  1  6A           		ror
005CD0  1  4A           		lsr
005CD1  1  AA           		tax
005CD2  1  20 4C 5D     		jsr L5D46
005CD5  1  A5 25        		lda ZP_25
005CD7  1  10 04        		bpl L5CD7
005CD9  1  A9 00        		lda #$00
005CDB  1  F0 14        		beq L5CEB
005CDD  1  A2 20        L5CD7:		ldx #$20
005CDF  1  8E 08 D2     		stx AUDCTL
005CE2  1  4A           		lsr
005CE3  1  4A           		lsr
005CE4  1  38           		sec
005CE5  1  E9 03        		sbc #$03
005CE7  1  F0 02        		beq L5CE5
005CE9  1  10 02        		bpl L5CE7
005CEB  1  A9 01        L5CE5:		lda #$01
005CED  1  29 0F        L5CE7:		and #$0F
005CEF  1  09 80        		ora #$80
005CF1  1  8D 05 D2     L5CEB:		sta AUDC3
005CF4  1  0A           		asl
005CF5  1  0A           		asl
005CF6  1  0A           		asl
005CF7  1  0A           		asl
005CF8  1  85 04        		sta TMP_04
005CFA  1  A5 24        		lda ZP_24
005CFC  1  4A           		lsr
005CFD  1  4A           		lsr
005CFE  1  4A           		lsr
005CFF  1  4A           		lsr
005D00  1  05 04        		ora TMP_04
005D02  1  49 FF        		eor #$FF
005D04  1  8D 04 D2     		sta AUDF3
005D07  1  A9 00        		lda #$00
005D09  1  85 EF        		sta L00EF
005D0B  1  A6 72        		ldx CUR_X_HSB_72
005D0D  1  A0 30        		ldy #$30
005D0F  1  20 36 5D     		jsr L5D30
005D12  1  A6 78        		ldx CUR_Z_HSB_78
005D14  1  C8           		iny
005D15  1  20 36 5D     		jsr L5D30
005D18  1  60           		rts
005D19  1               
005D19  1               ;------------------------------------------------------------
005D19  1               ;
005D19  1               ;------------------------------------------------------------
005D19  1  86 07        L5D13:		stx MUL_HI_07
005D1B  1  98           		tya
005D1C  1  46 07        		lsr MUL_HI_07
005D1E  1  6A           		ror
005D1F  1  46 07        		lsr MUL_HI_07
005D21  1  6A           		ror
005D22  1  85 06        		sta MUL_LO_06
005D24  1  98           		tya
005D25  1  18           		clc
005D26  1  65 06        		adc MUL_LO_06
005D28  1  A8           		tay
005D29  1  8A           		txa
005D2A  1  65 07        		adc MUL_HI_07
005D2C  1  6A           		ror
005D2D  1  48           		pha
005D2E  1  29 0F        		and #$0F
005D30  1  AA           		tax
005D31  1  98           		tya
005D32  1  6A           		ror
005D33  1  A8           		tay
005D34  1  68           		pla
005D35  1  60           		rts
005D36  1               
005D36  1               ;------------------------------------------------------------
005D36  1               ;
005D36  1               ;------------------------------------------------------------
005D36  1  8A           L5D30:		txa
005D37  1  18           		clc
005D38  1  69 63        		adc #$63
005D3A  1  C9 C7        		cmp #$C7
005D3C  1  90 02        		bcc L5D3A
005D3E  1  85 EF        		sta L00EF
005D40  1  8A           L5D3A:		txa
005D41  1  29 80        		and #$80
005D43  1  85 05        		sta TMP_04+1
005D45  1  10 05        		bpl L5D46
005D47  1  8A           		txa
005D48  1  49 FF        		eor #$FF
005D4A  1  AA           		tax
005D4B  1  E8           		inx
005D4C  1  BD B1 28     L5D46:		lda L28AB,X
005D4F  1  4A           		lsr
005D50  1  4A           		lsr
005D51  1  4A           		lsr
005D52  1  4A           		lsr
005D53  1  05 05        L5D4D:		ora TMP_04+1
005D55  1  99 D0 97     		sta L97D0,Y
005D58  1  C8           		iny
005D59  1  BD B1 28     		lda L28AB,X
005D5C  1  29 0F        L5D56:		and #$0F
005D5E  1  05 05        		ora TMP_04+1
005D60  1  99 D0 97     		sta L97D0,Y
005D63  1  C8           		iny
005D64  1  60           		rts
005D65  1               
005D65  1               ;------------------------------------------------------------
005D65  1               ;
005D65  1               ;------------------------------------------------------------
005D65  1  A5 28        L5D5F:		lda PITCH_LO_28
005D67  1  4A           		lsr
005D68  1  4A           		lsr
005D69  1  4A           		lsr
005D6A  1  65 28        		adc PITCH_LO_28
005D6C  1  6A           		ror
005D6D  1  38           		sec
005D6E  1  E5 B8        		sbc L00B8
005D70  1  AA           		tax
005D71  1  A5 29        		lda PITCH_HI_29
005D73  1  E5 B9        		sbc L00B9
005D75  1  29 03        		and #$03
005D77  1  D0 05        		bne L5D78
005D79  1  E0 00        		cpx #$00
005D7B  1  D0 01        		bne L5D78
005D7D  1  60           		rts
005D7E  1  29 02        L5D78:		and #$02
005D80  1  F0 03        		beq L5D7F
005D82  1  4C 45 5E     		jmp L5E3E+1
005D85  1               
005D85  1               ;------------------------------------------------------------
005D85  1               ;
005D85  1               ;------------------------------------------------------------
005D85  1  A4 B8        L5D7F:		ldy L00B8
005D87  1  C0 8F        		cpy #$8F
005D89  1  D0 0F        		bne L5D94
005D8B  1  A9 FF        		lda #$FF
005D8D  1  85 B8        		sta L00B8
005D8F  1  E6 B9        		inc L00B9
005D91  1  20 33 5E     		jsr L5E2D
005D94  1  B0 04        L5D8E:		bcs L5D94
005D96  1  A9 00        L5D90:		lda #$00
005D98  1  85 BA        		sta L00BA
005D9A  1  E6 B8        L5D94:		inc L00B8
005D9C  1  98           		tya
005D9D  1  49 07        		eor #$07
005D9F  1  29 0F        		and #$0F
005DA1  1  A8           		tay
005DA2  1  D0 13        		bne L5DB1
005DA4  1  A9 00        		lda #$00
005DA6  1  8D E0 73     		sta L73E0
005DA9  1  8D F0 73     		sta L73F0
005DAC  1  A9 FF        		lda #$FF
005DAE  1  8D EF 73     		sta L73EF
005DB1  1  8D FF 73     		sta L73FF
005DB4  1  4C C7 5D     		jmp L5DC1
005DB7  1               
005DB7  1               ;------------------------------------------------------------
005DB7  1               ;
005DB7  1               ;------------------------------------------------------------
005DB7  1  A9 00        L5DB1:		lda #$00
005DB9  1  99 E0 73     		sta L73E0,Y
005DBC  1  99 F0 73     		sta L73F0,Y
005DBF  1  A9 FF        		lda #$FF
005DC1  1  99 DF 73     		sta L73DF,Y
005DC4  1  99 EF 73     		sta L73EF,Y
005DC7  1  98           L5DC1:		tya
005DC8  1  18           		clc
005DC9  1  69 05        		adc #$05
005DCB  1  29 0F        		and #$0F
005DCD  1  A8           		tay
005DCE  1  B9 E1 73     		lda L73E1,Y
005DD1  1  99 E0 73     		sta L73E0,Y
005DD4  1  B9 E2 73     		lda L73E2,Y
005DD7  1  99 E1 73     		sta L73E1,Y
005DDA  1  B9 E3 73     L5DD4:		lda L73E3,Y
005DDD  1  99 E2 73     		sta L73E2,Y
005DE0  1  B9 E4 73     		lda L73E4,Y
005DE3  1  99 E3 73     		sta L73E3,Y
005DE6  1  B9 E5 73     		lda L73E5,Y
005DE9  1  99 E4 73     		sta L73E4,Y
005DEC  1  A9 00        		lda #$00
005DEE  1  99 E5 73     		sta L73E5,Y
005DF1  1  A2 05        		ldx #$05
005DF3  1  C0 0F        L5DED:		cpy #$0F
005DF5  1  F0 19        		beq L5E0A
005DF7  1  B9 F1 73     		lda L73F1,Y
005DFA  1  99 F0 73     		sta L73F0,Y
005DFD  1  BD 28 99     		lda L9928,X
005E00  1  99 D0 73     		sta L73D0,Y
005E03  1  C8           		iny
005E04  1  CA           		dex
005E05  1  D0 EC        		bne L5DED
005E07  1  A9 00        		lda #$00
005E09  1  99 F0 73     		sta L73F0,Y
005E0C  1  99 D0 73     		sta L73D0,Y
005E0F  1  60           		rts
005E10  1               
005E10  1               ;------------------------------------------------------------
005E10  1               ;
005E10  1               ;------------------------------------------------------------
005E10  1  AD D0 73     L5E0A:		lda L73D0
005E13  1  8D DF 73     		sta L73DF
005E16  1  A0 00        		ldy #$00
005E18  1  B9 E1 73     L5E12:		lda L73E1,Y
005E1B  1  99 E0 73     		sta L73E0,Y
005E1E  1  B9 D1 73     		lda L73D1,Y
005E21  1  99 D0 73     		sta L73D0,Y
005E24  1  C8           L5E1E:		iny
005E25  1  CA           		dex
005E26  1  D0 F0        L5E20:		bne L5E12
005E28  1  E6 BA        L5E22:		inc L00BA
005E2A  1  A4 BA        		ldy L00BA
005E2C  1  B9 CB 98     		lda L98CB,Y
005E2F  1  8D FF 73     		sta L73FF
005E32  1  60           		rts
005E33  1               
005E33  1               ;------------------------------------------------------------
005E33  1               ;
005E33  1               ;------------------------------------------------------------
005E33  1  A5 B9        L5E2D:		lda L00B9
005E35  1  29 03        		and #$03
005E37  1  AA           		tax
005E38  1  BD 41 5E     		lda L5E3B,X
005E3B  1  8D 4A 6B     		sta L6B49+1
005E3E  1  8A           		txa
005E3F  1  4A           		lsr
005E40  1  60           		rts
005E41  1               
005E41  1               ;------------------------------------------------------------
005E41  1               ;
005E41  1               ;------------------------------------------------------------
005E41  1  7E 7E AE     L5E3B:		ror LAE7E,X
005E44  1  AE A4 B8     L5E3E:		ldx LB8A4
005E47  1  D0 0F        		bne L5E52
005E49  1  A9 90        		lda #$90
005E4B  1  85 B8        		sta L00B8
005E4D  1  C6 B9        		dec L00B9
005E4F  1  20 33 5E     		jsr L5E2D
005E52  1  90 04        L5E4C:		bcc L5E52
005E54  1  A9 5B        		lda #$5B
005E56  1  85 BA        		sta L00BA
005E58  1  C6 B8        L5E52:		dec L00B8
005E5A  1  98           		tya
005E5B  1  49 07        		eor #$07
005E5D  1  29 0F        		and #$0F
005E5F  1  A8           		tay
005E60  1  C9 0F        L5E5A:		cmp #$0F
005E62  1  D0 13        		bne L5E71
005E64  1  A9 00        L5E5E:      	lda #$00
005E66  1  8D EF 73     L5E60:      	sta L73EF
005E69  1  8D FF 73     		sta L73FF
005E6C  1  A9 FF        		lda #$FF
005E6E  1  8D E0 73     		sta L73E0
005E71  1  8D F0 73     		sta L73F0
005E74  1  4C 87 5E     		jmp L5E81
005E77  1               
005E77  1               ;------------------------------------------------------------
005E77  1               ;
005E77  1               ;------------------------------------------------------------
005E77  1  A9 00        L5E71:      	lda #$00
005E79  1  99 E0 73     		sta L73E0,Y
005E7C  1  99 F0 73     		sta L73F0,Y
005E7F  1  A9 FF        		lda #$FF
005E81  1  99 E1 73     		sta L73E1,Y
005E84  1  99 F1 73     		sta L73F1,Y
005E87  1  98           L5E81:      	tya
005E88  1  18           		clc
005E89  1  69 0B        		adc #$0B
005E8B  1  29 0F        		and #$0F
005E8D  1  A8           		tay
005E8E  1  B9 EF 73     		lda L73EF,Y
005E91  1  99 F0 73     		sta L73F0,Y
005E94  1  B9 EE 73     		lda L73EE,Y
005E97  1  99 EF 73     		sta L73EF,Y
005E9A  1  B9 ED 73     		lda L73ED,Y
005E9D  1  99 EE 73     L5E97:      	sta L73EE,Y
005EA0  1  B9 EC 73     		lda L73EC,Y
005EA3  1  99 ED 73     		sta L73ED,Y
005EA6  1  B9 EB 73     		lda L73EB,Y
005EA9  1  99 EC 73     		sta L73EC,Y
005EAC  1  A9 00        		lda #$00
005EAE  1  99 EB 73     		sta L73EB,Y
005EB1  1  A2 05        		ldx #$05
005EB3  1  C0 00        L5EAD:      	cpy #$00
005EB5  1  F0 19        		beq L5ECA
005EB7  1  B9 DF 73     		lda L73DF,Y
005EBA  1  99 E0 73     		sta L73E0,Y
005EBD  1  BD 28 99     		lda L9928,X
005EC0  1  99 D0 73     		sta L73D0,Y
005EC3  1  88           		dey
005EC4  1  CA           		dex
005EC5  1  D0 EC        		bne L5EAD
005EC7  1  A9 00        		lda #$00
005EC9  1  99 E0 73     		sta L73E0,Y
005ECC  1  99 D0 73     		sta L73D0,Y
005ECF  1  60           		rts
005ED0  1               
005ED0  1               ;------------------------------------------------------------
005ED0  1               ;
005ED0  1               ;------------------------------------------------------------
005ED0  1  AD DF 73     L5ECA:		lda L73DF
005ED3  1  8D D0 73     		sta L73D0
005ED6  1  A0 0F        		ldy #$0F
005ED8  1  B9 EF 73     L5ED2:		lda L73EF,Y
005EDB  1  99 F0 73     		sta L73F0,Y
005EDE  1  B9 CF 73     		lda L73CF,Y
005EE1  1  99 D0 73     		sta L73D0,Y
005EE4  1  88           		dey
005EE5  1  CA           		dex
005EE6  1  D0 F0        		bne L5ED2
005EE8  1  C6 BA        		dec L00BA
005EEA  1  A4 BA        		ldy L00BA
005EEC  1  B9 C2 98     		lda L98C2,Y
005EEF  1  8D E0 73     		sta L73E0
005EF2  1  60           		rts
005EF3  1               
005EF3  1               ;------------------------------------------------------------
005EF3  1               ;
005EF3  1               ;------------------------------------------------------------
005EF3  1  A5 2A        L5EED:		lda YAW_LO_2A
005EF5  1  4A           		lsr
005EF6  1  4A           		lsr
005EF7  1  4A           		lsr
005EF8  1  65 2A        		adc YAW_LO_2A
005EFA  1  6A           		ror
005EFB  1  38           		sec
005EFC  1  E5 BC        		sbc L00BC
005EFE  1  AA           		tax
005EFF  1  A5 2B        		lda YAW_HI_2B
005F01  1  E5 BD        		sbc L00BD
005F03  1  29 03        		and #$03
005F05  1  D0 05        		bne L5F06
005F07  1  E0 00        		cpx #$00
005F09  1  D0 01        		bne L5F06
005F0B  1  60           		rts
005F0C  1               
005F0C  1               ;------------------------------------------------------------
005F0C  1               ;
005F0C  1               ;------------------------------------------------------------
005F0C  1  29 02        L5F06:		and #$02
005F0E  1  D0 03        		bne L5F0D
005F10  1  4C 83 5F     		jmp L5F7C+1
005F13  1  A4 BC        L5F0D:		ldy L00BC
005F15  1  D0 0F        		bne L5F20
005F17  1  A9 90        		lda #$90
005F19  1  85 BC        		sta L00BC
005F1B  1  C6 BD        		dec L00BD
005F1D  1  20 71 5F     		jsr L5F6B
005F20  1  90 04        		bcc L5F20
005F22  1  A9 B4        		lda #$B4
005F24  1  85 BE        		sta L00BE
005F26  1  C6 BC        L5F20:		dec L00BC
005F28  1  A2 05        		ldx #$05
005F2A  1  5E D8 72     L5F24:		lsr L72D8,X
005F2D  1  7E E0 72     L5F27:		ror L72E0,X
005F30  1  7E E8 72     		ror L72E8,X
005F33  1  7E F0 72     		ror L72F0,X
005F36  1  7E F8 72     		ror L72F8,X
005F39  1  7E 00 73     		ror L7300,X
005F3C  1  CA           		dex
005F3D  1  D0 EB        		bne L5F24
005F3F  1  98           		tya
005F40  1  38           		sec
005F41  1  E9 02        L5F3B:		sbc #$02
005F43  1  29 07        		and #$07
005F45  1  09 F0        		ora #$F0
005F47  1  8D 42 98     		sta L9842
005F4A  1  8D 43 98     		sta L9843
005F4D  1  8D 44 98     		sta L9844
005F50  1  8D 45 98     		sta L9845
005F53  1  C9 F3        		cmp #$F3
005F55  1  D0 27        		bne L5F78
005F57  1  98           		tya
005F58  1  A0 69        		ldy #$69
005F5A  1  A5 BE        		lda L00BE
005F5C  1  4A           		lsr
005F5D  1  B0 01        		bcs L5F5A
005F5F  1  A8           		tay
005F60  1  A2 04        L5F5A:		ldx #$04
005F62  1  B9 C4 98     L5F5C:		lda L98C4,Y
005F65  1  29 3F        		and #$3F
005F67  1  9D D9 72     		sta L72D9,X
005F6A  1  88           		dey
005F6B  1  C6 BE        		dec L00BE
005F6D  1  CA           		dex
005F6E  1  10 F2        		bpl L5F5C
005F70  1  60           		rts
005F71  1               
005F71  1               ;------------------------------------------------------------
005F71  1               ;
005F71  1               ;------------------------------------------------------------
005F71  1  A5 BD        L5F6B:		lda L00BD
005F73  1  29 03        		and #$03
005F75  1  AA           		tax
005F76  1  BD 7F 5F     		lda L5F79,X
005F79  1  8D 4E 6B     		sta L6B4C+2
005F7C  1  8A           		txa
005F7D  1  4A           		lsr
005F7E  1  60           L5F78:		rts
005F7F  1               
005F7F  1               ;------------------------------------------------------------
005F7F  1               ;
005F7F  1               ;------------------------------------------------------------
005F7F  1  3E 7E 1E     L5F79:		rol L1E7D+1,X
005F82  1  AE A4 BC     L5F7C:		ldx LBCA4
005F85  1  C0 8F        		cpy #$8F
005F87  1  D0 0F        		bne L5F92
005F89  1  A9 FF        		lda #$FF
005F8B  1  85 BC        		sta L00BC
005F8D  1  E6 BD        		inc L00BD
005F8F  1  20 71 5F     		jsr L5F6B
005F92  1  B0 04        		bcs L5F92
005F94  1  A9 00        		lda #$00
005F96  1  85 BE        		sta L00BE
005F98  1  E6 BC        L5F92:		inc L00BC
005F9A  1  98           		tya
005F9B  1  29 07        		and #$07
005F9D  1  09 F0        		ora #$F0
005F9F  1  8D 42 98     		sta L9842
005FA2  1  8D 43 98     		sta L9843
005FA5  1  8D 44 98     		sta L9844
005FA8  1  8D 45 98     		sta L9845
005FAB  1  C9 F4        		cmp #$F4
005FAD  1  D0 19        		bne L5FC2
005FAF  1  98           		tya
005FB0  1  A0 5A        		ldy #$5A
005FB2  1  A5 BE        		lda L00BE
005FB4  1  4A           		lsr
005FB5  1  B0 01        		bcs L5FB2
005FB7  1  A8           		tay
005FB8  1  A2 FB        L5FB2:		ldx #$FB
005FBA  1  B9 CF 98     L5FB4:		lda L98CF,Y
005FBD  1  29 3F        		and #$3F
005FBF  1  9D 06 72     		sta L7206,X
005FC2  1  C8           		iny
005FC3  1  E6 BE        		inc L00BE
005FC5  1  E8           		inx
005FC6  1  D0 F2        		bne L5FB4
005FC8  1  A2 05        L5FC2:		ldx #$05
005FCA  1  1E 00 73     L5FC4:		asl L7300,X
005FCD  1  3E F8 72     		rol L72F8,X
005FD0  1  3E F0 72     		rol L72F0,X
005FD3  1  3E E8 72     		rol L72E8,X
005FD6  1  3E E0 72     		rol L72E0,X
005FD9  1  3E D8 72     		rol L72D8,X
005FDC  1  CA           		dex
005FDD  1  D0 EB        		bne L5FC4
005FDF  1  60           		rts
005FE0  1               
005FE0  1               ;------------------------------------------------------------
005FE0  1               ; exchange zero page by $2100
005FE0  1               ;------------------------------------------------------------
005FE0  1  A2 00        L5FDA:		ldx #$00
005FE2  1  BC 06 21     L5FDC:		ldy ZERO_PAGE_SAVE_2100,X
005FE5  1  B5 00        		lda MEM_PTR_LO_00,X
005FE7  1  9D 06 21     		sta ZERO_PAGE_SAVE_2100,X
005FEA  1  98           		tya
005FEB  1  95 00        		sta MEM_PTR_LO_00,X
005FED  1  E8           		inx
005FEE  1  D0 F2        		bne L5FDC
005FF0  1  60           		rts
005FF1  1               
005FF1  1               ;------------------------------------------------------------
005FF1  1               ; setup?
005FF1  1               ;------------------------------------------------------------
005FF1  1  78           L5FEB:		sei                         			;disable ints
005FF2  1  A9 00        		lda #$00
005FF4  1  8D 0E D4     		sta NMIEN
005FF7  1               
005FF7  1  D8           		cld
005FF8  1  20 E0 5F     		jsr L5FDA                   			;exchange ZP
005FFB  1  A9 FE        		lda #$FE                    			;OS Rom off
005FFD  1  8D 01 D3     		sta PORTB
006000  1  8D 08 D5     		sta LD508
006003  1               
006003  1               		;lda #$5C                   			;NMI Vector $605C
006003  1  A9 62        		lda #<NMIVEC
006005  1  8D FA FF     		sta LFFFA
006008  1               L6002:      	;lda #$60
006008  1  A9 60        		lda #>NMIVEC
00600A  1  8D FB FF     		sta LFFFB
00600D  1               
00600D  1               		;lda #$FF					;immediate VBI $60FF
00600D  1  A9 05        		lda #<VBIPROC
00600F  1  8D 22 02     		sta VVBLKI
006012  1               		;lda #$60
006012  1  A9 61        		lda #>VBIPROC
006014  1  8D 23 02     		sta VVBLKI+1
006017  1               
006017  1               		;lda #$84					;DLI vector $6084
006017  1  A9 8A        		lda #<LABELRTI					;(rti)
006019  1  8D 00 02     		sta VDSLST
00601C  1               		;lda #$60
00601C  1  A9 60        		lda #>LABELRTI
00601E  1  8D 01 02     		sta VDSLST+1
006021  1               
006021  1  A9 C0        		lda #$C0					;enable DLI and VBI
006023  1  8D 0E D4     		sta NMIEN
006026  1  A9 70        		lda #$70					;charset at $7000
006028  1  8D 09 D4     		sta CHBASE
00602B  1  A9 03        		lda #$03					;enable Player and Missile
00602D  1  8D 1D D0     		sta GRACTL
006030  1  A9 2E        L602A:		lda #$2E					;DMA DLIST, Player/Missle, normal PF
006032  1  8D 00 D4     		sta DMACLT
006035  1  A9 98        		lda #$98					;PM data at $9000
006037  1  8D 07 D4     		sta PMBASE
00603A  1  A9 11        		lda #$11					;Missiles=Player 5
00603C  1  8D 1B D0     		sta PRIOR
00603F  1  A2 0C        		ldx #$0C
006041  1  BD 55 60     L603B:		lda L604F,X
006044  1  9D 00 D0     		sta HPOSP0,X
006047  1  CA           		dex
006048  1  10 F7        		bpl L603B
00604A  1  A9 03        		lda #$03
00604C  1  8D 0F D2     		sta SKCTL
00604F  1  A9 00        		lda #$00
006051  1  8D 08 D2     		sta AUDCTL
006054  1  60           		rts
006055  1               
006055  1  50 70 90 B0  L604F:		.byte $50, $70, $90, $B0 		;HPOSP0-3
006059  1  20 28 D0 D8  		.byte $20, $28, $D0, $D8			;HPOSM0-3
00605D  1  03 03 03 03  		.byte $03, $03, $03, $03, $FF			;quad size P&M
006061  1  FF           
006062  1               
006062  1               ;------------------------------------------------------------
006062  1               ; NMI routine
006062  1               ; choose between DLI and VBI
006062  1               ;------------------------------------------------------------
006062  1  2C 0F D4     NMIVEC:		bit NMIST
006065  1  10 03        		bpl L6064					;VBI
006067  1  6C 00 02     		jmp (VDSLST)					;DLI
00606A  1               
00606A  1               ;------------------------------------------------------------
00606A  1               ; interrupt routines
00606A  1               ;------------------------------------------------------------
00606A  1  D8           L6064:     	cld						;VBI routine start
00606B  1  48           		pha
00606C  1  8A           		txa
00606D  1  48           		pha
00606E  1  98           		tya
00606F  1  48           		pha
006070  1  8D 0F D4     		sta NMIRES
006073  1  6C 22 02     		jmp (VVBLKI)					;$60FF (VBIPROC)
006076  1               
006076  1               ;------------------------------------------------------------
006076  1               ; DLI interrupt routines
006076  1               ;------------------------------------------------------------
006076  1  48           DLIFIRST:	pha
006077  1  A9 85        L6071:		lda #$85
006079  1  8D 00 02     		sta VDSLST
00607C  1  A9 60        L6076:		lda #$60
00607E  1  8D 01 02     		sta VDSLST+1
006081  1  A5 A1        		lda COLBAKS_A1
006083  1  8D 0A D4     		sta WSYNC
006086  1  8D 1A D0     		sta COLBK
006089  1  68           		pla
00608A  1  40           LABELRTI:	rti
00608B  1               
00608B  1               ;------------------------------------------------------------
00608B  1               ;
00608B  1               ;------------------------------------------------------------
00608B  1  48           L6085:		pha
00608C  1  A9 F0        		lda #$F0
00608E  1  8D 00 02     		sta VDSLST
006091  1  A9 60        		lda #$60
006093  1  8D 01 02     		sta VDSLST+1
006096  1  AD 4B 6B     		lda L6B49+2
006099  1  8D 12 D0     		sta COLPM0
00609C  1  AD 48 6B     		lda L6B48
00609F  1  8D 1A D0     		sta COLBK
0060A2  1  AD 4A 6B     		lda L6B49+1
0060A5  1  8D 19 D0     		sta COLPF3
0060A8  1  A9 38        		lda #$38
0060AA  1  8D 04 D0     		sta HPOSM0
0060AD  1  AD 4C 6B     		lda L6B4C
0060B0  1  8D 13 D0     		sta COLPM1
0060B3  1  AD 4D 6B     		lda L6B4C+1
0060B6  1  8D 14 D0     		sta COLPM2
0060B9  1  AD 4E 6B     		lda L6B4C+2
0060BC  1  8D 15 D0     		sta COLPM3
0060BF  1  AD 4F 6B     		lda L6B4F
0060C2  1  8D 17 D0     		sta COLPF1
0060C5  1  AD 50 6B     L60BF:		lda L6B50
0060C8  1  8D 18 D0     		sta COLPF2
0060CB  1  68           		pla
0060CC  1  40           		rti
0060CD  1               
0060CD  1               ;------------------------------------------------------------
0060CD  1               ;
0060CD  1               ;------------------------------------------------------------
0060CD  1  48           		pha
0060CE  1  8A           		txa
0060CF  1  48           		pha
0060D0  1  98           		tya
0060D1  1  48           		pha
0060D2  1  A5 C4        		lda COLBAK_SAVE_C4
0060D4  1  A6 C5        		ldx COLPF1_SAVE_C5
0060D6  1  A4 C6        		ldy COLPF2_SAVE_C6
0060D8  1  8D 1A D0     		sta COLBK
0060DB  1  8E 16 D0     		stx COLPF0
0060DE  1  8C 17 D0     		sty COLPF1
0060E1  1  A5 C7        		lda COLPF3_SAVE_C7
0060E3  1  8D 18 D0     		sta COLPF2
0060E6  1  A9 85        		lda #$85
0060E8  1  8D 00 02     		sta VDSLST
0060EB  1  A9 60        		lda #$60
0060ED  1  8D 01 02     		sta VDSLST+1
0060F0  1  68           		pla
0060F1  1  A8           		tay
0060F2  1  68           		pla
0060F3  1  AA           		tax
0060F4  1  68           		pla
0060F5  1  40           		rti
0060F6  1               
0060F6  1               ;------------------------------------------------------------
0060F6  1               ;
0060F6  1               ;------------------------------------------------------------
0060F6  1  48           		pha
0060F7  1  AD 49 6B     		lda L6B49
0060FA  1  8D 12 D0     		sta COLPM0
0060FD  1  8D 13 D0     L60F7:		sta COLPM1
006100  1  8D 14 D0     		sta COLPM2
006103  1  68           		pla
006104  1  40           		rti
006105  1               
006105  1               ;------------------------------------------------------------
006105  1               ; VBI interrupt routine
006105  1               ;------------------------------------------------------------
006105  1  A9 06        VBIPROC:	lda #<DSPLIST_2800					;display list at $2800
006107  1  8D 02 D4     		sta DLISTL
00610A  1  A9 28        		lda #>DSPLIST_2800
00610C  1  8D 03 D4     		sta DLISTH
00610F  1               
00610F  1  A5 A2        		lda COLPF0S_A2
006111  1  8D 16 D0     		sta COLPF0
006114  1  A5 A3        		lda COLPF1S_A3
006116  1  8D 17 D0     		sta COLPF1
006119  1  A5 A4        		lda COLPF2S_A4
00611B  1  8D 18 D0     		sta COLPF2
00611E  1  AD 48 6B     		lda L6B48
006121  1  8D 19 D0     		sta COLPF3
006124  1               
006124  1  A9 0C        		lda #$0C
006126  1  8D 13 D0     		sta COLPM1
006129  1  A9 20        		lda #$20
00612B  1  8D 04 D0     		sta HPOSM0
00612E  1               
00612E  1  A9 76        		lda #<DLIFIRST
006130  1  8D 00 02     		sta VDSLST
006133  1  A9 60        		lda #>DLIFIRST
006135  1  8D 01 02     		sta VDSLST+1
006138  1               
006138  1  A6 F5        		ldx SOUND_F5					;sound effekt?
00613A  1  F0 03        		beq L6139
00613C  1  20 5E 62     		jsr L6258					;shot sound
00613F  1  A5 F0        L6139:		lda L00F0
006141  1  F0 24        		beq L6161
006143  1  A6 C8        		ldx room_change_L00C8
006145  1  D0 20        		bne L6161
006147  1  C6 F0        		dec L00F0
006149  1  4A           		lsr
00614A  1  AA           		tax
00614B  1  BD 06 6B     		lda GROUND_STRUCTURES_LIST_L6B00,X
00614E  1  05 A3        		ora COLPF1S_A3
006150  1  8D 17 D0     		sta COLPF1
006153  1  29 0F        		and #$0F
006155  1  09 A0        		ora #$A0
006157  1  A2 FF        		ldx #$FF
006159  1  8E 00 D2     		stx AUDF1
00615C  1  A2 DC        		ldx #$DC
00615E  1  8E 02 D2     		stx AUDF2
006161  1  8D 01 D2     		sta AUDC1
006164  1  8D 03 D2     L615E:		sta AUDC2
006167  1               
006167  1  AD 0F D2     L6161:		lda SKSTAT						;key still pressed?
00616A  1  29 04        		and #$04
00616C  1  D0 09        		bne L6171
00616E  1  AD 09 D2     		lda KBCODE						;load KBCODE
006171  1  C5 EA        		cmp LAST_KEY_L00EA					;changed?
006173  1  F0 02        		beq L6171						;no
006175  1  85 E9        		sta NEW_KEY_L00E9					;also store in NEW_KEY_L00E9
006177  1  85 EA        L6171:		sta LAST_KEY_L00EA
006179  1               
006179  1  A5 E6        		lda MESSAGE_PENDING_E6					;is a message pending?
00617B  1  F0 08        		beq L617F						;no
00617D  1               
00617D  1  A9 A0        		lda #$A0
00617F  1  8D 07 D2     		sta AUDC4
006182  1  20 49 32     		jsr L3243						;otherwise call
006185  1               
006185  1  A5 CA        L617F:		lda LIFT_UP_DOWN_CA
006187  1  30 23        		bmi L61A6
006189  1  D0 1E        		bne L61A3
00618B  1  20 F3 5E     		jsr L5EED
00618E  1  20 65 5D     		jsr L5D5F
006191  1               
006191  1  E6 E2        L618B:		inc TIMER_LSB_E2					;E3/4 1 second timer
006193  1  A5 E2        		lda TIMER_LSB_E2
006195  1  C9 32        		cmp #$32
006197  1  D0 0A        		bne L619D
006199  1  A9 00        		lda #$00
00619B  1  85 E2        		sta TIMER_LSB_E2
00619D  1  E6 E3        		inc TIMER_MSB_E3
00619F  1  D0 02        		bne L619D
0061A1  1  E6 E4        		inc TIMER_HSB_E4
0061A3  1  68           L619D:		pla
0061A4  1  A8           		tay
0061A5  1  68           		pla
0061A6  1  AA           		tax
0061A7  1  68           		pla
0061A8  1  40           		rti
0061A9  1               
0061A9  1               ;------------------------------------------------------------
0061A9  1               ;
0061A9  1               ;------------------------------------------------------------
0061A9  1  4C 0B 62     L61A3:		jmp L6205
0061AC  1               
0061AC  1               ;------------------------------------------------------------
0061AC  1               ;
0061AC  1               ;------------------------------------------------------------
0061AC  1  A6 CC        L61A6:		ldx L00CC
0061AE  1  A4 CB        		ldy L00CB
0061B0  1  C0 4A        		cpy #$4A
0061B2  1  8A           		txa
0061B3  1  2A           		rol
0061B4  1  A8           		tay
0061B5  1  B9 2C 6B     		lda L6B2B+1,Y
0061B8  1  8D 00 D2     		sta AUDF1
0061BB  1  A5 CB        		lda L00CB
0061BD  1  38           		sec
0061BE  1  F9 10 6B     		sbc L6B10,Y
0061C1  1  85 CB        		sta L00CB
0061C3  1  B0 2A        		bcs L61E9
0061C5  1  A9 94        		lda #$94
0061C7  1  85 CB        		sta L00CB
0061C9  1  CA           		dex
0061CA  1  86 CC        		stx L00CC
0061CC  1  E0 06        		cpx #$06
0061CE  1  90 37        		bcc L6201
0061D0  1               
0061D0  1  A0 03        		ldy #$03
0061D2  1  B9 C4 00     L61CC:		lda COLBAK_SAVE_C4,Y
0061D5  1  99 15 D0     		sta COLPM3,Y
0061D8  1  B9 C4 00     L61D2:		lda COLBAK_SAVE_C4,Y
0061DB  1  99 A1 00     		sta COLBAKS_A1,Y
0061DE  1  B9 C0 00     		lda BACKGND_COLOR_C0,Y
0061E1  1  99 C4 00     		sta COLBAK_SAVE_C4,Y
0061E4  1  BD 48 6B     		lda L6B48,X
0061E7  1  99 C0 00     		sta BACKGND_COLOR_C0,Y
0061EA  1  88           		dey
0061EB  1  F0 EB        		beq L61D2
0061ED  1  10 E3        		bpl L61CC
0061EF  1               
0061EF  1  E0 07        L61E9:		cpx #$07
0061F1  1  90 14        		bcc L6201
0061F3  1  A4 CB        		ldy L00CB
0061F5  1  A9 42        L61EF:		lda #$42
0061F7  1  8D 01 D2     		sta AUDC1
0061FA  1  20 F8 53     L61F4:		jsr LIFT_DLI_53F2
0061FD  1  4C 91 61     		jmp L618B
006200  1               
006200  1               ;------------------------------------------------------------
006200  1               ;
006200  1               ;------------------------------------------------------------
006200  1  20 56 62     L61FA:		jsr L6250
006203  1  A0 FF        		ldy #$FF
006205  1  D0 F3        		bne L61F4
006207  1  A0 FF        L6201:		ldy #$FF
006209  1  D0 EA        		bne L61EF
00620B  1  A6 CC        L6205:		ldx L00CC
00620D  1  A4 CB        		ldy L00CB
00620F  1  C0 4A        		cpy #$4A
006211  1  8A           		txa
006212  1  2A           		rol
006213  1  A8           		tay
006214  1  B9 2C 6B     		lda L6B2B+1,Y
006217  1  8D 00 D2     		sta AUDF1
00621A  1  A5 CB        		lda L00CB
00621C  1  18           		clc
00621D  1  79 10 6B     		adc L6B10,Y
006220  1  85 CB        		sta L00CB
006222  1  C9 94        		cmp #$94
006224  1  90 C9        		bcc L61E9
006226  1  A9 00        		lda #$00
006228  1  85 CB        		sta L00CB
00622A  1  E8           		inx
00622B  1  86 CC        		stx L00CC
00622D  1  E0 07        		cpx #$07
00622F  1  90 D6        		bcc L6201
006231  1  E0 0E        		cpx #$0E
006233  1  F0 CB        		beq L61FA
006235  1  A0 03        		ldy #$03
006237  1  B9 C0 00     L6231:		lda BACKGND_COLOR_C0,Y
00623A  1  99 15 D0     		sta COLPM3,Y
00623D  1  B9 A1 00     L6237:		lda COLBAKS_A1,Y
006240  1  99 C4 00     		sta COLBAK_SAVE_C4,Y
006243  1  B9 C0 00     		lda BACKGND_COLOR_C0,Y
006246  1  99 A1 00     		sta COLBAKS_A1,Y
006249  1  BD 4B 6B     		lda L6B49+2,X
00624C  1  99 C0 00     		sta BACKGND_COLOR_C0,Y
00624F  1  88           		dey
006250  1  F0 EB        		beq L6237
006252  1  10 E3        		bpl L6231
006254  1  30 99        		bmi L61E9
006256  1  A0 00        L6250:		ldy #$00
006258  1  84 CA        		sty LIFT_UP_DOWN_CA
00625A  1  8C 01 D2     		sty AUDC1
00625D  1  60           		rts
00625E  1               
00625E  1               ;------------------------------------------------------------
00625E  1               ; shot sound, called from VBI
00625E  1               ;------------------------------------------------------------
00625E  1  CE 7E 62     L6258:		dec L6278
006261  1  D0 17        		bne L6274
006263  1  A9 05        		lda #$05
006265  1  8D 7E 62     		sta L6278
006268  1  BD 7E 62     		lda L6278,X
00626B  1  8D 03 D2     		sta AUDC2
00626E  1  F0 0B        		beq L6275
006270  1  E8           		inx
006271  1  BD 7E 62     		lda L6278,X
006274  1  8D 02 D2     		sta AUDF2
006277  1  E8           		inx
006278  1  86 F5        		stx SOUND_F5
00627A  1  60           L6274:		rts
00627B  1  85 F5        L6275:		sta SOUND_F5
00627D  1  60           		rts
00627E  1               
00627E  1               
00627E  1  05           L6278:      	.byte $05
00627F  1  8F 20 8F 20  		.byte $8F,$20,$8F,$20,$8F,$20,$8F,$20,$8F,$20,$8F,$20,$8F,$20,$8F
006283  1  8F 20 8F 20  
006287  1  8F 20 8F 20  
00628E  1  20 8C 20 88  		.byte $20,$8C,$20,$88,$20,$86,$20,$85,$20,$84,$20,$83,$20,$82,$20,$81
006292  1  20 86 20 85  
006296  1  20 84 20 83  
00629E  1  20 81 20 00  		.byte $20,$81,$20,$00,$AF,$20,$AC,$20,$A8,$20,$A6,$20,$A5,$20,$A4,$20
0062A2  1  AF 20 AC 20  
0062A6  1  A8 20 A6 20  
0062AE  1  A3 20 A1 20  		.byte $A3,$20,$A1,$20,$A1,$20,$00,$08,$20,$04,$20,$02,$20,$01,$20,$01
0062B2  1  A1 20 00 08  
0062B6  1  20 04 20 02  
0062BE  1  20 00 00 08  		.byte $20,$00,$00,$08,$08,$08,$08,$08,$08,$08,$08,$08,$08,$08,$08,$08
0062C2  1  08 08 08 08  
0062C6  1  08 08 08 08  
0062CE  1  08 08 08 05  		.byte $08,$08,$08,$05,$03,$02,$01,$0F,$0F,$0F,$0F,$0C,$0C,$0C,$0C,$0A
0062D2  1  03 02 01 0F  
0062D6  1  0F 0F 0F 0C  
0062DE  1  0A 0A 0A 0A  		.byte $0A,$0A,$0A,$0A,$07,$07,$07,$07,$07,$07,$07,$07,$07,$07,$07,$07
0062E2  1  07 07 07 07  
0062E6  1  07 07 07 07  
0062EE  1  0A 0C 0F 00  		.byte $0A,$0C,$0F,$00,$16,$19,$1A,$1C,$1D,$1F,$20,$3D,$3D,$3C,$3C,$3F
0062F2  1  16 19 1A 1C  
0062F6  1  1D 1F 20 3D  
0062FE  1  3F 3F 3F 3C  		.byte $3F,$3F,$3F,$3C,$3C,$3E,$3F,$3F
006302  1  3C 3E 3F 3F  
006306  1               
006306  1               R00		= $C000
006306  1               R01		= $C012
006306  1               R02		= $C034
006306  1               R03		= $C04E
006306  1               R04		= $C074
006306  1               R05		= $C086
006306  1               R06		= $C09C
006306  1               R07		= $C0A6
006306  1               R08		= $C0B8
006306  1               R09		= $C0C6
006306  1               R0A		= $C0DC
006306  1               R0B		= $C0EA
006306  1               R0C		= $C0FC
006306  1               R0D		= $C10A
006306  1               R0E		= $C118
006306  1               R0F		= $C122
006306  1               
006306  1               R10		= $C12C
006306  1               R11		= $C13E
006306  1               R12		= $C14C
006306  1               R13		= $C15A
006306  1               R14		= $C170
006306  1               R15		= $C182
006306  1               R16		= $C190
006306  1               R17		= $C19E
006306  1               R18		= $C1B0
006306  1               R19		= $C1C2
006306  1               R1A		= $C1D4
006306  1               R1B		= $C1E6
006306  1               R1C		= $C1F4
006306  1               R1D		= $C202
006306  1               R1E		= $C214
006306  1               R1F		= $C222
006306  1               
006306  1               R20		= $C23C
006306  1               R21		= $C262
006306  1               R22		= $C274
006306  1               R23		= $C286
006306  1               R24		= $C298
006306  1               R25		= $C2AA
006306  1               R26		= $C2BC
006306  1               R27		= $C2CA
006306  1               R28		= $C2DC
006306  1               R29		= $C2E6
006306  1               R2A		= $C2F0
006306  1               R2B		= $C2FE
006306  1               R2C		= $C314
006306  1               R2D		= $C322
006306  1               R2E		= $C334
006306  1               R2F		= $C33E
006306  1               
006306  1               R30		= $C34C
006306  1               R31		= $C35E
006306  1               R32		= $C36C
006306  1               R33		= $C37A
006306  1               R34		= $C384
006306  1               R35		= $C392
006306  1               R36		= $C3A0
006306  1               R37		= $C3AE
006306  1               R38		= $C3BC
006306  1               R39		= $C3C6
006306  1               R3A		= $C3D0
006306  1               R3B		= $C3DE
006306  1               R3C		= $C3EC
006306  1               R3D		= $C3FE
006306  1               R3E		= $C40C
006306  1               R3F		= $C41A
006306  1               
006306  1               R40		= $C428
006306  1               R41		= $C436
006306  1               R42		= $C444
006306  1               R43		= $C452
006306  1               R44		= $C45C		; 0  1  2  3  4  5  6  7  8  9  a  b  d  d
006306  1               R45		= $C46A		;08 a2 84 8a 00 22 03 04 00 12 20 04 04 00
006306  1               				;
006306  1               R46		= $C478
006306  1               R47		= $C48A
006306  1               R48		= $C49C
006306  1               R49		= $C4A6
006306  1               R4A		= $C4B8
006306  1               R4B		= $C4C6
006306  1               R4C		= $C4D8
006306  1               R4D		= $C4E6
006306  1               R4E		= $C4F4
006306  1               R4F		= $C506
006306  1               
006306  1               R50		= $C510
006306  1               R51		= $C51A
006306  1               R52		= $C524
006306  1               R53		= $C536
006306  1               R54		= $C548
006306  1               R55		= $C55E
006306  1               R56		= $C570
006306  1               R57		= $C582
006306  1               R58		= $C590
006306  1               R59		= $C5A2
006306  1               R5A		= $C5B0
006306  1               R5B		= $C5C2
006306  1               R5C		= $C5D4
006306  1               R5D		= $C5EA
006306  1               R5E		= $C5FC
006306  1               R5F		= $C616
006306  1               
006306  1               R60		= $C628
006306  1               R61		= $C63A
006306  1               R62		= $C648
006306  1               R63		= $C666
006306  1               R64		= $C674
006306  1               R65		= $C682
006306  1               R66		= $C694
006306  1               R67		= $C6A6
006306  1               R68		= $C6B8
006306  1               R69		= $C6CA
006306  1               R6A		= $C6DC
006306  1               R6B		= $C6EE
006306  1               R6C		= $C704
006306  1               R6D		= $C712
006306  1               R6E		= $C724
006306  1               R6F		= $C736
006306  1               
006306  1               R70		= $C74C
006306  1               R71		= $C75E
006306  1               R72		= $C778
006306  1               R73		= $C786
006306  1               R74		= $C794
006306  1               R75		= $C7A2
006306  1               R76		= $C7B0
006306  1               R77		= $C7BE
006306  1               R78		= $C7CC
006306  1               R79		= $C7DA
006306  1               R7A		= $C7E8
006306  1               R7B		= $C7F6
006306  1               R7C		= $C804
006306  1               R7D		= $C812
006306  1               R7E		= $C820
006306  1               R7F		= $C82E
006306  1               
006306  1               R80		= $C83C
006306  1               R81		= $C84A
006306  1               R82		= $C858
006306  1               R83		= $C866
006306  1               R84		= $C874
006306  1               R85		= $C882
006306  1               R86		= $C890
006306  1               R87		= $C89E
006306  1               R88		= $C8B0
006306  1               R89		= $C8BA
006306  1               R8A		= $C8C8
006306  1               R8B		= $C8D6
006306  1               R8C		= $C8E4
006306  1               R8D		= $C8FE
006306  1               R8E		= $C90C
006306  1               R8F		= $C91A
006306  1               
006306  1               R90		= $C928
006306  1               R91		= $C93A
006306  1               R92		= $C948
006306  1               R93		= $C956
006306  1               R94		= $C968
006306  1               R95		= $C97A
006306  1               R96		= $C990
006306  1               R97		= $C99E
006306  1               R98		= $C9AC
006306  1               R99		= $C9C6
006306  1               R9A		= $C9D0
006306  1               R9B		= $C9E2
006306  1               R9C		= $C9FC
006306  1               R9D		= $CA1A
006306  1               R9E		= $CA28
006306  1               R9F		= $CA36
006306  1               
006306  1               RA0		= $CA40
006306  1               RA1		= $CA5E
006306  1               RA2		= $CA68
006306  1               RA3		= $CA72
006306  1               RA4		= $CA7C
006306  1               RA5		= $CA86
006306  1               RA6		= $CA90
006306  1               RA7		= $CA9A
006306  1               RA8		= $CAA4
006306  1               RA9		= $CAC6
006306  1               RAA		= $CAD8
006306  1               RAB		= $CAEE
006306  1               RAC		= $CB04
006306  1               RAD		= $CB16
006306  1               
006306  1               ;12 * 16 rooms = 192
006306  1               
006306  1               ROOM_STRUCT_PTR_LO_L6300:
006306  1  00 00 12 34  		.byte <R00,<R00,<R01,<R02,<R03,<R04,<R05,<R06,<R07,<R08,<R09,<R0A,<R0B,<R0C,<R0D,<R0E
00630A  1  4E 74 86 9C  
00630E  1  A6 B8 C6 DC  
006316  1  22 2C 3E 4C  		.byte <R0F,<R10,<R11,<R12,<R13,<R14,<R15,<R16,<R17,<R18,<R19,<R1A,<R1B,<R1C,<R1D,<R1E
00631A  1  5A 70 82 90  
00631E  1  9E B0 C2 D4  
006326  1  22 3C 62 74  		.byte <R1F,<R20,<R21,<R22,<R23,<R24,<R25,<R26,<R27,<R28,<R29,<R2A,<R2B,<R2C,<R2D,<R2E
00632A  1  86 98 AA BC  
00632E  1  CA DC E6 F0  
006336  1  3E 4C 5E 6C  		.byte <R2F,<R30,<R31,<R32,<R33,<R34,<R35,<R36,<R37,<R38,<R39,<R3A,<R3B,<R3C,<R3D,<R3E
00633A  1  7A 84 92 A0  
00633E  1  AE BC C6 D0  
006346  1  1A 28 36 44  		.byte <R3F,<R40,<R41,<R42,<R43,<R44,<R45,<R46,<R47,<R48,<R49,<R4A,<R4B,<R4C,<R4D,<R4E
00634A  1  52 5C 6A 78  
00634E  1  8A 9C A6 B8  
006356  1  06 10 1A 24  		.byte <R4F,<R50,<R51,<R52,<R53,<R54,<R55,<R56,<R57,<R58,<R59,<R5A,<R5B,<R5C,<R5D,<R5E
00635A  1  36 48 5E 70  
00635E  1  82 90 A2 B0  
006366  1  16 28 3A 48  		.byte <R5F,<R60,<R61,<R62,<R63,<R64,<R65,<R66,<R67,<R68,<R69,<R6A,<R6B,<R6C,<R6D,<R6E
00636A  1  66 74 82 94  
00636E  1  A6 B8 CA DC  
006376  1  36 4C 5E 78  		.byte <R6F,<R70,<R71,<R72,<R73,<R74,<R75,<R76,<R77,<R78,<R79,<R7A,<R7B,<R7C,<R7D,<R7E
00637A  1  86 94 A2 B0  
00637E  1  BE CC DA E8  
006386  1  2E 3C 4A 58  		.byte <R7F,<R80,<R81,<R82,<R83,<R84,<R85,<R86,<R87,<R88,<R89,<R8A,<R8B,<R8C,<R8D,<R8E
00638A  1  66 74 82 90  
00638E  1  9E B0 BA C8  
006396  1  1A 28 3A 48  		.byte <R8F,<R90,<R91,<R92,<R93,<R94,<R95,<R96,<R97,<R98,<R99,<R9A,<R9B,<R9C,<R9D,<R9E
00639A  1  56 68 7A 90  
00639E  1  9E AC C6 D0  
0063A6  1  36 40 5E 68  		.byte <R9F,<RA0,<RA1,<RA2,<RA3,<RA4,<RA5,<RA6,<RA7,<RA8,<RA9,<RAA,<RAB,<RAC,<RAD,<R00
0063AA  1  72 7C 86 90  
0063AE  1  9A A4 C6 D8  
0063B6  1  00 00 00 00  		.byte <R00,<R00,<R00,<R00,<R00,<R00,<R00,<R00,<R00,<R00,<R00,<R00,<R00,<R00,<R00,<R00
0063BA  1  00 00 00 00  
0063BE  1  00 00 00 00  
0063C6  1               
0063C6  1               ROOM_STRUCT_PTR_HI_L63C0:
0063C6  1  C0 C0 C0 C0  		.byte >R00,>R00,>R01,>R02,>R03,>R04,>R05,>R06,>R07,>R08,>R09,>R0A,>R0B,>R0C,>R0D,>R0E	;0
0063CA  1  C0 C0 C0 C0  
0063CE  1  C0 C0 C0 C0  
0063D6  1  C1 C1 C1 C1  		.byte >R0F,>R10,>R11,>R12,>R13,>R14,>R15,>R16,>R17,>R18,>R19,>R1A,>R1B,>R1C,>R1D,>R1E	;1
0063DA  1  C1 C1 C1 C1  
0063DE  1  C1 C1 C1 C1  
0063E6  1  C2 C2 C2 C2  		.byte >R1F,>R20,>R21,>R22,>R23,>R24,>R25,>R26,>R27,>R28,>R29,>R2A,>R2B,>R2C,>R2D,>R2E	;2
0063EA  1  C2 C2 C2 C2  
0063EE  1  C2 C2 C2 C2  
0063F6  1  C3 C3 C3 C3  		.byte >R2F,>R30,>R31,>R32,>R33,>R34,>R35,>R36,>R37,>R38,>R39,>R3A,>R3B,>R3C,>R3D,>R3E	;3
0063FA  1  C3 C3 C3 C3  
0063FE  1  C3 C3 C3 C3  
006406  1  C4 C4 C4 C4  		.byte >R3F,>R40,>R41,>R42,>R43,>R44,>R45,>R46,>R47,>R48,>R49,>R4A,>R4B,>R4C,>R4D,>R4E	;4
00640A  1  C4 C4 C4 C4  
00640E  1  C4 C4 C4 C4  
006416  1  C5 C5 C5 C5  		.byte >R4F,>R50,>R51,>R52,>R53,>R54,>R55,>R56,>R57,>R58,>R59,>R5A,>R5B,>R5C,>R5D,>R5E	;5
00641A  1  C5 C5 C5 C5  
00641E  1  C5 C5 C5 C5  
006426  1  C6 C6 C6 C6  		.byte >R5F,>R60,>R61,>R62,>R63,>R64,>R65,>R66,>R67,>R68,>R69,>R6A,>R6B,>R6C,>R6D,>R6E	;6
00642A  1  C6 C6 C6 C6  
00642E  1  C6 C6 C6 C6  
006436  1  C7 C7 C7 C7  		.byte >R6F,>R70,>R71,>R72,>R73,>R74,>R75,>R76,>R77,>R78,>R79,>R7A,>R7B,>R7C,>R7D,>R7E	;7
00643A  1  C7 C7 C7 C7  
00643E  1  C7 C7 C7 C7  
006446  1  C8 C8 C8 C8  		.byte >R7F,>R80,>R81,>R82,>R83,>R84,>R85,>R86,>R87,>R88,>R89,>R8A,>R8B,>R8C,>R8D,>R8E	;8
00644A  1  C8 C8 C8 C8  
00644E  1  C8 C8 C8 C8  
006456  1  C9 C9 C9 C9  		.byte >R8F,>R90,>R91,>R92,>R93,>R94,>R95,>R96,>R97,>R98,>R99,>R9A,>R9B,>R9C,>R9D,>R9E	;9
00645A  1  C9 C9 C9 C9  
00645E  1  C9 C9 C9 C9  
006466  1  CA CA CA CA  		.byte >R9F,>RA0,>RA1,>RA2,>RA3,>RA4,>RA5,>RA6,>RA7,>RA8,>RA9,>RAA,>RAB,>RAC,>RAD,>R00	;A
00646A  1  CA CA CA CA  
00646E  1  CA CA CA CA  
006476  1  C0 C0 C0 C0  		.byte >R00,>R00,>R00,>R00,>R00,>R00,>R00,>R00,>R00,>R00,>R00,>R00,>R00,>R00,>R00,>R00	;B
00647A  1  C0 C0 C0 C0  
00647E  1  C0 C0 C0 C0  
006486  1               
006486  1               L6320		= $6320
006486  1               
006486  1               OBJ_X_MSB_L6480:
006486  1  6F 96 7F 04  		.byte $6F,$96,$7F,$04,$0A,$03,$01,$08,$73,$00,$88,$00,$01,$01,$00,$89
00648A  1  0A 03 01 08  
00648E  1  73 00 88 00  
006496  1  04 01 01 02  		.byte $04,$01,$01,$02,$04,$03,$01,$05,$02,$04,$03,$03,$04,$03,$03,$05
00649A  1  04 03 01 05  
00649E  1  02 04 03 03  
0064A6  1  06 0A 02 02  		.byte $06,$0A,$02,$02,$04,$02,$05,$00,$04,$06,$05,$06,$03,$05,$02,$05
0064AA  1  04 02 05 00  
0064AE  1  04 06 05 06  
0064B6  1  00 03 83 01  		.byte $00,$03,$83,$01,$03,$02,$03,$03,$03,$00,$04,$01,$00,$72,$72,$70
0064BA  1  03 02 03 03  
0064BE  1  03 00 04 01  
0064C6  1               OBJ_Y_MSB_L64C0:
0064C6  1  80 00 00 00  		.byte $80,$00,$00,$00,$00,$00,$00,$00,$FF,$00,$00,$00,$00,$00,$00,$B2
0064CA  1  00 00 00 00  
0064CE  1  FF 00 00 00  
0064D6  1  00 00 00 00  		.byte $00,$00,$00,$00,$00,$00,$00,$00,$00,$00,$00,$00,$00,$00,$00,$00
0064DA  1  00 00 00 00  
0064DE  1  00 00 00 00  
0064E6  1  00 00 00 00  		.byte $00,$00,$00,$00,$00,$00,$00,$00,$00,$00,$00,$00,$00,$00,$00,$00
0064EA  1  00 00 00 00  
0064EE  1  00 00 00 00  
0064F6  1  00 00 00 00  		.byte $00,$00,$00,$00,$00,$00,$00,$00,$00,$00,$00,$00,$00,$00,$00,$FC
0064FA  1  00 00 00 00  
0064FE  1  00 00 00 00  
006506  1               OBJ_Z_MSB_L6500:
006506  1  3B 8B 80 08  		.byte $3B,$8B,$80,$08,$04,$08,$04,$08,$8E,$03,$88,$03,$03,$00,$00,$89
00650A  1  04 08 04 08  
00650E  1  8E 03 88 03  
006516  1  01 01 00 02  		.byte $01,$01,$00,$02,$02,$02,$01,$01,$00,$02,$02,$02,$02,$02,$00,$01
00651A  1  02 02 01 01  
00651E  1  00 02 02 02  
006526  1  02 01 01 02  		.byte $02,$01,$01,$02,$03,$04,$02,$01,$02,$04,$03,$03,$02,$02,$04,$03
00652A  1  03 04 02 01  
00652E  1  02 04 03 03  
006536  1  04 00 8D 00  		.byte $04,$00,$8D,$00,$06,$02,$02,$00,$57,$01,$00,$00,$06,$72,$72,$70
00653A  1  06 02 02 00  
00653E  1  57 01 00 00  
006546  1               OBJ_X_HSB_L6540:
006546  1  00 08 0C 00  		.byte $00,$08,$0C,$00,$00,$00,$00,$00,$03,$00,$08,$00,$00,$00,$00,$08
00654A  1  00 00 00 00  
00654E  1  03 00 08 00  
006556  1  00 00 00 00  		.byte $00,$00,$00,$00,$00,$00,$00,$00,$00,$00,$00,$00,$00,$00,$00,$00
00655A  1  00 00 00 00  
00655E  1  00 00 00 00  
006566  1  00 00 00 00  		.byte $00,$00,$00,$00,$00,$00,$00,$00,$00,$00,$00,$00,$00,$00,$00,$00
00656A  1  00 00 00 00  
00656E  1  00 00 00 00  
006576  1  00 00 DE 00  		.byte $00,$00,$DE,$00,$00,$00,$00,$00,$B5,$00,$00,$00,$00,$51,$88,$08
00657A  1  00 00 00 00  
00657E  1  B5 00 00 00  
006586  1               OBJ_Y_HSB_L6580:
006586  1  00 00 00 00  		.byte $00,$00,$00,$00,$00,$00,$00,$00,$FF,$00,$00,$00,$00,$00,$00,$FF
00658A  1  00 00 00 00  
00658E  1  FF 00 00 00  
006596  1  00 00 00 00  		.byte $00,$00,$00,$00,$00,$00,$00,$00,$00,$00,$00,$00,$00,$00,$00,$00
00659A  1  00 00 00 00  
00659E  1  00 00 00 00  
0065A6  1  00 00 00 00  		.byte $00,$00,$00,$00,$00,$00,$00,$00,$00,$00,$00,$00,$00,$00,$00,$00
0065AA  1  00 00 00 00  
0065AE  1  00 00 00 00  
0065B6  1  00 00 00 00  		.byte $00,$00,$00,$00,$00,$00,$00,$00,$00,$00,$00,$00,$00,$00,$00,$40
0065BA  1  00 00 00 00  
0065BE  1  00 00 00 00  
0065C6  1               OBJ_Z_HSB_L65C0:
0065C6  1  09 08 0D 00  		.byte $09,$08,$0D,$00,$00,$00,$00,$00,$0F,$00,$08,$00,$00,$00,$00,$08
0065CA  1  00 00 00 00  
0065CE  1  0F 00 08 00  
0065D6  1  00 00 00 00  		.byte $00,$00,$00,$00,$00,$00,$00,$00,$00,$00,$00,$00,$00,$00,$00,$00
0065DA  1  00 00 00 00  
0065DE  1  00 00 00 00  
0065E6  1  00 00 00 00  		.byte $00,$00,$00,$00,$00,$00,$00,$00,$00,$00,$00,$00,$00,$00,$00,$00
0065EA  1  00 00 00 00  
0065EE  1  00 00 00 00  
0065F6  1  00 00 0B 00  		.byte $00,$00,$0B,$00,$00,$00,$00,$00,$D9,$00,$00,$00,$00,$23,$88,$08
0065FA  1  00 00 00 00  
0065FE  1  D9 00 00 00  
006606  1               
006606  1               L65AB		= $65AB
006606  1               INT_SHIP_Z_MSB_6507		= $6507
006606  1               L6486		= $6486
006606  1               INT_SHIP_X_MSB_6487		= $6487
006606  1               INT_SHIP_Z_HSB_65C7		= $65C7
006606  1               INT_SHIP_X_HSB_6547		= $6547
006606  1               INT_SHIP_Y_MSB_64C7		= $64C7
006606  1               INT_SHIP_Y_HSB_6587		= $6587
006606  1               
006606  1               STRUCTURE_POINTER_LO_L6600:
006606  1  24 CD EE A7  		.byte $24,$CD,$EE,$A7,$34,$90,$57,$03,$8B,$6F,$EA,$EE,$81,$9A,$2F,$30
00660A  1  34 90 57 03  
00660E  1  8B 6F EA EE  
006616  1  9A 77 5B 98  		.byte $9A,$77,$5B,$98,$00,$55,$34,$34,$55,$06,$D4,$4D,$24,$5A,$39,$5D
00661A  1  00 55 34 34  
00661E  1  55 06 D4 4D  
006626  1  5A 0A 01 49  		.byte $5A,$0A,$01,$49,$74,$90,$06,$B8,$24,$6A,$FF,$25,$55,$B0,$39,$48
00662A  1  74 90 06 B8  
00662E  1  24 6A FF 25  
006636  1  5D E7 72 CD  		.byte $5D,$E7,$72,$CD,$77,$7F,$D3,$34,$EE,$FC,$3A,$00,$73,$B8,$39,$A4
00663A  1  77 7F D3 34  
00663E  1  EE FC 3A 00  
006646  1  39 E9 4A EF  		.byte $39,$E9,$4A,$EF,$2B,$51,$EE,$5B,$BA,$D8,$BA,$5B,$BA,$7C,$45,$06
00664A  1  2B 51 EE 5B  
00664E  1  BA D8 BA 5B  
006656  1  9A 77 77 77  		.byte $9A,$77,$77,$77,$77,$26,$77,$77,$77,$A7,$77,$77,$77,$55,$00,$06
00665A  1  77 26 77 77  
00665E  1  77 A7 77 77  
006666  1  39 A0 2F 74  		.byte $39,$A0,$2F,$74,$3E,$82,$21,$C1,$2B,$A7,$BA,$25,$BA,$30,$5D,$4B
00666A  1  3E 82 21 C1  
00666E  1  2B A7 BA 25  
006676  1  B8 F0 03 6A  		.byte $B8,$F0,$03,$6A,$6A,$34,$EA,$21,$D1,$EE,$FF,$3A,$26,$76,$5D,$4E
00667A  1  6A 34 EA 21  
00667E  1  D1 EE FF 3A  
006686  1  5D A0 F4 8D  		.byte $5D,$A0,$F4,$8D,$F6,$82,$95,$00,$44,$CD,$A8,$6A,$6B,$BA,$00,$C1
00668A  1  F6 82 95 00  
00668E  1  44 CD A8 6A  
006696  1  49 A0 A0 FF  		.byte $49,$A0,$A0,$FF,$7F,$A0,$2B,$55,$A6,$C1,$82,$39,$24,$A0,$1B,$2F
00669A  1  7F A0 2B 55  
00669E  1  A6 C1 82 39  
0066A6  1  5D F0 4B 24  		.byte $5D,$F0,$4B,$24,$24,$82,$A8,$24,$B8,$03,$1D,$5D,$B8,$A0,$5A,$03
0066AA  1  24 82 A8 24  
0066AE  1  B8 03 1D 5D  
0066B6  1  24 E9 1D B8  		.byte $24,$E9,$1D,$B8,$FF,$76,$1D,$B8,$49,$6A,$3A,$E0,$00,$26,$5A,$A0
0066BA  1  FF 76 1D B8  
0066BE  1  49 6A 3A E0  
0066C6  1  B8 A0 1D 5D  		.byte $B8,$A0,$1D,$5D,$39,$03,$A0,$5D,$FF,$B8,$1D,$0E,$3F,$5A,$5A,$A0
0066CA  1  39 03 A0 5D  
0066CE  1  FF B8 1D 0E  
0066D6  1  9A 77 3A 7C  		.byte $9A,$77,$3A,$7C,$E8,$3A,$EE,$A5,$6E,$7C,$25,$A7,$D3,$5A,$5A,$A0
0066DA  1  E8 3A EE A5  
0066DE  1  6E 7C 25 A7  
0066E6  1  5D A0 A0 0E  		.byte $5D,$A0,$A0,$0E,$0E,$95,$5A,$5A,$5A,$5A,$95,$5A,$5A,$5A,$5A,$F0
0066EA  1  0E 95 5A 5A  
0066EE  1  5A 5A 95 5A  
0066F6  1  6F EE E4 A7  		.byte $6F,$EE,$E4,$A7,$7C,$EE,$00,$E8,$E8,$7C,$A1,$00,$90,$55,$90,$26
0066FA  1  7C EE 00 E8  
0066FE  1  E8 7C A1 00  
006706  1               
006706  1               STRUCTURE_POINTER_HI_L6700:
006706  1  A4 A3 A4 A9  		.byte $A4,$A3,$A4,$A9,$A5,$B1,$AF,$B0,$BA,$A0,$DA,$A4,$BC,$BD,$BE,$A1
00670A  1  A5 B1 AF B0  
00670E  1  BA A0 DA A4  
006716  1  A1 A4 B5 BE  		.byte $A1,$A4,$B5,$BE,$D8,$A6,$A5,$BF,$A6,$FA,$B2,$B3,$A4,$B0,$A3,$B2
00671A  1  D8 A6 A5 BF  
00671E  1  A6 FA B2 B3  
006726  1  B0 B1 B2 A8  		.byte $B0,$B1,$B2,$A8,$DC,$B1,$FA,$A2,$A4,$A1,$B8,$FC,$A6,$AE,$A3,$B4
00672A  1  DC B1 FA A2  
00672E  1  A4 A1 B8 FC  
006736  1  A3 B4 FE A3  		.byte $A3,$B4,$FE,$A3,$A4,$D8,$B3,$A5,$A4,$D8,$A0,$D8,$FF,$A2,$A3,$AA
00673A  1  A4 D8 B3 A5  
00673E  1  A4 D8 A0 D8  
006746  1  A3 AB AC AC  		.byte $A3,$AB,$AC,$AC,$DE,$D9,$A4,$B5,$A6,$D9,$A6,$B5,$A6,$F8,$DA,$FA
00674A  1  DE D9 A4 B5  
00674E  1  A6 D9 A6 B5  
006756  1  A1 A4 A4 A4  		.byte $A1,$A4,$A4,$A4,$A4,$A9,$A4,$A4,$A4,$A9,$A4,$A4,$A4,$A6,$F8,$FA
00675A  1  A4 A9 A4 A4  
00675E  1  A4 A9 A4 A4  
006766  1  A3 AD AE DC  		.byte $A3,$AD,$AE,$DC,$AB,$A5,$AA,$A0,$DE,$A9,$A6,$FC,$A6,$A1,$A3,$BB
00676A  1  AB A5 AA A0  
00676E  1  DE A9 A6 FC  
006776  1  A2 BB BD A1  		.byte $A2,$BB,$BD,$A1,$B6,$A5,$DA,$AA,$DB,$A4,$B8,$A0,$A6,$DB,$A3,$DF
00677A  1  B6 A5 DA AA  
00677E  1  DB A4 B8 A0  
006786  1  A3 AD B7 A8  		.byte $A3,$AD,$B7,$A8,$A8,$B7,$F9,$B7,$FF,$A5,$FC,$A1,$B8,$A6,$F8,$A0
00678A  1  A8 B7 F9 B7  
00678E  1  FF A5 FC A1  
006796  1  A8 AD AD A7  		.byte $A8,$AD,$AD,$A7,$A7,$AD,$DE,$A6,$B9,$A0,$B7,$A3,$A4,$AD,$BA,$AE
00679A  1  A7 AD DE A6  
00679E  1  B9 A0 B7 A3  
0067A6  1  A3 BB BB A4  		.byte $A3,$BB,$BB,$A4,$A4,$B7,$FC,$A4,$A2,$BD,$A0,$A3,$A2,$AD,$B0,$BD
0067AA  1  A4 B7 FC A4  
0067AE  1  A2 BD A0 A3  
0067B6  1  A4 AB A0 A2  		.byte $A4,$AB,$A0,$A2,$A7,$DB,$A0,$A2,$A8,$A1,$A0,$B5,$F8,$A6,$B0,$AD
0067BA  1  A7 DB A0 A2  
0067BE  1  A8 A1 A0 B5  
0067C6  1  A2 AD A0 A3  		.byte $A2,$AD,$A0,$A3,$A3,$BD,$AD,$A3,$A7,$A2,$A0,$FE,$A2,$B0,$B0,$AD
0067CA  1  A3 BD AD A3  
0067CE  1  A7 A2 A0 FE  
0067D6  1  A1 A4 A0 F8  		.byte $A1,$A4,$A0,$F8,$F8,$A0,$DC,$FA,$FB,$F8,$FC,$A9,$A1,$B0,$B0,$AD
0067DA  1  F8 A0 DC FA  
0067DE  1  FB F8 FC A9  
0067E6  1  A3 AD AD FE  		.byte $A3,$AD,$AD,$FE,$FE,$F9,$B0,$B0,$B0,$B0,$F9,$B0,$B0,$B0,$B0,$BB
0067EA  1  FE F9 B0 B0  
0067EE  1  B0 B0 F9 B0  
0067F6  1  FD DC DE A9  		.byte $FD,$DC,$DE,$A9,$F8,$DC,$F8,$F8,$F8,$F8,$DD,$F8,$B1,$A6,$B1,$A6
0067FA  1  F8 DC F8 F8  
0067FE  1  F8 F8 DD F8  
006806  1               
006806  1               OBJECT_SHAPE_POINTER_LO_L6800:
006806  1  25 25 43 8D  		.byte $25,$25,$43,$8D,$CC,$52,$F8,$15,$5C,$25,$28,$25,$CA,$25,$5C,$CC
00680A  1  CC 52 F8 15  
00680E  1  5C 25 28 25  
006816  1  82 B1 CE F4  		.byte $82,$B1,$CE,$F4,$23,$52,$78,$B0,$E8,$06,$A6,$4C,$C4,$84,$54,$8E
00681A  1  23 52 78 B0  
00681E  1  E8 06 A6 4C  
006826  1  91 5D 5A 17  		.byte $91,$5D,$5A,$17,$12,$C9,$6A,$90,$80,$06,$74,$76,$E5,$28,$B8,$87
00682A  1  12 C9 6A 90  
00682E  1  80 06 74 76  
006836  1  FA CF 5E 0C  		.byte $FA,$CF,$5E,$0C,$BE,$61,$8F,$BF,$45,$F8,$00,$00,$F8,$4A,$4A,$8D
00683A  1  BE 61 8F BF  
00683E  1  45 F8 00 00  
006846  1               
006846  1               OBJECT_SHAPE_POINTER_HI_L6840:
006846  1  CB CB CB CB  		.byte $CB,$CB,$CB,$CB,$CB,$74,$CB,$CC,$CC,$CB,$7D,$CB,$78,$CB,$CC,$CB
00684A  1  CB 74 CB CC  
00684E  1  CC CB 7D CB  
006856  1  CC CC CC CC  		.byte $CC,$CC,$CC,$CC,$CD,$CD,$CD,$CD,$CD,$7B,$78,$79,$7A,$79,$7B,$7B
00685A  1  CD CD CD CD  
00685E  1  CD 7B 78 79  
006866  1  74 75 77 CE  		.byte $74,$75,$77,$CE,$77,$74,$7C,$7C,$77,$76,$76,$7A,$77,$78,$77,$75
00686A  1  77 74 7C 7C  
00686E  1  77 76 76 7A  
006876  1  74 7B 78 7C  		.byte $74,$7B,$78,$7C,$79,$CE,$CE,$CE,$78,$CE,$74,$74,$CE,$CF,$CF,$CF
00687A  1  79 CE CE CE  
00687E  1  78 CE 74 74  
006886  1               
006886  1               OBJ_X_LSB_L6880:
006886  1  41 E4 2E 57  		.byte $41,$E4,$2E,$57,$0E,$78,$A8,$00,$7D,$9C,$00,$9C,$61,$3C,$00,$37
00688A  1  0E 78 A8 00  
00688E  1  7D 9C 00 9C  
006896  1  E5 B7 F1 F6  		.byte $E5,$B7,$F1,$F6,$AE,$A7,$16,$C7,$1D,$28,$53,$53,$28,$53,$02,$9E
00689A  1  AE A7 16 C7  
00689E  1  1D 28 53 53  
0068A6  1  11 C0 51 B3  		.byte $11,$C0,$51,$B3,$B5,$D0,$87,$20,$4F,$85,$2E,$0B,$10,$58,$60,$8C
0068AA  1  B5 D0 87 20  
0068AE  1  4F 85 2E 0B  
0068B6  1  6E CF 05 A6  		.byte $6E,$CF,$05,$A6,$DF,$8C,$5A,$58,$DA,$00,$80,$80,$00,$00,$00,$00
0068BA  1  DF 8C 5A 58  
0068BE  1  DA 00 80 80  
0068C6  1               OBJ_Y_LSB_L68C0:
0068C6  1  01 00 00 00  		.byte $01,$00,$00,$00,$00,$00,$00,$00,$A4,$00,$00,$00,$00,$00,$00,$E6
0068CA  1  00 00 00 00  
0068CE  1  A4 00 00 00  
0068D6  1  00 00 00 00  		.byte $00,$00,$00,$00,$00,$00,$00,$00,$00,$00,$00,$00,$00,$00,$00,$00
0068DA  1  00 00 00 00  
0068DE  1  00 00 00 00  
0068E6  1  00 00 00 00  		.byte $00,$00,$00,$00,$00,$00,$00,$00,$00,$00,$00,$00,$00,$00,$00,$00
0068EA  1  00 00 00 00  
0068EE  1  00 00 00 00  
0068F6  1  00 00 00 00  		.byte $00,$00,$00,$00,$00,$00,$00,$00,$00,$00,$00,$00,$00,$00,$00,$C0
0068FA  1  00 00 00 00  
0068FE  1  00 00 00 00  
006906  1               OBJ_Z_LSB_L6900:
006906  1  A4 77 44 20  		.byte $A4,$77,$44,$20,$4B,$90,$37,$00,$2C,$72,$00,$72,$D9,$FE,$00,$0A
00690A  1  4B 90 37 00  
00690E  1  2C 72 00 72  
006916  1  65 72 BA 95  		.byte $65,$72,$BA,$95,$15,$B0,$8A,$74,$BA,$22,$27,$27,$22,$27,$FE,$8A
00691A  1  15 B0 8A 74  
00691E  1  BA 22 27 27  
006926  1  70 28 7A 7B  		.byte $70,$28,$7A,$7B,$B1,$00,$A3,$67,$2B,$5E,$8E,$5D,$3E,$13,$80,$B9
00692A  1  B1 00 A3 67  
00692E  1  2B 5E 8E 5D  
006936  1  AB B9 58 20  		.byte $AB,$B9,$58,$20,$C4,$A2,$ED,$AC,$69,$80,$00,$00,$80,$00,$00,$00
00693A  1  C4 A2 ED AC  
00693E  1  69 80 00 00  
006946  1               
006946  1               INT_SHIP_Z_LSB_6907		= $6907
006946  1               INT_SHIP_X_LSB_6887		= $6887
006946  1               INT_SHIP_Y_LSB_68C7		= $68C7
006946  1               
006946  1               ;
006946  1               ; $00 = visible from afar?
006946  1               ; room-no!
006946  1               OBJECT_ROOM_6940:
006946  1  00           		.byte $00
006947  1  00 00 07 03  L6941:		.byte $00,$00,$07,$03,$02,$36
00694B  1  02 36        
00694D  1               INT_SHIP_ROOM_6947:
00694D  1  05 FF FF 00  		.byte $05,$FF,$FF,$00,$FF,$66,$FF
006951  1  FF 66 FF     
006954  1               
006954  1  FF           L694E:		.byte $FF
006955  1  FF 4A 3E 3A  L694F:		.byte $FF,$4A,$3E,$3A,$A4,$42,$6D,$52,$39,$A6,$89,$2F,$11,$43,$45,$62,$48
006959  1  A4 42 6D 52  
00695D  1  39 A6 89 2F  
006966  1  34 9B 44 47  		.byte $34,$9B,$44,$47,$A3,$A2,$33,$A8,$09,$0C,$32,$8E,$0F,$6C,$50,$A3
00696A  1  A3 A2 33 A8  
00696E  1  09 0C 32 8E  
006976  1  58 A8 00 A8  		.byte $58,$A8,$00,$A8,$10,$29,$29,$A5,$00,$90,$6F,$62,$AB,$00,$00,$00
00697A  1  10 29 29 A5  
00697E  1  00 90 6F 62  
006986  1               
006986  1               OBJECT_DRAW_LIST_6980:
006986  1  00 3F 3E 3D  		.byte $00,$3F,$3E,$3D,$38,$32,$0A,$02,$01,$00,$00,$00,$00,$00,$00,$00
00698A  1  38 32 0A 02  
00698E  1  01 00 00 00  
006996  1  00 00 00 00  		.byte $00,$00,$00,$00,$00,$00,$00,$00,$00,$00,$00,$00,$00,$00,$00,$00
00699A  1  00 00 00 00  
00699E  1  00 00 00 00  
0069A6  1  00 00 00 00  		.byte $00,$00,$00,$00,$00,$00,$00,$00,$00,$00,$00,$00,$00,$00,$00,$00
0069AA  1  00 00 00 00  
0069AE  1  00 00 00 00  
0069B6  1  00 00 00 00  		.byte $00,$00,$00,$00,$00,$00,$00,$00,$00,$00,$00,$00,$00,$00,$00,$00
0069BA  1  00 00 00 00  
0069BE  1  00 00 00 00  
0069C6  1               
0069C6  1               ;bit 7: is in inventory?
0069C6  1               ;bit 6: unused?
0069C6  1               ;bit 5: heavy object, kitchen sink or antigrav required
0069C6  1               ;bit 4: is it takeable at all? kitchen sink required
0069C6  1               ;bit 3: boarded?
0069C6  1               ;bit 2: ?
0069C6  1               ;bit 1: unused?
0069C6  1               ;bit 0: unused?
0069C6  1               OBJECT_ATTRIBUTES_69C0:
0069C6  1  30 24 20 20  		.byte   $30,$24,$20,$20,$20,$20,$08,$24
0069CA  1  20 20 08 24  
0069CE  1  10 10 10 10  L69C8:		.byte   $10,$10,$10,$10,$04,$10,$10,$10,$08,$00,$00,$00,$00,$00,$00,$00
0069D2  1  04 10 10 10  
0069D6  1  08 00 00 00  
0069DE  1  08 08        L69D8:		.byte   $08,$08
0069E0  1  08           L69DA:		.byte   $08
0069E1  1  08           L69DB:		.byte   $08
0069E2  1  08 28 08 08  L69DC:		.byte   $08,$28,$08,$08,$08,$00,$08,$08,$00,$10,$08,$00
0069E6  1  08 00 08 08  
0069EA  1  00 10 08 00  
0069EE  1  08 08 08 08  L69E8:		.byte   $08,$08,$08,$08,$08,$08
0069F2  1  08 08        
0069F4  1  08           L69EE:		.byte   $08
0069F5  1  08           L69EF:		.byte   $08
0069F6  1  10 00 10 10  L69F0:		.byte   $10,$00,$10,$10,$10,$00,$00,$00
0069FA  1  10 00 00 00  
0069FE  1  10 10 10 10  L69F8:		.byte   $10,$10,$10,$10,$10,$10,$10,$10
006A02  1  10 10 10 10  
006A06  1               
006A06  1               GROUND_STRUCTURES_LIST_L6A00:
006A06  1  00 01 01 02  		.byte   $00,$01,$01,$02,$02,$02,$02,$03,$03,$03,$03,$03,$04,$04,$04,$04
006A0A  1  02 02 02 03  
006A0E  1  03 03 03 03  
006A16  1  04 04 04 04  		.byte	$04,$04,$04,$04,$05,$05,$05,$05,$06,$06,$06,$06,$07,$07,$07,$07
006A1A  1  05 05 05 05  
006A1E  1  06 06 06 06  
006A26  1  08 08 08 08  		.byte	$08,$08,$08,$08,$09,$09,$09,$09,$0A,$0A,$0A,$0A,$0B,$0B,$0B,$0B
006A2A  1  09 09 09 09  
006A2E  1  0A 0A 0A 0A  
006A36  1  0C 0C 0C 0C  		.byte	$0C,$0C,$0C,$0C,$0D,$0D,$0D,$0D,$0E,$0E,$0E,$0E,$0F,$0F,$0F,$0F
006A3A  1  0D 0D 0D 0D  
006A3E  1  0E 0E 0E 0E  
006A46  1  10 10 10 10  		.byte	$10,$10,$10,$10,$11,$11,$11,$11,$12,$12,$12,$12,$13,$13,$13,$13
006A4A  1  11 11 11 11  
006A4E  1  12 12 12 12  
006A56  1  14 14 14 14  		.byte	$14,$14,$14,$14,$15,$15,$15,$15,$16,$16,$16,$16,$17,$17,$17,$17
006A5A  1  15 15 15 15  
006A5E  1  16 16 16 16  
006A66  1  18 18 18 18  		.byte 	$18,$18,$18,$18,$19,$19,$19,$19,$1A,$1A,$1A,$1A,$1B,$1B,$1B,$1B
006A6A  1  19 19 19 19  
006A6E  1  1A 1A 1A 1A  
006A76  1  1C 1C 1C 1C  		.byte	$1C,$1C,$1C,$1C,$1E,$1E,$1E,$1E,$1F,$1F,$1F,$1F,$20,$20,$20,$20
006A7A  1  1E 1E 1E 1E  
006A7E  1  1F 1F 1F 1F  
006A86  1  21 21 21 21  		.byte 	$21,$21,$21,$21,$22,$22,$22,$22,$23,$23,$23,$23,$24,$24,$24,$24
006A8A  1  22 22 22 22  
006A8E  1  23 23 23 23  
006A96  1  25 25 25 25  		.byte	$25,$25,$25,$25,$26,$26,$26,$26,$27,$27,$27,$27,$28,$28,$28,$28
006A9A  1  26 26 26 26  
006A9E  1  27 27 27 27  
006AA6  1  29 29 29 29  		.byte 	$29,$29,$29,$29,$2A,$2A,$2A,$2A,$2B,$2B,$2B,$2B,$2C,$2C,$2C,$2C
006AAA  1  2A 2A 2A 2A  
006AAE  1  2B 2B 2B 2B  
006AB6  1  2D 2D 2D 2D  		.byte	$2D,$2D,$2D,$2D,$2E,$2E,$2E,$2E,$2F,$2F,$2F,$2F,$30,$30,$30,$30
006ABA  1  2E 2E 2E 2E  
006ABE  1  2F 2F 2F 2F  
006AC6  1  31 31 31 31  		.byte 	$31,$31,$31,$31,$32,$32,$32,$32,$33,$33,$33,$33,$34,$34,$34,$34
006ACA  1  32 32 32 32  
006ACE  1  33 33 33 33  
006AD6  1  35 35 35 35  		.byte	$35,$35,$35,$35,$36,$36,$36,$36,$37,$37,$37,$37,$38,$38,$38,$38
006ADA  1  36 36 36 36  
006ADE  1  37 37 37 37  
006AE6  1  39 39 39 39  		.byte 	$39,$39,$39,$39,$3A,$3A,$3A,$3A,$3B,$3B,$3B,$3B,$3C,$3C,$3C,$3C
006AEA  1  3A 3A 3A 3A  
006AEE  1  3B 3B 3B 3B  
006AF6  1  3D 3D 3D 3D  		.byte	$3D,$3D,$3D,$3D,$3E,$3E,$3E,$3E,$3F,$3F,$3F,$3F,$3F,$3F,$3F,$3F
006AFA  1  3E 3E 3E 3E  
006AFE  1  3F 3F 3F 3F  
006B06  1               
006B06  1               GROUND_STRUCTURES_LIST_L6B00:
006B06  1  00 02 04 06  		.byte	$00,$02,$04,$06,$08,$0A,$0C,$0E,$0E,$0E,$0C,$0A,$08,$06,$04,$02
006B0A  1  08 0A 0C 0E  
006B0E  1  0E 0E 0C 0A  
006B16  1  02 04 08 08  		.byte	$02,$04,$08,$08,$08,$08,$08,$08,$08,$08,$08,$08,$08,$08,$08,$08
006B1A  1  08 08 08 08  
006B1E  1  08 08 08 08  
006B26  1  08 08 08 08  		.byte	$08,$08,$08,$08,$08,$08,$08,$08,$05,$03,$02,$01,$0F,$0F,$0F,$0F
006B2A  1  08 08 08 08  
006B2E  1  05 03 02 01  
006B36  1  0C 0C 0C 0C  		.byte	$0C,$0C,$0C,$0C,$0A,$0A,$0A,$0A,$0A,$07,$07,$07,$07,$07,$07,$07
006B3A  1  0A 0A 0A 0A  
006B3E  1  0A 07 07 07  
006B46  1  07 07 07 07  		.byte	$07,$07,$07,$07,$07,$0A,$0C,$0F,$00,$3E,$AE,$1E,$5E,$CE,$1E,$02
006B4A  1  07 0A 0C 0F  
006B4E  1  00 3E AE 1E  
006B56  1  08 14 10 32  		.byte	$08,$14,$10,$32,$10,$24,$00,$00,$07,$03,$04,$01,$06,$02,$05,$9F
006B5A  1  10 24 00 00  
006B5E  1  07 03 04 01  
006B66  1  9F 00 00 00  		.byte	$9F,$00,$00,$00,$00,$9F,$9F,$97,$97,$97,$97,$00,$00,$00,$00,$40
006B6A  1  00 9F 9F 97  
006B6E  1  97 97 97 00  
006B76  1  38 08 00 40  		.byte	$38,$08,$00,$40,$38,$28,$30,$40,$18,$08,$10,$40,$18,$28,$20,$00
006B7A  1  38 28 30 40  
006B7E  1  18 08 10 40  
006B86  1  00 03 00 00  		.byte	$00,$03,$00,$00,$00,$02,$02,$00,$00,$00,$06,$04,$00,$00,$04,$0C
006B8A  1  00 02 02 00  
006B8E  1  00 00 06 04  
006B96  1  00 00 00 08  		.byte	$00,$00,$00,$08,$08,$00,$00,$00,$09,$00,$00,$00,$01,$01,$00,$01
006B9A  1  08 00 00 00  
006B9E  1  09 00 00 00  
006BA6  1  00 00 00 01  		.byte	$00,$00,$00,$01,$01,$00,$00,$00,$01,$00,$00,$00,$01,$01,$00,$00
006BAA  1  01 00 00 00  
006BAE  1  01 00 00 00  
006BB6  1  00 01 00 00  		.byte	$00,$01,$00,$00,$00,$01,$01,$00,$00,$00,$01,$01,$00,$00,$01,$30
006BBA  1  00 01 01 00  
006BBE  1  00 00 01 01  
006BC6  1  5D 8A B7 E4  		.byte	$5D,$8A,$B7,$E4,$11,$3E,$6B,$52,$52,$52,$52,$52,$53,$53,$53,$56
006BCA  1  11 3E 6B 52  
006BCE  1  52 52 52 52  
006BD6  1               
006BD6  1               ;misc data?
006BD6  1  5A 6A AA 10  		.byte	$5A,$6A,$AA,$10,$00,$0E,$14,$42,$12,$0C,$0A,$00,$42,$00,$00,$00
006BDA  1  00 0E 14 42  
006BDE  1  12 0C 0A 00  
006BE6  1  00 00 00 00  		.byte	$00,$00,$00,$00,$00,$00,$00,$00,$00,$00,$00,$1A,$00,$1C,$16,$00
006BEA  1  00 00 00 00  
006BEE  1  00 00 00 1A  
006BF6  1  18 00 00 00  		.byte	$18,$00,$00,$00,$00,$00,$00,$00,$00,$00,$00,$00,$00,$00,$00,$00
006BFA  1  00 00 00 00  
006BFE  1  00 00 00 00  
006C06  1               
006C06  1               GROUND_STRUCTURES_LIST_L6C00:
006C06  1  00 01 01 01  		.byte   $00,$01,$01,$01,$01,$01,$01,$01,$01,$01,$01,$01,$01,$01,$01,$01,$10,$10,$10,$10,$10,$10,$10,$10,$10,$10,$00,$00,$00,$00,$00,$00
006C0A  1  01 01 01 01  
006C0E  1  01 01 01 01  
006C26  1  00 00 00 00  		.byte	$00,$00,$00,$00,$24,$24,$24,$00,$00,$29,$29,$29,$29,$29,$00,$00,$00,$00,$00,$33,$33,$33,$33,$33,$33,$33,$33,$33,$33,$00,$00,$00
006C2A  1  24 24 24 00  
006C2E  1  00 29 29 29  
006C46  1  00 00 00 00  		.byte 	$00,$00,$00,$00,$44,$44,$44,$44,$44,$44,$44,$44,$44,$44,$44,$44,$50,$50,$50,$50,$50,$50,$50,$50,$50,$50,$50,$50,$50,$50,$50,$50
006C4A  1  44 44 44 44  
006C4E  1  44 44 44 44  
006C66  1  00 00 00 63  		.byte	$00,$00,$00,$63,$63,$63,$63,$63,$68,$68,$68,$68,$68,$68,$00,$00,$00,$00,$00,$73,$73,$73,$73,$73,$73,$73,$73,$73,$73,$00,$00,$00
006C6A  1  63 63 63 63  
006C6E  1  68 68 68 68  
006C86  1  00 00 00 00  		.byte 	$00,$00,$00,$00,$00,$00,$00,$00,$00,$00,$00,$8B,$8B,$8B,$8B,$8B,$00,$00,$00,$00,$00,$00,$96,$96,$96,$96,$00,$00,$00,$00,$00,$00
006C8A  1  00 00 00 00  
006C8E  1  00 00 00 8B  
006CA6  1  00 00 00 00  		.byte 	$00,$00,$00,$00,$00,$00,$00,$00,$00,$00,$00,$00,$00,$00,$00,$00,$00,$00,$00,$00,$00,$00,$00,$00,$00,$B9,$B9,$B9,$B9,$B9,$00,$00
006CAA  1  00 00 00 00  
006CAE  1  00 00 00 00  
006CC6  1  00 00 00 00  		.byte	$00,$00,$00,$00,$00,$00,$00,$00,$00,$00,$00,$00,$00,$00,$00,$00,$D0,$D0,$D0,$D0,$D0,$D0,$D0,$D0,$D0,$D0,$D0,$D0,$D0,$00,$00,$00
006CCA  1  00 00 00 00  
006CCE  1  00 00 00 00  
006CE6  1  00 00 00 00  		.byte 	$00,$00,$00,$00,$00,$00,$00,$00,$00,$00,$00,$00,$00,$00,$00,$00,$F0,$F0,$F0,$F0,$F0,$F0,$F0,$F0,$F0,$F0,$F0,$F0,$F0,$F0,$F0,$F0
006CEA  1  00 00 00 00  
006CEE  1  00 00 00 00  
006D06  1               
006D06  1               GROUND_STRUCTURES_LIST_L6D00:
006D06  1  00 0F 0F 0F  		.byte   $00,$0F,$0F,$0F,$0F,$0F,$0F,$0F,$0F,$0F,$0F,$0F,$0F,$0F,$0F,$0F,$19,$19,$19,$19,$19,$19,$19,$19,$19,$19,$00,$00,$00,$00,$00,$00
006D0A  1  0F 0F 0F 0F  
006D0E  1  0F 0F 0F 0F  
006D26  1  00 00 00 00  		.byte 	$00,$00,$00,$00,$26,$26,$26,$00,$00,$2D,$2D,$2D,$2D,$2D,$00,$00,$00,$00,$00,$3C,$3C,$3C,$3C,$3C,$3C,$3C,$3C,$3C,$3C,$00,$00,$00
006D2A  1  26 26 26 00  
006D2E  1  00 2D 2D 2D  
006D46  1  00 00 00 00  		.byte 	$00,$00,$00,$00,$4F,$4F,$4F,$4F,$4F,$4F,$4F,$4F,$4F,$4F,$4F,$4F,$5F,$5F,$5F,$5F,$5F,$5F,$5F,$5F,$5F,$5F,$5F,$5F,$5F,$5F,$5F,$5F
006D4A  1  4F 4F 4F 4F  
006D4E  1  4F 4F 4F 4F  
006D66  1  00 00 00 67  		.byte 	$00,$00,$00,$67,$67,$67,$67,$67,$6D,$6D,$6D,$6D,$6D,$6D,$00,$00,$00,$00,$00,$7C,$7C,$7C,$7C,$7C,$7C,$7C,$7C,$7C,$7C,$00,$00,$00
006D6A  1  67 67 67 67  
006D6E  1  6D 6D 6D 6D  
006D86  1  00 00 00 00  		.byte 	$00,$00,$00,$00,$00,$00,$00,$00,$00,$00,$00,$8F,$8F,$8F,$8F,$8F,$00,$00,$00,$00,$00,$00,$99,$99,$99,$99,$00,$00,$00,$00,$00,$00
006D8A  1  00 00 00 00  
006D8E  1  00 00 00 8F  
006DA6  1  00 00 00 00  		.byte 	$00,$00,$00,$00,$00,$00,$00,$00,$00,$00,$00,$00,$00,$00,$00,$00,$00,$00,$00,$00,$00,$00,$00,$00,$00,$BD,$BD,$BD,$BD,$BD,$00,$00
006DAA  1  00 00 00 00  
006DAE  1  00 00 00 00  
006DC6  1  00 00 00 00  		.byte 	$00,$00,$00,$00,$00,$00,$00,$00,$00,$00,$00,$00,$00,$00,$00,$00,$DC,$DC,$DC,$DC,$DC,$DC,$DC,$DC,$DC,$DC,$DC,$DC,$DC,$00,$00,$00
006DCA  1  00 00 00 00  
006DCE  1  00 00 00 00  
006DE6  1  00 00 00 00  		.byte 	$00,$00,$00,$00,$00,$00,$00,$00,$00,$00,$00,$00,$00,$00,$00,$00,$FF,$FF,$FF,$FF,$FF,$FF,$FF,$FF,$FF,$FF,$FF,$FF,$FF,$FF,$FF,$FF
006DEA  1  00 00 00 00  
006DEE  1  00 00 00 00  
006E06  1               
006E06  1               GROUND_STRUCTURES_LIST_L6E00:
006E06  1  00 01 02 00  		.byte   $00,$01,$02,$00,$04,$00,$00,$00,$00,$09,$0A,$0B,$00,$00,$00,$0F,$00,$01,$02,$00,$04,$00,$16,$00,$00,$09,$0A,$0B,$00,$00,$00,$0F
006E0A  1  04 00 00 00  
006E0E  1  00 09 0A 0B  
006E26  1  00 01 02 00  		.byte 	$00,$01,$02,$00,$04,$00,$16,$00,$00,$09,$0A,$0B,$00,$00,$00,$0F,$00,$01,$02,$33,$04,$00,$16,$37,$38,$00,$0A,$0B,$3C,$00,$00,$0F
006E2A  1  04 00 16 00  
006E2E  1  00 09 0A 0B  
006E46  1  00 01 02 33  		.byte 	$00,$01,$02,$33,$04,$00,$46,$37,$38,$00,$0A,$0B,$3C,$00,$00,$0F,$00,$01,$02,$33,$04,$00,$46,$37,$38,$00,$0A,$0B,$3C,$00,$00,$0F
006E4A  1  04 00 46 37  
006E4E  1  38 00 0A 0B  
006E66  1  00 01 02 33  		.byte 	$00,$01,$02,$33,$04,$00,$46,$37,$38,$00,$0A,$0B,$3C,$6D,$00,$0F,$00,$01,$02,$33,$00,$75,$76,$37,$38,$79,$0A,$0B,$3C,$6D,$00,$0F
006E6A  1  04 00 46 37  
006E6E  1  38 00 0A 0B  
006E86  1  00 01 02 00  		.byte 	$00,$01,$02,$00,$00,$75,$76,$00,$00,$79,$0A,$0B,$00,$6D,$00,$0F,$00,$01,$02,$00,$00,$75,$76,$00,$00,$79,$0A,$00,$00,$6D,$00,$0F
006E8A  1  00 75 76 00  
006E8E  1  00 79 0A 0B  
006EA6  1  00 01 02 00  		.byte 	$00,$01,$02,$00,$00,$75,$76,$00,$00,$79,$0A,$00,$00,$6D,$00,$0F,$00,$01,$02,$00,$00,$75,$76,$00,$00,$79,$0A,$00,$00,$6D,$00,$0F
006EAA  1  00 75 76 00  
006EAE  1  00 79 0A 00  
006EC6  1  00 01 02 00  		.byte 	$00,$01,$02,$00,$00,$75,$76,$00,$00,$00,$0A,$00,$00,$00,$00,$0F,$00,$01,$02,$00,$00,$75,$76,$00,$00,$00,$0A,$00,$00,$00,$00,$0F
006ECA  1  00 75 76 00  
006ECE  1  00 00 0A 00  
006EE6  1  00 01 02 00  		.byte 	$00,$01,$02,$00,$00,$75,$00,$00,$00,$00,$0A,$00,$00,$00,$00,$0F,$00,$01,$02,$00,$00,$75,$00,$00,$00,$00,$0A,$00,$00,$00,$00,$0F
006EEA  1  00 75 00 00  
006EEE  1  00 00 0A 00  
006F06  1               
006F06  1               GROUND_STRUCTURES_LIST_L6F00:
006F06  1  00 F1 F2 00  		.byte   $00,$F1,$F2,$00,$64,$00,$00,$00,$00,$29,$FA,$8B,$00,$00,$00,$FF,$00,$F1,$F2,$00,$64,$00,$36,$00,$00,$29,$FA,$8B,$00,$00,$00,$FF
006F0A  1  64 00 00 00  
006F0E  1  00 29 FA 8B  
006F26  1  00 F1 F2 00  		.byte 	$00,$F1,$F2,$00,$64,$00,$36,$00,$00,$29,$FA,$8B,$00,$00,$00,$FF,$00,$F1,$F2,$73,$64,$00,$36,$77,$78,$00,$FA,$8B,$7C,$00,$00,$FF
006F2A  1  64 00 36 00  
006F2E  1  00 29 FA 8B  
006F46  1  00 F1 F2 73  		.byte 	$00,$F1,$F2,$73,$64,$00,$66,$77,$78,$00,$FA,$8B,$7C,$00,$00,$FF,$00,$F1,$F2,$73,$64,$00,$66,$77,$78,$00,$FA,$8B,$7C,$00,$00,$FF
006F4A  1  64 00 66 77  
006F4E  1  78 00 FA 8B  
006F66  1  00 F1 F2 73  		.byte 	$00,$F1,$F2,$73,$64,$00,$66,$77,$78,$00,$FA,$8B,$7C,$BD,$00,$FF,$00,$F1,$F2,$73,$00,$F5,$D6,$77,$78,$B9,$FA,$8B,$7C,$BD,$00,$FF
006F6A  1  64 00 66 77  
006F6E  1  78 00 FA 8B  
006F86  1  00 F1 F2 00  		.byte 	$00,$F1,$F2,$00,$00,$F5,$D6,$00,$00,$B9,$FA,$8B,$00,$BD,$00,$FF,$00,$F1,$F2,$00,$00,$F5,$D6,$00,$00,$B9,$FA,$00,$00,$BD,$00,$FF
006F8A  1  00 F5 D6 00  
006F8E  1  00 B9 FA 8B  
006FA6  1  00 F1 F2 00  		.byte 	$00,$F1,$F2,$00,$00,$F5,$D6,$00,$00,$B9,$FA,$00,$00,$BD,$00,$FF,$00,$F1,$F2,$00,$00,$F5,$D6,$00,$00,$B9,$FA,$00,$00,$BD,$00,$FF
006FAA  1  00 F5 D6 00  
006FAE  1  00 B9 FA 00  
006FC6  1  00 F1 F2 00  		.byte 	$00,$F1,$F2,$00,$00,$F5,$D6,$00,$00,$00,$FA,$00,$00,$00,$00,$FF,$00,$F1,$F2,$00,$00,$F5,$D6,$00,$00,$00,$FA,$00,$00,$00,$00,$FF
006FCA  1  00 F5 D6 00  
006FCE  1  00 00 FA 00  
006FE6  1  00 F1 F2 00  		.byte 	$00,$F1,$F2,$00,$00,$F5,$00,$00,$00,$00,$FA,$00,$00,$00,$00,$FF,$00,$F1,$F2,$00,$00,$F5,$00,$00,$00,$00,$FA,$00,$00,$00,$00,$FF
006FEA  1  00 F5 00 00  
006FEE  1  00 00 FA 00  
007006  1               
007006  1               ;
007006  1               
007006  1               L6B9F		= $6B9F
007006  1               L6B7E		= $6B7E
007006  1               L6B6F		= $6B6F
007006  1               L6B67		= $6B67
007006  1               L6B5E		= $6B5E
007006  1               L6BC5		= $6BC5
007006  1               L6BBE		= $6BBE
007006  1               L6B57		= $6B57
007006  1               OBJ_TO_DRAW_LIST_L6981		= $6981
007006  1               L6BDB		= $6BDB
007006  1               L6F88		= $6F88
007006  1               L6E88		= $6E88
007006  1               L6D88		= $6D88
007006  1               L6C88		= $6C88
007006  1               L6946		= $6946
007006  1               L6E19		= $6E19
007006  1               L6A26		= $6A26
007006  1               L6EA5		= $6EA5
007006  1               L6B8A		= $6B8A
007006  1               L6D0A		= $6D0A
007006  1               L6B10		= $6B10
007006  1               L6B2B		= $6B2B
007006  1               L6B50		= $6B50
007006  1               L6B4F		= $6B4F
007006  1               L6B48		= $6B48
007006  1               L6B4C		= $6B4C
007006  1               L6B49		= $6B49
007006  1               L6B51		= $6B51
007006  1               L6B54		= $6B54
007006  1               L6B55		= $6B55
007006  1               L6B56		= $6B56
007006  1               L6BD3		= $6BD3
007006  1               L6BCF		= $6BCF
007006  1               
